0 verbose cli C:\Program Files\nodejs\node.exe C:\Program Files\nodejs\node_modules\npm\bin\npm-cli.js
1 info using npm@11.16.0
2 info using node@v24.18.0
3 silly config load:file:C:\Program Files\nodejs\node_modules\npm\npmrc
4 silly config load:file:C:\Users\acer\Documents\Codex\2026-08-03\new-chat\outputs\gps-journey\.npmrc
5 silly config load:file:C:\Users\acer\.npmrc
6 silly config load:file:C:\Users\acer\AppData\Roaming\npm\etc\npmrc
7 verbose title npm install
8 verbose argv "install" "--cache" ".npm-cache"
9 verbose logfile logs-max:10 dir:C:\Users\acer\Documents\Codex\2026-08-03\new-chat\outputs\gps-journey\.npm-cache\_logs\2026-08-03T15_32_34_150Z-
10 verbose logfile C:\Users\acer\Documents\Codex\2026-08-03\new-chat\outputs\gps-journey\.npm-cache\_logs\2026-08-03T15_32_34_150Z-debug-0.log
11 silly logfile done cleaning log files
12 silly packumentCache heap:4496293888 maxSize:1124073472 maxEntrySize:562036736
13 silly idealTree buildDeps
14 silly fetch manifest @angular/common@^22.0.0
15 silly packumentCache full:https://registry.npmjs.org/@angular%2fcommon cache-miss
16 http fetch GET 200 https://registry.npmjs.org/npm 249ms
17 http fetch GET 200 https://registry.npmjs.org/@angular%2fcommon 398ms (cache miss)
18 silly packumentCache full:https://registry.npmjs.org/@angular%2fcommon set size:undefined disposed:false
19 silly fetch manifest @angular/core@^22.0.0
20 silly packumentCache full:https://registry.npmjs.org/@angular%2fcore cache-miss
21 http fetch GET 200 https://registry.npmjs.org/@angular%2fcore 245ms (cache miss)
22 silly packumentCache full:https://registry.npmjs.org/@angular%2fcore set size:undefined disposed:false
23 silly fetch manifest @angular/compiler@^22.0.0
24 silly packumentCache full:https://registry.npmjs.org/@angular%2fcompiler cache-miss
25 http fetch GET 200 https://registry.npmjs.org/@angular%2fcompiler 265ms (cache miss)
26 silly packumentCache full:https://registry.npmjs.org/@angular%2fcompiler set size:undefined disposed:false
27 silly fetch manifest rxjs@~7.8.0
28 silly packumentCache full:https://registry.npmjs.org/rxjs cache-miss
29 http fetch GET 200 https://registry.npmjs.org/rxjs 93ms (cache miss)
30 silly packumentCache full:https://registry.npmjs.org/rxjs set size:undefined disposed:false
31 silly fetch manifest zone.js@~0.15.0 || ~0.16.0
32 silly packumentCache full:https://registry.npmjs.org/zone.js cache-miss
33 http fetch GET 200 https://registry.npmjs.org/zone.js 298ms (cache miss)
34 silly packumentCache full:https://registry.npmjs.org/zone.js set size:undefined disposed:false
35 silly fetch manifest @angular/forms@^22.0.0
36 silly packumentCache full:https://registry.npmjs.org/@angular%2fforms cache-miss
37 http fetch GET 200 https://registry.npmjs.org/@angular%2fforms 277ms (cache miss)
38 silly packumentCache full:https://registry.npmjs.org/@angular%2fforms set size:undefined disposed:false
39 silly fetch manifest @angular/platform-browser@^22.0.0
40 silly packumentCache full:https://registry.npmjs.org/@angular%2fplatform-browser cache-miss
41 http fetch GET 200 https://registry.npmjs.org/@angular%2fplatform-browser 235ms (cache miss)
42 silly packumentCache full:https://registry.npmjs.org/@angular%2fplatform-browser set size:undefined disposed:false
43 silly fetch manifest @angular/animations@22.1.0
44 silly packumentCache full:https://registry.npmjs.org/@angular%2fanimations cache-miss
45 http fetch GET 200 https://registry.npmjs.org/@angular%2fanimations 667ms (cache miss)
46 silly packumentCache full:https://registry.npmjs.org/@angular%2fanimations set size:undefined disposed:false
47 silly fetch manifest @angular/router@^22.0.0
48 silly packumentCache full:https://registry.npmjs.org/@angular%2frouter cache-miss
49 http fetch GET 200 https://registry.npmjs.org/@angular%2frouter 343ms (cache miss)
50 silly packumentCache full:https://registry.npmjs.org/@angular%2frouter set size:undefined disposed:false
51 silly fetch manifest tslib@^2.3.0
52 silly packumentCache full:https://registry.npmjs.org/tslib cache-miss
53 http fetch GET 200 https://registry.npmjs.org/tslib 68ms (cache miss)
54 silly packumentCache full:https://registry.npmjs.org/tslib set size:undefined disposed:false
55 silly fetch manifest @angular/build@^22.0.5
56 silly packumentCache full:https://registry.npmjs.org/@angular%2fbuild cache-miss
57 http fetch GET 200 https://registry.npmjs.org/@angular%2fbuild 159ms (cache miss)
58 silly packumentCache full:https://registry.npmjs.org/@angular%2fbuild set size:undefined disposed:false
59 silly fetch manifest @angular/compiler-cli@^22.0.0
60 silly packumentCache full:https://registry.npmjs.org/@angular%2fcompiler-cli cache-miss
61 http fetch GET 200 https://registry.npmjs.org/@angular%2fcompiler-cli 389ms (cache miss)
62 silly packumentCache full:https://registry.npmjs.org/@angular%2fcompiler-cli set size:undefined disposed:false
63 silly fetch manifest typescript@~6.0.2
64 silly packumentCache full:https://registry.npmjs.org/typescript cache-miss
65 http fetch GET 200 https://registry.npmjs.org/typescript 576ms (cache miss)
66 silly packumentCache full:https://registry.npmjs.org/typescript set size:undefined disposed:false
67 silly fetch manifest @angular/localize@^22.0.0
68 silly packumentCache full:https://registry.npmjs.org/@angular%2flocalize cache-miss
69 http fetch GET 200 https://registry.npmjs.org/@angular%2flocalize 798ms (cache miss)
70 silly packumentCache full:https://registry.npmjs.org/@angular%2flocalize set size:undefined disposed:false
71 silly fetch manifest @angular/platform-server@^22.0.0
72 silly packumentCache full:https://registry.npmjs.org/@angular%2fplatform-server cache-miss
73 http fetch GET 200 https://registry.npmjs.org/@angular%2fplatform-server 776ms (cache miss)
74 silly packumentCache full:https://registry.npmjs.org/@angular%2fplatform-server set size:undefined disposed:false
75 silly fetch manifest @angular/service-worker@^22.0.0
76 silly packumentCache full:https://registry.npmjs.org/@angular%2fservice-worker cache-miss
77 http fetch GET 200 https://registry.npmjs.org/@angular%2fservice-worker 761ms (cache miss)
78 silly packumentCache full:https://registry.npmjs.org/@angular%2fservice-worker set size:undefined disposed:false
79 silly fetch manifest @angular/ssr@^22.1.2
80 silly packumentCache full:https://registry.npmjs.org/@angular%2fssr cache-miss
81 http fetch GET 200 https://registry.npmjs.org/@angular%2fssr 631ms (cache miss)
82 silly packumentCache full:https://registry.npmjs.org/@angular%2fssr set size:undefined disposed:false
83 silly fetch manifest istanbul-lib-instrument@^6.0.0
84 silly packumentCache full:https://registry.npmjs.org/istanbul-lib-instrument cache-miss
85 http fetch GET 200 https://registry.npmjs.org/istanbul-lib-instrument 310ms (cache miss)
86 silly packumentCache full:https://registry.npmjs.org/istanbul-lib-instrument set size:undefined disposed:false
87 silly fetch manifest karma@^6.4.0
88 silly packumentCache full:https://registry.npmjs.org/karma cache-miss
89 http fetch GET 200 https://registry.npmjs.org/karma 390ms (cache miss)
90 silly packumentCache full:https://registry.npmjs.org/karma set size:undefined disposed:false
91 silly fetch manifest less@^4.2.0
92 silly packumentCache full:https://registry.npmjs.org/less cache-miss
93 http fetch GET 200 https://registry.npmjs.org/less 430ms (cache miss)
94 silly packumentCache full:https://registry.npmjs.org/less set size:undefined disposed:false
95 silly fetch manifest ng-packagr@^22.0.0
96 silly packumentCache full:https://registry.npmjs.org/ng-packagr cache-miss
97 http fetch GET 200 https://registry.npmjs.org/ng-packagr 385ms (cache miss)
98 silly packumentCache full:https://registry.npmjs.org/ng-packagr set size:undefined disposed:false
99 silly fetch manifest tailwindcss@^2.0.0 || ^3.0.0 || ^4.0.0
100 silly packumentCache full:https://registry.npmjs.org/tailwindcss cache-miss
101 http fetch GET 200 https://registry.npmjs.org/tailwindcss 714ms (cache miss)
102 silly packumentCache full:https://registry.npmjs.org/tailwindcss set size:undefined disposed:false
103 silly fetch manifest postcss@^8.4.0
104 silly packumentCache full:https://registry.npmjs.org/postcss cache-miss
105 http fetch GET 200 https://registry.npmjs.org/postcss 106ms (cache miss)
106 silly packumentCache full:https://registry.npmjs.org/postcss set size:undefined disposed:false
107 silly fetch manifest rollup@^4.0.0
108 silly packumentCache full:https://registry.npmjs.org/rollup cache-miss
109 http fetch GET 200 https://registry.npmjs.org/rollup 593ms (cache miss)
110 silly packumentCache full:https://registry.npmjs.org/rollup set size:undefined disposed:false
111 silly fetch manifest vitest@^4.0.8
112 silly packumentCache full:https://registry.npmjs.org/vitest cache-miss
113 http fetch GET 200 https://registry.npmjs.org/vitest 423ms (cache miss)
114 silly packumentCache full:https://registry.npmjs.org/vitest set size:undefined disposed:false
115 silly fetch manifest @edge-runtime/vm@*
116 silly packumentCache full:https://registry.npmjs.org/@edge-runtime%2fvm cache-miss
117 http fetch GET 200 https://registry.npmjs.org/@edge-runtime%2fvm 136ms (cache miss)
118 silly packumentCache full:https://registry.npmjs.org/@edge-runtime%2fvm set size:undefined disposed:false
119 silly fetch manifest @opentelemetry/api@^1.9.0
120 silly packumentCache full:https://registry.npmjs.org/@opentelemetry%2fapi cache-miss
121 http fetch GET 200 https://registry.npmjs.org/@opentelemetry%2fapi 90ms (cache miss)
122 silly packumentCache full:https://registry.npmjs.org/@opentelemetry%2fapi set size:undefined disposed:false
123 silly fetch manifest @types/node@^20.0.0 || ^22.0.0 || >=24.0.0
124 silly packumentCache full:https://registry.npmjs.org/@types%2fnode cache-miss
125 http fetch GET 200 https://registry.npmjs.org/@types%2fnode 488ms (cache miss)
126 silly packumentCache full:https://registry.npmjs.org/@types%2fnode set size:undefined disposed:false
127 silly fetch manifest @vitest/browser-playwright@4.1.10
128 silly packumentCache full:https://registry.npmjs.org/@vitest%2fbrowser-playwright cache-miss
129 http fetch GET 200 https://registry.npmjs.org/@vitest%2fbrowser-playwright 323ms (cache miss)
130 silly packumentCache full:https://registry.npmjs.org/@vitest%2fbrowser-playwright set size:undefined disposed:false
131 silly fetch manifest playwright@*
132 silly packumentCache full:https://registry.npmjs.org/playwright cache-miss
133 http fetch GET 200 https://registry.npmjs.org/playwright 777ms (cache miss)
134 silly packumentCache full:https://registry.npmjs.org/playwright set size:undefined disposed:false
135 silly fetch manifest @vitest/browser-preview@4.1.10
136 silly packumentCache full:https://registry.npmjs.org/@vitest%2fbrowser-preview cache-miss
137 http fetch GET 200 https://registry.npmjs.org/@vitest%2fbrowser-preview 153ms (cache miss)
138 silly packumentCache full:https://registry.npmjs.org/@vitest%2fbrowser-preview set size:undefined disposed:false
139 silly fetch manifest @vitest/browser-webdriverio@4.1.10
140 silly packumentCache full:https://registry.npmjs.org/@vitest%2fbrowser-webdriverio cache-miss
141 http fetch GET 200 https://registry.npmjs.org/@vitest%2fbrowser-webdriverio 886ms (cache miss)
142 silly packumentCache full:https://registry.npmjs.org/@vitest%2fbrowser-webdriverio set size:undefined disposed:false
143 silly fetch manifest webdriverio@*
144 silly packumentCache full:https://registry.npmjs.org/webdriverio cache-miss
145 http fetch GET 200 https://registry.npmjs.org/webdriverio 201ms (cache miss)
146 silly packumentCache full:https://registry.npmjs.org/webdriverio set size:undefined disposed:false
147 silly fetch manifest puppeteer-core@>=22.x || <=24.x
148 silly packumentCache full:https://registry.npmjs.org/puppeteer-core cache-miss
149 http fetch GET 200 https://registry.npmjs.org/puppeteer-core 120ms (cache miss)
150 silly packumentCache full:https://registry.npmjs.org/puppeteer-core set size:undefined disposed:false
151 silly fetch manifest @vitest/coverage-istanbul@4.1.10
152 silly packumentCache full:https://registry.npmjs.org/@vitest%2fcoverage-istanbul cache-miss
153 http fetch GET 200 https://registry.npmjs.org/@vitest%2fcoverage-istanbul 792ms (cache miss)
154 silly packumentCache full:https://registry.npmjs.org/@vitest%2fcoverage-istanbul set size:undefined disposed:false
155 silly fetch manifest @vitest/coverage-v8@4.1.10
156 silly packumentCache full:https://registry.npmjs.org/@vitest%2fcoverage-v8 cache-miss
157 http fetch GET 200 https://registry.npmjs.org/@vitest%2fcoverage-v8 109ms (cache miss)
158 silly packumentCache full:https://registry.npmjs.org/@vitest%2fcoverage-v8 set size:undefined disposed:false
159 silly fetch manifest @vitest/browser@4.1.10
160 silly packumentCache full:https://registry.npmjs.org/@vitest%2fbrowser cache-miss
161 http fetch GET 200 https://registry.npmjs.org/@vitest%2fbrowser 109ms (cache miss)
162 silly packumentCache full:https://registry.npmjs.org/@vitest%2fbrowser set size:undefined disposed:false
163 silly fetch manifest @vitest/ui@4.1.10
164 silly packumentCache full:https://registry.npmjs.org/@vitest%2fui cache-miss
165 http fetch GET 200 https://registry.npmjs.org/@vitest%2fui 863ms (cache miss)
166 silly packumentCache full:https://registry.npmjs.org/@vitest%2fui set size:undefined disposed:false
167 silly fetch manifest happy-dom@*
168 silly packumentCache full:https://registry.npmjs.org/happy-dom cache-miss
169 http fetch GET 200 https://registry.npmjs.org/happy-dom 230ms (cache miss)
170 silly packumentCache full:https://registry.npmjs.org/happy-dom set size:undefined disposed:false
171 silly fetch manifest jsdom@*
172 silly packumentCache full:https://registry.npmjs.org/jsdom cache-miss
173 http fetch GET 200 https://registry.npmjs.org/jsdom 136ms (cache miss)
174 silly packumentCache full:https://registry.npmjs.org/jsdom set size:undefined disposed:false
175 silly fetch manifest canvas@^3.2.3
176 silly packumentCache full:https://registry.npmjs.org/canvas cache-miss
177 http fetch GET 200 https://registry.npmjs.org/canvas 76ms (cache miss)
178 silly packumentCache full:https://registry.npmjs.org/canvas set size:undefined disposed:false
179 silly fetch manifest @angular/cli@^22.0.5
180 silly packumentCache full:https://registry.npmjs.org/@angular%2fcli cache-miss
181 http fetch GET 200 https://registry.npmjs.org/@angular%2fcli 224ms (cache miss)
182 silly packumentCache full:https://registry.npmjs.org/@angular%2fcli set size:undefined disposed:false
183 silly fetch manifest prettier@^3.8.1
184 silly packumentCache full:https://registry.npmjs.org/prettier cache-miss
185 http fetch GET 200 https://registry.npmjs.org/prettier 89ms (cache miss)
186 silly packumentCache full:https://registry.npmjs.org/prettier set size:undefined disposed:false
187 silly placeDep ROOT @angular/build@22.1.2 OK for: gps-journey@0.0.0 want: ^22.0.5
188 silly placeDep ROOT tslib@2.8.1 OK for: @angular/build@22.1.2 want: ^2.3.0
189 silly placeDep ROOT typescript@6.0.3 OK for: @angular/build@22.1.2 want: >=6.0 <6.1
190 silly placeDep ROOT @angular/compiler@22.1.0 OK for: @angular/build@22.1.2 want: ^22.0.0
191 silly placeDep ROOT @angular/compiler-cli@22.1.0 OK for: @angular/build@22.1.2 want: ^22.0.0
192 silly placeDep ROOT @angular/cli@22.1.2 OK for: gps-journey@0.0.0 want: ^22.0.5
193 silly placeDep ROOT @angular/common@22.1.0 OK for: gps-journey@0.0.0 want: ^22.0.0
194 silly placeDep ROOT rxjs@7.8.2 OK for: @angular/common@22.1.0 want: ^6.5.3 || ^7.4.0
195 silly placeDep ROOT @angular/core@22.1.0 OK for: @angular/common@22.1.0 want: 22.1.0
196 silly placeDep ROOT @angular/forms@22.1.0 OK for: gps-journey@0.0.0 want: ^22.0.0
197 silly placeDep ROOT @angular/platform-browser@22.1.0 OK for: @angular/forms@22.1.0 want: 22.1.0
198 silly placeDep ROOT @angular/router@22.1.0 OK for: gps-journey@0.0.0 want: ^22.0.0
199 silly placeDep ROOT prettier@3.9.6 OK for: gps-journey@0.0.0 want: ^3.8.1
200 silly fetch manifest sass@1.101.0
201 silly packumentCache full:https://registry.npmjs.org/sass cache-miss
202 silly fetch manifest vite@8.1.5
203 silly packumentCache full:https://registry.npmjs.org/vite cache-miss
204 silly fetch manifest listr2@10.2.2
205 silly packumentCache full:https://registry.npmjs.org/listr2 cache-miss
206 silly fetch manifest mrmime@2.0.1
207 silly packumentCache full:https://registry.npmjs.org/mrmime cache-miss
208 silly fetch manifest semver@7.8.5
209 silly packumentCache full:https://registry.npmjs.org/semver cache-miss
210 silly fetch manifest esbuild@0.28.1
211 silly packumentCache full:https://registry.npmjs.org/esbuild cache-miss
212 silly fetch manifest piscina@5.2.0
213 silly packumentCache full:https://registry.npmjs.org/piscina cache-miss
214 silly fetch manifest beasties@0.4.3
215 silly packumentCache full:https://registry.npmjs.org/beasties cache-miss
216 silly fetch manifest rolldown@1.2.0
217 silly packumentCache full:https://registry.npmjs.org/rolldown cache-miss
218 silly fetch manifest picomatch@4.0.5
219 silly packumentCache full:https://registry.npmjs.org/picomatch cache-miss
220 silly fetch manifest watchpack@2.5.2
221 silly packumentCache full:https://registry.npmjs.org/watchpack cache-miss
222 http fetch GET 200 https://registry.npmjs.org/sass 127ms (cache miss)
223 silly packumentCache full:https://registry.npmjs.org/sass set size:undefined disposed:false
224 silly fetch manifest oxc-parser@0.142.0
225 silly packumentCache full:https://registry.npmjs.org/oxc-parser cache-miss
226 http fetch GET 200 https://registry.npmjs.org/semver 158ms (cache miss)
227 silly packumentCache full:https://registry.npmjs.org/semver set size:undefined disposed:false
228 silly fetch manifest tinyglobby@0.2.17
229 silly packumentCache full:https://registry.npmjs.org/tinyglobby cache-miss
230 http fetch GET 200 https://registry.npmjs.org/picomatch 171ms (cache miss)
231 silly packumentCache full:https://registry.npmjs.org/picomatch set size:undefined disposed:false
232 silly fetch manifest @babel/core@8.0.1
233 silly packumentCache full:https://registry.npmjs.org/@babel%2fcore cache-miss
234 http fetch GET 200 https://registry.npmjs.org/listr2 281ms (cache miss)
235 silly packumentCache full:https://registry.npmjs.org/listr2 set size:undefined disposed:false
236 silly fetch manifest browserslist@^4.26.0
237 silly packumentCache full:https://registry.npmjs.org/browserslist cache-miss
238 http fetch GET 200 https://registry.npmjs.org/esbuild 366ms (cache miss)
239 silly packumentCache full:https://registry.npmjs.org/esbuild set size:undefined disposed:false
240 silly fetch manifest jsonc-parser@3.3.1
241 silly packumentCache full:https://registry.npmjs.org/jsonc-parser cache-miss
242 http fetch GET 200 https://registry.npmjs.org/beasties 386ms (cache miss)
243 silly packumentCache full:https://registry.npmjs.org/beasties set size:undefined disposed:false
244 silly fetch manifest magic-string@1.0.0
245 silly packumentCache full:https://registry.npmjs.org/magic-string cache-miss
246 http fetch GET 200 https://registry.npmjs.org/piscina 393ms (cache miss)
247 silly packumentCache full:https://registry.npmjs.org/piscina set size:undefined disposed:false
248 silly fetch manifest @inquirer/confirm@6.1.1
249 silly packumentCache full:https://registry.npmjs.org/@inquirer%2fconfirm cache-miss
250 http fetch GET 200 https://registry.npmjs.org/watchpack 401ms (cache miss)
251 silly packumentCache full:https://registry.npmjs.org/watchpack set size:undefined disposed:false
252 silly fetch manifest https-proxy-agent@9.1.0
253 silly packumentCache full:https://registry.npmjs.org/https-proxy-agent cache-miss
254 http fetch GET 200 https://registry.npmjs.org/rolldown 418ms (cache miss)
255 silly packumentCache full:https://registry.npmjs.org/rolldown set size:undefined disposed:false
256 silly fetch manifest source-map-support@0.5.21
257 silly packumentCache full:https://registry.npmjs.org/source-map-support cache-miss
258 http fetch GET 200 https://registry.npmjs.org/browserslist 156ms (cache miss)
259 silly packumentCache full:https://registry.npmjs.org/browserslist set size:undefined disposed:false
260 silly fetch manifest @ampproject/remapping@2.3.0
261 silly packumentCache full:https://registry.npmjs.org/@ampproject%2fremapping cache-miss
262 http fetch GET 200 https://registry.npmjs.org/mrmime 469ms (cache miss)
263 silly packumentCache full:https://registry.npmjs.org/mrmime set size:undefined disposed:false
264 silly fetch manifest @vitejs/plugin-basic-ssl@2.3.0
265 silly packumentCache full:https://registry.npmjs.org/@vitejs%2fplugin-basic-ssl cache-miss
266 http fetch GET 200 https://registry.npmjs.org/tinyglobby 305ms (cache miss)
267 silly packumentCache full:https://registry.npmjs.org/tinyglobby set size:undefined disposed:false
268 silly fetch manifest @angular-devkit/architect@0.2201.2
269 silly packumentCache full:https://registry.npmjs.org/@angular-devkit%2farchitect cache-miss
270 http fetch GET 200 https://registry.npmjs.org/https-proxy-agent 64ms (cache miss)
271 silly packumentCache full:https://registry.npmjs.org/https-proxy-agent set size:undefined disposed:false
272 silly fetch manifest parse5-html-rewriting-stream@8.0.1
273 silly packumentCache full:https://registry.npmjs.org/parse5-html-rewriting-stream cache-miss
274 http fetch GET 200 https://registry.npmjs.org/magic-string 83ms (cache miss)
275 silly packumentCache full:https://registry.npmjs.org/magic-string set size:undefined disposed:false
276 silly fetch manifest @babel/helper-annotate-as-pure@8.0.0
277 silly packumentCache full:https://registry.npmjs.org/@babel%2fhelper-annotate-as-pure cache-miss
278 http fetch GET 200 https://registry.npmjs.org/oxc-parser 357ms (cache miss)
279 silly packumentCache full:https://registry.npmjs.org/oxc-parser set size:undefined disposed:false
280 silly fetch manifest @babel/helper-split-export-declaration@7.24.7
281 silly packumentCache full:https://registry.npmjs.org/@babel%2fhelper-split-export-declaration cache-miss
282 http fetch GET 200 https://registry.npmjs.org/@babel%2fcore 333ms (cache miss)
283 silly packumentCache full:https://registry.npmjs.org/@babel%2fcore set size:undefined disposed:false
284 silly fetch manifest lmdb@3.5.6
285 silly packumentCache full:https://registry.npmjs.org/lmdb cache-miss
286 http fetch GET 200 https://registry.npmjs.org/jsonc-parser 332ms (cache miss)
287 silly packumentCache full:https://registry.npmjs.org/jsonc-parser set size:undefined disposed:false
288 silly fetch manifest yargs@^18.0.0
289 silly packumentCache full:https://registry.npmjs.org/yargs cache-miss
290 http fetch GET 200 https://registry.npmjs.org/source-map-support 312ms (cache miss)
291 silly packumentCache full:https://registry.npmjs.org/source-map-support set size:undefined disposed:false
292 silly fetch manifest semver@^7.0.0
293 silly packumentCache full:https://registry.npmjs.org/semver cache-miss
294 http cache https://registry.npmjs.org/semver 17ms (cache hit)
295 silly packumentCache full:https://registry.npmjs.org/semver set size:246069 disposed:false
296 silly fetch manifest chokidar@^5.0.0
297 silly packumentCache full:https://registry.npmjs.org/chokidar cache-miss
298 http fetch GET 200 https://registry.npmjs.org/parse5-html-rewriting-stream 310ms (cache miss)
299 silly packumentCache full:https://registry.npmjs.org/parse5-html-rewriting-stream set size:undefined disposed:false
300 silly fetch manifest reflect-metadata@^0.2.0
301 silly packumentCache full:https://registry.npmjs.org/reflect-metadata cache-miss
302 http fetch GET 200 https://registry.npmjs.org/chokidar 77ms (cache miss)
303 silly packumentCache full:https://registry.npmjs.org/chokidar set size:undefined disposed:false
304 silly fetch manifest convert-source-map@^1.5.1
305 silly packumentCache full:https://registry.npmjs.org/convert-source-map cache-miss
306 http fetch GET 200 https://registry.npmjs.org/lmdb 372ms (cache miss)
307 silly packumentCache full:https://registry.npmjs.org/lmdb set size:undefined disposed:false
308 silly fetch manifest @jridgewell/sourcemap-codec@^1.4.14
309 silly packumentCache full:https://registry.npmjs.org/@jridgewell%2fsourcemap-codec cache-miss
310 http fetch GET 200 https://registry.npmjs.org/@vitejs%2fplugin-basic-ssl 544ms (cache miss)
311 silly packumentCache full:https://registry.npmjs.org/@vitejs%2fplugin-basic-ssl set size:undefined disposed:false
312 silly fetch manifest zod@4.4.3
313 silly packumentCache full:https://registry.npmjs.org/zod cache-miss
314 http fetch GET 200 https://registry.npmjs.org/yargs 335ms (cache miss)
315 silly packumentCache full:https://registry.npmjs.org/yargs set size:undefined disposed:false
316 silly fetch manifest yargs@18.0.0
317 silly packumentCache full:https://registry.npmjs.org/yargs cache-miss
318 http cache https://registry.npmjs.org/yargs 7ms (cache hit)
319 silly packumentCache full:https://registry.npmjs.org/yargs set size:759965 disposed:false
320 silly fetch manifest npm-package-arg@14.0.0
321 silly packumentCache full:https://registry.npmjs.org/npm-package-arg cache-miss
322 http fetch GET 200 https://registry.npmjs.org/@babel%2fhelper-split-export-declaration 636ms (cache miss)
323 silly packumentCache full:https://registry.npmjs.org/@babel%2fhelper-split-export-declaration set size:undefined disposed:false
324 silly fetch manifest @inquirer/prompts@8.5.2
325 silly packumentCache full:https://registry.npmjs.org/@inquirer%2fprompts cache-miss
326 http fetch GET 200 https://registry.npmjs.org/reflect-metadata 351ms (cache miss)
327 silly packumentCache full:https://registry.npmjs.org/reflect-metadata set size:undefined disposed:false
328 silly fetch manifest @schematics/angular@22.1.2
329 silly packumentCache full:https://registry.npmjs.org/@schematics%2fangular cache-miss
330 http fetch GET 200 https://registry.npmjs.org/@inquirer%2fconfirm 767ms (cache miss)
331 silly packumentCache full:https://registry.npmjs.org/@inquirer%2fconfirm set size:undefined disposed:false
332 silly fetch manifest @angular-devkit/core@22.1.2
333 silly packumentCache full:https://registry.npmjs.org/@angular-devkit%2fcore cache-miss
334 http fetch GET 200 https://registry.npmjs.org/@jridgewell%2fsourcemap-codec 327ms (cache miss)
335 silly packumentCache full:https://registry.npmjs.org/@jridgewell%2fsourcemap-codec set size:undefined disposed:false
336 silly fetch manifest @angular-devkit/architect@0.2201.2
337 silly packumentCache full:https://registry.npmjs.org/@angular-devkit%2farchitect cache-miss
338 http fetch GET 200 https://registry.npmjs.org/@babel%2fhelper-annotate-as-pure 778ms (cache miss)
339 silly packumentCache full:https://registry.npmjs.org/@babel%2fhelper-annotate-as-pure set size:undefined disposed:false
340 silly fetch manifest @modelcontextprotocol/sdk@1.29.0
341 silly packumentCache full:https://registry.npmjs.org/@modelcontextprotocol%2fsdk cache-miss
342 http fetch GET 200 https://registry.npmjs.org/@ampproject%2fremapping 819ms (cache miss)
343 silly packumentCache full:https://registry.npmjs.org/@ampproject%2fremapping set size:undefined disposed:false
344 silly fetch manifest @angular-devkit/schematics@22.1.2
345 silly packumentCache full:https://registry.npmjs.org/@angular-devkit%2fschematics cache-miss
346 http fetch GET 200 https://registry.npmjs.org/zod 279ms (cache miss)
347 silly packumentCache full:https://registry.npmjs.org/zod set size:undefined disposed:false
348 silly fetch manifest @listr2/prompt-adapter-inquirer@4.2.4
349 silly packumentCache full:https://registry.npmjs.org/@listr2%2fprompt-adapter-inquirer cache-miss
350 http fetch GET 200 https://registry.npmjs.org/convert-source-map 611ms (cache miss)
351 silly packumentCache full:https://registry.npmjs.org/convert-source-map set size:undefined disposed:false
352 silly fetch manifest zod@^4.0.10
353 silly packumentCache full:https://registry.npmjs.org/zod cache-miss
354 http fetch GET 200 https://registry.npmjs.org/@angular-devkit%2farchitect 1011ms (cache miss)
355 silly packumentCache full:https://registry.npmjs.org/@angular-devkit%2farchitect set size:undefined disposed:false
356 silly fetch manifest @standard-schema/spec@^1.0.0
357 silly packumentCache full:https://registry.npmjs.org/@standard-schema%2fspec cache-miss
358 http cache https://registry.npmjs.org/zod 34ms (cache hit)
359 silly packumentCache full:https://registry.npmjs.org/zod set size:3552562 disposed:false
360 http fetch GET 200 https://registry.npmjs.org/vite 1608ms (cache miss)
361 silly packumentCache full:https://registry.npmjs.org/vite set size:undefined disposed:false
362 http fetch GET 200 https://registry.npmjs.org/@modelcontextprotocol%2fsdk 514ms (cache miss)
363 silly packumentCache full:https://registry.npmjs.org/@modelcontextprotocol%2fsdk set size:undefined disposed:false
364 http fetch GET 200 https://registry.npmjs.org/@listr2%2fprompt-adapter-inquirer 526ms (cache miss)
365 silly packumentCache full:https://registry.npmjs.org/@listr2%2fprompt-adapter-inquirer set size:undefined disposed:false
366 http fetch GET 200 https://registry.npmjs.org/npm-package-arg 799ms (cache miss)
367 silly packumentCache full:https://registry.npmjs.org/npm-package-arg set size:undefined disposed:false
368 http fetch GET 200 https://registry.npmjs.org/@inquirer%2fprompts 806ms (cache miss)
369 silly packumentCache full:https://registry.npmjs.org/@inquirer%2fprompts set size:undefined disposed:false
370 http fetch GET 200 https://registry.npmjs.org/@angular-devkit%2fschematics 841ms (cache miss)
371 silly packumentCache full:https://registry.npmjs.org/@angular-devkit%2fschematics set size:undefined disposed:false
372 http fetch GET 200 https://registry.npmjs.org/@standard-schema%2fspec 643ms (cache miss)
373 silly packumentCache full:https://registry.npmjs.org/@standard-schema%2fspec set size:undefined disposed:false
374 http fetch GET 200 https://registry.npmjs.org/@schematics%2fangular 1001ms (cache miss)
375 silly packumentCache full:https://registry.npmjs.org/@schematics%2fangular set size:undefined disposed:false
376 http fetch GET 200 https://registry.npmjs.org/@angular-devkit%2fcore 1055ms (cache miss)
377 silly packumentCache full:https://registry.npmjs.org/@angular-devkit%2fcore set size:undefined disposed:false
378 http fetch GET 200 https://registry.npmjs.org/@angular-devkit%2farchitect 1041ms (cache miss)
379 silly packumentCache full:https://registry.npmjs.org/@angular-devkit%2farchitect set size:undefined disposed:false
380 silly fetch manifest @types/node@^20.19.0 || >=22.12.0
381 silly packumentCache full:https://registry.npmjs.org/@types%2fnode cache-miss
382 http cache https://registry.npmjs.org/@types%2fnode 26ms (cache hit)
383 silly packumentCache full:https://registry.npmjs.org/@types%2fnode set size:11084776 disposed:false
384 silly fetch manifest @vitejs/devtools@^0.3.0
385 silly packumentCache full:https://registry.npmjs.org/@vitejs%2fdevtools cache-miss
386 http fetch GET 200 https://registry.npmjs.org/@vitejs%2fdevtools 83ms (cache miss)
387 silly packumentCache full:https://registry.npmjs.org/@vitejs%2fdevtools set size:undefined disposed:false
388 silly fetch manifest jiti@>=1.21.0
389 silly packumentCache full:https://registry.npmjs.org/jiti cache-miss
390 http fetch GET 200 https://registry.npmjs.org/jiti 95ms (cache miss)
391 silly packumentCache full:https://registry.npmjs.org/jiti set size:undefined disposed:false
392 silly fetch manifest sass-embedded@^1.70.0
393 silly packumentCache full:https://registry.npmjs.org/sass-embedded cache-miss
394 http fetch GET 200 https://registry.npmjs.org/sass-embedded 161ms (cache miss)
395 silly packumentCache full:https://registry.npmjs.org/sass-embedded set size:undefined disposed:false
396 silly fetch manifest stylus@>=0.54.8
397 silly packumentCache full:https://registry.npmjs.org/stylus cache-miss
398 http fetch GET 200 https://registry.npmjs.org/stylus 167ms (cache miss)
399 silly packumentCache full:https://registry.npmjs.org/stylus set size:undefined disposed:false
400 silly fetch manifest sugarss@^5.0.0
401 silly packumentCache full:https://registry.npmjs.org/sugarss cache-miss
402 http fetch GET 200 https://registry.npmjs.org/sugarss 301ms (cache miss)
403 silly packumentCache full:https://registry.npmjs.org/sugarss set size:undefined disposed:false
404 silly fetch manifest terser@^5.16.0
405 silly packumentCache full:https://registry.npmjs.org/terser cache-miss
406 http fetch GET 200 https://registry.npmjs.org/terser 111ms (cache miss)
407 silly packumentCache full:https://registry.npmjs.org/terser set size:undefined disposed:false
408 silly fetch manifest tsx@^4.8.1
409 silly packumentCache full:https://registry.npmjs.org/tsx cache-miss
410 http fetch GET 200 https://registry.npmjs.org/tsx 139ms (cache miss)
411 silly packumentCache full:https://registry.npmjs.org/tsx set size:undefined disposed:false
412 silly fetch manifest yaml@^2.4.2
413 silly packumentCache full:https://registry.npmjs.org/yaml cache-miss
414 http fetch GET 200 https://registry.npmjs.org/yaml 114ms (cache miss)
415 silly packumentCache full:https://registry.npmjs.org/yaml set size:undefined disposed:false
416 silly fetch manifest @types/node@>=18
417 silly packumentCache full:https://registry.npmjs.org/@types%2fnode cache-miss
418 http cache https://registry.npmjs.org/@types%2fnode 29ms (cache hit)
419 silly packumentCache full:https://registry.npmjs.org/@types%2fnode set size:11084776 disposed:false
420 silly placeDep ROOT @ampproject/remapping@2.3.0 OK for: @angular/build@22.1.2 want: 2.3.0
421 silly placeDep ROOT @angular-devkit/architect@0.2201.2 OK for: @angular/build@22.1.2 want: 0.2201.2
422 silly placeDep ROOT @babel/core@8.0.1 OK for: @angular/build@22.1.2 want: 8.0.1
423 silly placeDep ROOT @babel/helper-annotate-as-pure@8.0.0 OK for: @angular/build@22.1.2 want: 8.0.0
424 silly placeDep ROOT @babel/helper-split-export-declaration@7.24.7 OK for: @angular/build@22.1.2 want: 7.24.7
425 silly placeDep ROOT @inquirer/confirm@6.1.1 OK for: @angular/build@22.1.2 want: 6.1.1
426 silly placeDep ROOT @vitejs/plugin-basic-ssl@2.3.0 OK for: @angular/build@22.1.2 want: 2.3.0
427 silly placeDep ROOT vite@8.1.5 OK for: @vitejs/plugin-basic-ssl@2.3.0 want: ^6.0.0 || ^7.0.0 || ^8.0.0
428 silly placeDep ROOT beasties@0.4.3 OK for: @angular/build@22.1.2 want: 0.4.3
429 silly placeDep ROOT browserslist@4.28.7 OK for: @angular/build@22.1.2 want: ^4.26.0
430 silly placeDep ROOT esbuild@0.28.1 OK for: @angular/build@22.1.2 want: 0.28.1
431 silly placeDep ROOT https-proxy-agent@9.1.0 OK for: @angular/build@22.1.2 want: 9.1.0
432 silly placeDep ROOT jsonc-parser@3.3.1 OK for: @angular/build@22.1.2 want: 3.3.1
433 silly placeDep ROOT listr2@10.2.2 OK for: @angular/build@22.1.2 want: 10.2.2
434 silly placeDep ROOT lmdb@3.5.6 OK for: @angular/build@22.1.2 want: 3.5.6
435 silly placeDep ROOT magic-string@1.0.0 OK for: @angular/build@22.1.2 want: 1.0.0
436 silly placeDep ROOT mrmime@2.0.1 OK for: @angular/build@22.1.2 want: 2.0.1
437 silly placeDep ROOT oxc-parser@0.142.0 OK for: @angular/build@22.1.2 want: 0.142.0
438 silly placeDep ROOT parse5-html-rewriting-stream@8.0.1 OK for: @angular/build@22.1.2 want: 8.0.1
439 silly placeDep ROOT picomatch@4.0.5 OK for: @angular/build@22.1.2 want: 4.0.5
440 silly placeDep ROOT piscina@5.2.0 OK for: @angular/build@22.1.2 want: 5.2.0
441 silly placeDep ROOT rolldown@1.2.0 OK for: @angular/build@22.1.2 want: 1.2.0
442 silly placeDep ROOT sass@1.101.0 OK for: @angular/build@22.1.2 want: 1.101.0
443 silly placeDep ROOT semver@7.8.5 OK for: @angular/build@22.1.2 want: 7.8.5
444 silly placeDep ROOT source-map-support@0.5.21 OK for: @angular/build@22.1.2 want: 0.5.21
445 silly placeDep ROOT tinyglobby@0.2.17 OK for: @angular/build@22.1.2 want: 0.2.17
446 silly placeDep ROOT watchpack@2.5.2 OK for: @angular/build@22.1.2 want: 2.5.2
447 silly fetch manifest @jridgewell/gen-mapping@^0.3.5
448 silly packumentCache full:https://registry.npmjs.org/@jridgewell%2fgen-mapping cache-miss
449 silly fetch manifest @jridgewell/trace-mapping@^0.3.24
450 silly packumentCache full:https://registry.npmjs.org/@jridgewell%2ftrace-mapping cache-miss
451 silly fetch manifest obug@^2.1.1
452 silly packumentCache full:https://registry.npmjs.org/obug cache-miss
453 silly fetch manifest json5@^2.2.3
454 silly packumentCache full:https://registry.npmjs.org/json5 cache-miss
455 silly fetch manifest semver@^7.7.3
456 silly packumentCache full:https://registry.npmjs.org/semver cache-hit
457 silly fetch manifest gensync@^1.0.0-beta.2
458 silly packumentCache full:https://registry.npmjs.org/gensync cache-miss
459 silly fetch manifest empathic@^2.0.1
460 silly packumentCache full:https://registry.npmjs.org/empathic cache-miss
461 silly fetch manifest @babel/types@^8.0.0
462 silly packumentCache full:https://registry.npmjs.org/@babel%2ftypes cache-miss
463 silly fetch manifest @babel/parser@^8.0.0
464 silly packumentCache full:https://registry.npmjs.org/@babel%2fparser cache-miss
465 silly fetch manifest @babel/helpers@^8.0.0
466 silly packumentCache full:https://registry.npmjs.org/@babel%2fhelpers cache-miss
467 silly fetch manifest @types/gensync@^1.0.5
468 silly packumentCache full:https://registry.npmjs.org/@types%2fgensync cache-miss
469 silly fetch manifest @babel/template@^8.0.0
470 silly packumentCache full:https://registry.npmjs.org/@babel%2ftemplate cache-miss
471 http fetch GET 200 https://registry.npmjs.org/@jridgewell%2fgen-mapping 88ms (cache miss)
472 silly packumentCache full:https://registry.npmjs.org/@jridgewell%2fgen-mapping set size:undefined disposed:false
473 silly fetch manifest @babel/traverse@^8.0.0
474 silly packumentCache full:https://registry.npmjs.org/@babel%2ftraverse cache-miss
475 http fetch GET 200 https://registry.npmjs.org/@jridgewell%2ftrace-mapping 139ms (cache miss)
476 silly packumentCache full:https://registry.npmjs.org/@jridgewell%2ftrace-mapping set size:undefined disposed:false
477 silly fetch manifest @babel/generator@^8.0.0
478 silly packumentCache full:https://registry.npmjs.org/@babel%2fgenerator cache-miss
479 http fetch GET 200 https://registry.npmjs.org/@babel%2ftraverse 136ms (cache miss)
480 silly packumentCache full:https://registry.npmjs.org/@babel%2ftraverse set size:undefined disposed:false
481 silly fetch manifest @babel/code-frame@^8.0.0
482 silly packumentCache full:https://registry.npmjs.org/@babel%2fcode-frame cache-miss
483 http fetch GET 200 https://registry.npmjs.org/@babel%2fgenerator 118ms (cache miss)
484 silly packumentCache full:https://registry.npmjs.org/@babel%2fgenerator set size:undefined disposed:false
485 silly fetch manifest convert-source-map@^2.0.0
486 silly packumentCache full:https://registry.npmjs.org/convert-source-map cache-miss
487 http cache https://registry.npmjs.org/convert-source-map 12ms (cache hit)
488 silly packumentCache full:https://registry.npmjs.org/convert-source-map set size:66997 disposed:false
489 silly fetch manifest import-meta-resolve@^4.2.0
490 silly packumentCache full:https://registry.npmjs.org/import-meta-resolve cache-miss
491 http fetch GET 200 https://registry.npmjs.org/json5 285ms (cache miss)
492 silly packumentCache full:https://registry.npmjs.org/json5 set size:undefined disposed:false
493 silly fetch manifest @babel/helper-compilation-targets@^8.0.0
494 silly packumentCache full:https://registry.npmjs.org/@babel%2fhelper-compilation-targets cache-miss
495 http fetch GET 200 https://registry.npmjs.org/obug 295ms (cache miss)
496 silly packumentCache full:https://registry.npmjs.org/obug set size:undefined disposed:false
497 silly fetch manifest @babel/types@^8.0.0
498 silly packumentCache full:https://registry.npmjs.org/@babel%2ftypes cache-miss
499 http fetch GET 200 https://registry.npmjs.org/empathic 297ms (cache miss)
500 silly packumentCache full:https://registry.npmjs.org/empathic set size:undefined disposed:false
501 silly fetch manifest @babel/types@^7.24.7
502 silly packumentCache full:https://registry.npmjs.org/@babel%2ftypes cache-miss
503 http fetch GET 200 https://registry.npmjs.org/gensync 300ms (cache miss)
504 silly packumentCache full:https://registry.npmjs.org/gensync set size:undefined disposed:false
505 silly fetch manifest @inquirer/core@^11.2.1
506 silly packumentCache full:https://registry.npmjs.org/@inquirer%2fcore cache-miss
507 http fetch GET 200 https://registry.npmjs.org/@babel%2fcode-frame 117ms (cache miss)
508 silly packumentCache full:https://registry.npmjs.org/@babel%2fcode-frame set size:undefined disposed:false
509 silly fetch manifest @inquirer/type@^4.0.7
510 silly packumentCache full:https://registry.npmjs.org/@inquirer%2ftype cache-miss
511 http fetch GET 200 https://registry.npmjs.org/@babel%2ftypes 435ms (cache miss)
512 silly packumentCache full:https://registry.npmjs.org/@babel%2ftypes set size:undefined disposed:false
513 silly fetch manifest postcss@^8.5.17
514 silly packumentCache full:https://registry.npmjs.org/postcss cache-miss
515 http fetch GET 200 https://registry.npmjs.org/@babel%2ftypes 160ms (cache miss)
516 silly packumentCache full:https://registry.npmjs.org/@babel%2ftypes set size:undefined disposed:false
517 silly fetch manifest rolldown@~1.1.5
518 silly packumentCache full:https://registry.npmjs.org/rolldown cache-miss
519 http cache https://registry.npmjs.org/postcss 21ms (cache hit)
520 silly packumentCache full:https://registry.npmjs.org/postcss set size:756623 disposed:false
521 silly fetch manifest picomatch@^4.0.5
522 silly packumentCache full:https://registry.npmjs.org/picomatch cache-miss
523 http cache https://registry.npmjs.org/picomatch 12ms (cache hit)
524 silly packumentCache full:https://registry.npmjs.org/picomatch set size:128942 disposed:false
525 silly fetch manifest tinyglobby@^0.2.17
526 silly packumentCache full:https://registry.npmjs.org/tinyglobby cache-miss
527 http cache https://registry.npmjs.org/rolldown 37ms (cache hit)
528 silly packumentCache full:https://registry.npmjs.org/rolldown set size:3775589 disposed:false
529 silly fetch manifest lightningcss@^1.32.0
530 silly packumentCache full:https://registry.npmjs.org/lightningcss cache-miss
531 http cache https://registry.npmjs.org/tinyglobby 54ms (cache hit)
532 silly packumentCache full:https://registry.npmjs.org/tinyglobby set size:54291 disposed:false
533 silly fetch manifest fsevents@~2.3.3
534 silly packumentCache full:https://registry.npmjs.org/fsevents cache-miss
535 http fetch GET 200 https://registry.npmjs.org/@babel%2ftemplate 592ms (cache miss)
536 silly packumentCache full:https://registry.npmjs.org/@babel%2ftemplate set size:undefined disposed:false
537 silly fetch manifest postcss@^8.4.49
538 silly packumentCache full:https://registry.npmjs.org/postcss cache-hit
539 silly fetch manifest css-what@^7.0.0
540 silly packumentCache full:https://registry.npmjs.org/css-what cache-miss
541 http fetch GET 200 https://registry.npmjs.org/import-meta-resolve 349ms (cache miss)
542 silly packumentCache full:https://registry.npmjs.org/import-meta-resolve set size:undefined disposed:false
543 silly fetch manifest css-select@^6.0.0
544 silly packumentCache full:https://registry.npmjs.org/css-select cache-miss
545 http fetch GET 200 https://registry.npmjs.org/@types%2fgensync 631ms (cache miss)
546 silly packumentCache full:https://registry.npmjs.org/@types%2fgensync set size:undefined disposed:false
547 silly fetch manifest domhandler@^5.0.3
548 silly packumentCache full:https://registry.npmjs.org/domhandler cache-miss
549 http fetch GET 200 https://registry.npmjs.org/@babel%2fhelpers 643ms (cache miss)
550 silly packumentCache full:https://registry.npmjs.org/@babel%2fhelpers set size:undefined disposed:false
551 silly fetch manifest picocolors@^1.1.1
552 silly packumentCache full:https://registry.npmjs.org/picocolors cache-miss
553 http fetch GET 200 https://registry.npmjs.org/@babel%2fparser 650ms (cache miss)
554 silly packumentCache full:https://registry.npmjs.org/@babel%2fparser set size:undefined disposed:false
555 silly fetch manifest htmlparser2@^10.0.0
556 silly packumentCache full:https://registry.npmjs.org/htmlparser2 cache-miss
557 http fetch GET 200 https://registry.npmjs.org/fsevents 122ms (cache miss)
558 silly packumentCache full:https://registry.npmjs.org/fsevents set size:undefined disposed:false
559 silly fetch manifest dom-serializer@^2.0.0
560 silly packumentCache full:https://registry.npmjs.org/dom-serializer cache-miss
561 http fetch GET 200 https://registry.npmjs.org/@inquirer%2fcore 367ms (cache miss)
562 silly packumentCache full:https://registry.npmjs.org/@inquirer%2fcore set size:undefined disposed:false
563 silly fetch manifest postcss-safe-parser@^7.0.1
564 silly packumentCache full:https://registry.npmjs.org/postcss-safe-parser cache-miss
565 http fetch GET 200 https://registry.npmjs.org/htmlparser2 57ms (cache miss)
566 silly packumentCache full:https://registry.npmjs.org/htmlparser2 set size:undefined disposed:false
567 silly fetch manifest postcss-media-query-parser@^0.2.3
568 silly packumentCache full:https://registry.npmjs.org/postcss-media-query-parser cache-miss
569 http fetch GET 200 https://registry.npmjs.org/@babel%2ftypes 432ms (cache miss)
570 silly packumentCache full:https://registry.npmjs.org/@babel%2ftypes set size:undefined disposed:false
571 silly fetch manifest caniuse-lite@^1.0.30001806
572 silly packumentCache full:https://registry.npmjs.org/caniuse-lite cache-miss
573 http fetch GET 200 https://registry.npmjs.org/@babel%2fhelper-compilation-targets 528ms (cache miss)
574 silly packumentCache full:https://registry.npmjs.org/@babel%2fhelper-compilation-targets set size:undefined disposed:false
575 silly fetch manifest node-releases@^2.0.51
576 silly packumentCache full:https://registry.npmjs.org/node-releases cache-miss
577 http fetch GET 200 https://registry.npmjs.org/lightningcss 295ms (cache miss)
578 silly packumentCache full:https://registry.npmjs.org/lightningcss set size:undefined disposed:false
579 silly fetch manifest electron-to-chromium@^1.5.393
580 silly packumentCache full:https://registry.npmjs.org/electron-to-chromium cache-miss
581 http fetch GET 200 https://registry.npmjs.org/css-what 304ms (cache miss)
582 silly packumentCache full:https://registry.npmjs.org/css-what set size:undefined disposed:false
583 silly fetch manifest update-browserslist-db@^1.2.3
584 silly packumentCache full:https://registry.npmjs.org/update-browserslist-db cache-miss
585 http fetch GET 200 https://registry.npmjs.org/domhandler 275ms (cache miss)
586 silly packumentCache full:https://registry.npmjs.org/domhandler set size:undefined disposed:false
587 silly fetch manifest baseline-browser-mapping@^2.10.44
588 silly packumentCache full:https://registry.npmjs.org/baseline-browser-mapping cache-miss
589 http fetch GET 200 https://registry.npmjs.org/css-select 286ms (cache miss)
590 silly packumentCache full:https://registry.npmjs.org/css-select set size:undefined disposed:false
591 silly fetch manifest @esbuild/aix-ppc64@0.28.1
592 silly packumentCache full:https://registry.npmjs.org/@esbuild%2faix-ppc64 cache-miss
593 http fetch GET 200 https://registry.npmjs.org/picocolors 289ms (cache miss)
594 silly packumentCache full:https://registry.npmjs.org/picocolors set size:undefined disposed:false
595 silly fetch manifest @esbuild/android-arm@0.28.1
596 silly packumentCache full:https://registry.npmjs.org/@esbuild%2fandroid-arm cache-miss
597 http fetch GET 200 https://registry.npmjs.org/dom-serializer 283ms (cache miss)
598 silly packumentCache full:https://registry.npmjs.org/dom-serializer set size:undefined disposed:false
599 silly fetch manifest @esbuild/android-arm64@0.28.1
600 silly packumentCache full:https://registry.npmjs.org/@esbuild%2fandroid-arm64 cache-miss
601 http fetch GET 200 https://registry.npmjs.org/postcss-safe-parser 291ms (cache miss)
602 silly packumentCache full:https://registry.npmjs.org/postcss-safe-parser set size:undefined disposed:false
603 silly fetch manifest @esbuild/android-x64@0.28.1
604 silly packumentCache full:https://registry.npmjs.org/@esbuild%2fandroid-x64 cache-miss
605 http fetch GET 200 https://registry.npmjs.org/baseline-browser-mapping 76ms (cache miss)
606 silly packumentCache full:https://registry.npmjs.org/baseline-browser-mapping set size:undefined disposed:false
607 silly fetch manifest @esbuild/darwin-arm64@0.28.1
608 silly packumentCache full:https://registry.npmjs.org/@esbuild%2fdarwin-arm64 cache-miss
609 http fetch GET 200 https://registry.npmjs.org/postcss-media-query-parser 283ms (cache miss)
610 silly packumentCache full:https://registry.npmjs.org/postcss-media-query-parser set size:undefined disposed:false
611 silly fetch manifest @esbuild/darwin-x64@0.28.1
612 silly packumentCache full:https://registry.npmjs.org/@esbuild%2fdarwin-x64 cache-miss
613 http fetch GET 200 https://registry.npmjs.org/@esbuild%2fandroid-arm64 74ms (cache miss)
614 silly packumentCache full:https://registry.npmjs.org/@esbuild%2fandroid-arm64 set size:undefined disposed:false
615 silly fetch manifest @esbuild/freebsd-arm64@0.28.1
616 silly packumentCache full:https://registry.npmjs.org/@esbuild%2ffreebsd-arm64 cache-miss
617 http fetch GET 200 https://registry.npmjs.org/@esbuild%2fdarwin-arm64 94ms (cache miss)
618 silly packumentCache full:https://registry.npmjs.org/@esbuild%2fdarwin-arm64 set size:undefined disposed:false
619 silly fetch manifest @esbuild/freebsd-x64@0.28.1
620 silly packumentCache full:https://registry.npmjs.org/@esbuild%2ffreebsd-x64 cache-miss
621 http fetch GET 200 https://registry.npmjs.org/@esbuild%2fdarwin-x64 92ms (cache miss)
622 silly packumentCache full:https://registry.npmjs.org/@esbuild%2fdarwin-x64 set size:undefined disposed:false
623 silly fetch manifest @esbuild/linux-arm@0.28.1
624 silly packumentCache full:https://registry.npmjs.org/@esbuild%2flinux-arm cache-miss
625 http fetch GET 200 https://registry.npmjs.org/@inquirer%2ftype 759ms (cache miss)
626 silly packumentCache full:https://registry.npmjs.org/@inquirer%2ftype set size:undefined disposed:false
627 silly fetch manifest @esbuild/linux-arm64@0.28.1
628 silly packumentCache full:https://registry.npmjs.org/@esbuild%2flinux-arm64 cache-miss
629 http fetch GET 200 https://registry.npmjs.org/@esbuild%2flinux-arm 180ms (cache miss)
630 silly packumentCache full:https://registry.npmjs.org/@esbuild%2flinux-arm set size:undefined disposed:false
631 silly fetch manifest @esbuild/linux-ia32@0.28.1
632 silly packumentCache full:https://registry.npmjs.org/@esbuild%2flinux-ia32 cache-miss
633 http fetch GET 200 https://registry.npmjs.org/node-releases 470ms (cache miss)
634 silly packumentCache full:https://registry.npmjs.org/node-releases set size:undefined disposed:false
635 silly fetch manifest @esbuild/linux-loong64@0.28.1
636 silly packumentCache full:https://registry.npmjs.org/@esbuild%2flinux-loong64 cache-miss
637 http fetch GET 200 https://registry.npmjs.org/@esbuild%2flinux-arm64 197ms (cache miss)
638 silly packumentCache full:https://registry.npmjs.org/@esbuild%2flinux-arm64 set size:undefined disposed:false
639 silly fetch manifest @esbuild/linux-mips64el@0.28.1
640 silly packumentCache full:https://registry.npmjs.org/@esbuild%2flinux-mips64el cache-miss
641 http fetch GET 200 https://registry.npmjs.org/update-browserslist-db 417ms (cache miss)
642 silly packumentCache full:https://registry.npmjs.org/update-browserslist-db set size:undefined disposed:false
643 silly fetch manifest @esbuild/linux-ppc64@0.28.1
644 silly packumentCache full:https://registry.npmjs.org/@esbuild%2flinux-ppc64 cache-miss
645 http fetch GET 200 https://registry.npmjs.org/caniuse-lite 596ms (cache miss)
646 silly packumentCache full:https://registry.npmjs.org/caniuse-lite set size:undefined disposed:false
647 silly fetch manifest @esbuild/linux-riscv64@0.28.1
648 silly packumentCache full:https://registry.npmjs.org/@esbuild%2flinux-riscv64 cache-miss
649 http fetch GET 200 https://registry.npmjs.org/@esbuild%2flinux-ia32 121ms (cache miss)
650 silly packumentCache full:https://registry.npmjs.org/@esbuild%2flinux-ia32 set size:undefined disposed:false
651 silly fetch manifest @esbuild/linux-s390x@0.28.1
652 silly packumentCache full:https://registry.npmjs.org/@esbuild%2flinux-s390x cache-miss
653 http fetch GET 200 https://registry.npmjs.org/@esbuild%2ffreebsd-arm64 391ms (cache miss)
654 silly packumentCache full:https://registry.npmjs.org/@esbuild%2ffreebsd-arm64 set size:undefined disposed:false
655 silly fetch manifest @esbuild/linux-x64@0.28.1
656 silly packumentCache full:https://registry.npmjs.org/@esbuild%2flinux-x64 cache-miss
657 http fetch GET 200 https://registry.npmjs.org/@esbuild%2flinux-mips64el 107ms (cache miss)
658 silly packumentCache full:https://registry.npmjs.org/@esbuild%2flinux-mips64el set size:undefined disposed:false
659 silly fetch manifest @esbuild/netbsd-arm64@0.28.1
660 silly packumentCache full:https://registry.npmjs.org/@esbuild%2fnetbsd-arm64 cache-miss
661 http fetch GET 200 https://registry.npmjs.org/@esbuild%2faix-ppc64 540ms (cache miss)
662 silly packumentCache full:https://registry.npmjs.org/@esbuild%2faix-ppc64 set size:undefined disposed:false
663 silly fetch manifest @esbuild/netbsd-x64@0.28.1
664 silly packumentCache full:https://registry.npmjs.org/@esbuild%2fnetbsd-x64 cache-miss
665 http fetch GET 200 https://registry.npmjs.org/@esbuild%2ffreebsd-x64 387ms (cache miss)
666 silly packumentCache full:https://registry.npmjs.org/@esbuild%2ffreebsd-x64 set size:undefined disposed:false
667 silly fetch manifest @esbuild/openbsd-arm64@0.28.1
668 silly packumentCache full:https://registry.npmjs.org/@esbuild%2fopenbsd-arm64 cache-miss
669 http fetch GET 200 https://registry.npmjs.org/@esbuild%2flinux-x64 91ms (cache miss)
670 silly packumentCache full:https://registry.npmjs.org/@esbuild%2flinux-x64 set size:undefined disposed:false
671 silly fetch manifest @esbuild/openbsd-x64@0.28.1
672 silly packumentCache full:https://registry.npmjs.org/@esbuild%2fopenbsd-x64 cache-miss
673 http fetch GET 200 https://registry.npmjs.org/@esbuild%2flinux-s390x 107ms (cache miss)
674 silly packumentCache full:https://registry.npmjs.org/@esbuild%2flinux-s390x set size:undefined disposed:false
675 silly fetch manifest @esbuild/openharmony-arm64@0.28.1
676 silly packumentCache full:https://registry.npmjs.org/@esbuild%2fopenharmony-arm64 cache-miss
677 http fetch GET 200 https://registry.npmjs.org/electron-to-chromium 701ms (cache miss)
678 silly packumentCache full:https://registry.npmjs.org/electron-to-chromium set size:undefined disposed:false
679 silly fetch manifest @esbuild/sunos-x64@0.28.1
680 silly packumentCache full:https://registry.npmjs.org/@esbuild%2fsunos-x64 cache-miss
681 http fetch GET 200 https://registry.npmjs.org/@esbuild%2fopenbsd-x64 87ms (cache miss)
682 silly packumentCache full:https://registry.npmjs.org/@esbuild%2fopenbsd-x64 set size:undefined disposed:false
683 silly fetch manifest @esbuild/win32-arm64@0.28.1
684 silly packumentCache full:https://registry.npmjs.org/@esbuild%2fwin32-arm64 cache-miss
685 http fetch GET 200 https://registry.npmjs.org/@esbuild%2fwin32-arm64 88ms (cache miss)
686 silly packumentCache full:https://registry.npmjs.org/@esbuild%2fwin32-arm64 set size:undefined disposed:false
687 silly fetch manifest @esbuild/win32-ia32@0.28.1
688 silly packumentCache full:https://registry.npmjs.org/@esbuild%2fwin32-ia32 cache-miss
689 http fetch GET 200 https://registry.npmjs.org/@esbuild%2fandroid-arm 822ms (cache miss)
690 silly packumentCache full:https://registry.npmjs.org/@esbuild%2fandroid-arm set size:undefined disposed:false
691 silly fetch manifest @esbuild/win32-x64@0.28.1
692 silly packumentCache full:https://registry.npmjs.org/@esbuild%2fwin32-x64 cache-miss
693 http fetch GET 200 https://registry.npmjs.org/@esbuild%2fandroid-x64 803ms (cache miss)
694 silly packumentCache full:https://registry.npmjs.org/@esbuild%2fandroid-x64 set size:undefined disposed:false
695 silly fetch manifest debug@^4.3.4
696 silly packumentCache full:https://registry.npmjs.org/debug cache-miss
697 http fetch GET 200 https://registry.npmjs.org/@esbuild%2fwin32-ia32 85ms (cache miss)
698 silly packumentCache full:https://registry.npmjs.org/@esbuild%2fwin32-ia32 set size:undefined disposed:false
699 silly fetch manifest agent-base@9.0.0
700 silly packumentCache full:https://registry.npmjs.org/agent-base cache-miss
701 http fetch GET 200 https://registry.npmjs.org/@esbuild%2fopenharmony-arm64 293ms (cache miss)
702 silly packumentCache full:https://registry.npmjs.org/@esbuild%2fopenharmony-arm64 set size:undefined disposed:false
703 silly fetch manifest proxy-agent-negotiate@1.1.0
704 silly packumentCache full:https://registry.npmjs.org/proxy-agent-negotiate cache-miss
705 http fetch GET 200 https://registry.npmjs.org/@esbuild%2flinux-ppc64 573ms (cache miss)
706 silly packumentCache full:https://registry.npmjs.org/@esbuild%2flinux-ppc64 set size:undefined disposed:false
707 silly fetch manifest rfdc@^1.4.1
708 silly packumentCache full:https://registry.npmjs.org/rfdc cache-miss
709 http fetch GET 200 https://registry.npmjs.org/debug 129ms (cache miss)
710 silly packumentCache full:https://registry.npmjs.org/debug set size:undefined disposed:false
711 silly fetch manifest wrap-ansi@^10.0.0
712 silly packumentCache full:https://registry.npmjs.org/wrap-ansi cache-miss
713 http fetch GET 200 https://registry.npmjs.org/@esbuild%2fnetbsd-arm64 485ms (cache miss)
714 silly packumentCache full:https://registry.npmjs.org/@esbuild%2fnetbsd-arm64 set size:undefined disposed:false
715 silly fetch manifest log-update@^6.1.0
716 silly packumentCache full:https://registry.npmjs.org/log-update cache-miss
717 http fetch GET 200 https://registry.npmjs.org/@esbuild%2flinux-riscv64 577ms (cache miss)
718 silly packumentCache full:https://registry.npmjs.org/@esbuild%2flinux-riscv64 set size:undefined disposed:false
719 silly fetch manifest cli-truncate@^5.2.0
720 silly packumentCache full:https://registry.npmjs.org/cli-truncate cache-miss
721 http fetch GET 200 https://registry.npmjs.org/cli-truncate 53ms (cache miss)
722 silly packumentCache full:https://registry.npmjs.org/cli-truncate set size:undefined disposed:false
723 silly fetch manifest eventemitter3@^5.0.4
724 silly packumentCache full:https://registry.npmjs.org/eventemitter3 cache-miss
725 http fetch GET 200 https://registry.npmjs.org/@esbuild%2fopenbsd-arm64 523ms (cache miss)
726 silly packumentCache full:https://registry.npmjs.org/@esbuild%2fopenbsd-arm64 set size:undefined disposed:false
727 silly fetch manifest @harperfast/extended-iterable@^1.0.3
728 silly packumentCache full:https://registry.npmjs.org/@harperfast%2fextended-iterable cache-miss
729 http fetch GET 200 https://registry.npmjs.org/@esbuild%2fnetbsd-x64 567ms (cache miss)
730 silly packumentCache full:https://registry.npmjs.org/@esbuild%2fnetbsd-x64 set size:undefined disposed:false
731 silly fetch manifest msgpackr@^1.11.2
732 silly packumentCache full:https://registry.npmjs.org/msgpackr cache-miss
733 http fetch GET 200 https://registry.npmjs.org/eventemitter3 66ms (cache miss)
734 silly packumentCache full:https://registry.npmjs.org/eventemitter3 set size:undefined disposed:false
735 silly fetch manifest node-addon-api@^6.1.0
736 silly packumentCache full:https://registry.npmjs.org/node-addon-api cache-miss
737 http fetch GET 200 https://registry.npmjs.org/proxy-agent-negotiate 278ms (cache miss)
738 silly packumentCache full:https://registry.npmjs.org/proxy-agent-negotiate set size:undefined disposed:false
739 silly fetch manifest node-gyp-build-optional-packages@5.2.2
740 silly packumentCache full:https://registry.npmjs.org/node-gyp-build-optional-packages cache-miss
741 http fetch GET 200 https://registry.npmjs.org/agent-base 314ms (cache miss)
742 silly packumentCache full:https://registry.npmjs.org/agent-base set size:undefined disposed:false
743 silly fetch manifest ordered-binary@^1.5.3
744 silly packumentCache full:https://registry.npmjs.org/ordered-binary cache-miss
745 http fetch GET 200 https://registry.npmjs.org/@esbuild%2fwin32-x64 363ms (cache miss)
746 silly packumentCache full:https://registry.npmjs.org/@esbuild%2fwin32-x64 set size:undefined disposed:false
747 silly fetch manifest weak-lru-cache@^1.2.2
748 silly packumentCache full:https://registry.npmjs.org/weak-lru-cache cache-miss
749 http fetch GET 200 https://registry.npmjs.org/@esbuild%2flinux-loong64 834ms (cache miss)
750 silly packumentCache full:https://registry.npmjs.org/@esbuild%2flinux-loong64 set size:undefined disposed:false
751 silly fetch manifest @lmdb/lmdb-darwin-arm64@3.5.6
752 silly packumentCache full:https://registry.npmjs.org/@lmdb%2flmdb-darwin-arm64 cache-miss
753 http fetch GET 200 https://registry.npmjs.org/node-addon-api 87ms (cache miss)
754 silly packumentCache full:https://registry.npmjs.org/node-addon-api set size:undefined disposed:false
755 silly fetch manifest @lmdb/lmdb-darwin-x64@3.5.6
756 silly packumentCache full:https://registry.npmjs.org/@lmdb%2flmdb-darwin-x64 cache-miss
757 http fetch GET 200 https://registry.npmjs.org/rfdc 311ms (cache miss)
758 silly packumentCache full:https://registry.npmjs.org/rfdc set size:undefined disposed:false
759 silly fetch manifest @lmdb/lmdb-linux-arm@3.5.6
760 silly packumentCache full:https://registry.npmjs.org/@lmdb%2flmdb-linux-arm cache-miss
761 http fetch GET 200 https://registry.npmjs.org/wrap-ansi 311ms (cache miss)
762 silly packumentCache full:https://registry.npmjs.org/wrap-ansi set size:undefined disposed:false
763 silly fetch manifest @lmdb/lmdb-linux-arm64@3.5.6
764 silly packumentCache full:https://registry.npmjs.org/@lmdb%2flmdb-linux-arm64 cache-miss
765 http fetch GET 200 https://registry.npmjs.org/log-update 307ms (cache miss)
766 silly packumentCache full:https://registry.npmjs.org/log-update set size:undefined disposed:false
767 silly fetch manifest @lmdb/lmdb-linux-x64@3.5.6
768 silly packumentCache full:https://registry.npmjs.org/@lmdb%2flmdb-linux-x64 cache-miss
769 http fetch GET 200 https://registry.npmjs.org/@esbuild%2fsunos-x64 793ms (cache miss)
770 silly packumentCache full:https://registry.npmjs.org/@esbuild%2fsunos-x64 set size:undefined disposed:false
771 silly fetch manifest @lmdb/lmdb-win32-arm64@3.5.6
772 silly packumentCache full:https://registry.npmjs.org/@lmdb%2flmdb-win32-arm64 cache-miss
773 http fetch GET 200 https://registry.npmjs.org/node-gyp-build-optional-packages 283ms (cache miss)
774 silly packumentCache full:https://registry.npmjs.org/node-gyp-build-optional-packages set size:undefined disposed:false
775 silly fetch manifest @lmdb/lmdb-win32-x64@3.5.6
776 silly packumentCache full:https://registry.npmjs.org/@lmdb%2flmdb-win32-x64 cache-miss
777 http fetch GET 200 https://registry.npmjs.org/ordered-binary 297ms (cache miss)
778 silly packumentCache full:https://registry.npmjs.org/ordered-binary set size:undefined disposed:false
779 silly fetch manifest @jridgewell/sourcemap-codec@^1.5.5
780 silly packumentCache full:https://registry.npmjs.org/@jridgewell%2fsourcemap-codec cache-miss
781 http cache https://registry.npmjs.org/@jridgewell%2fsourcemap-codec 14ms (cache hit)
782 silly packumentCache full:https://registry.npmjs.org/@jridgewell%2fsourcemap-codec set size:51856 disposed:false
783 silly fetch manifest @oxc-project/types@^0.142.0
784 silly packumentCache full:https://registry.npmjs.org/@oxc-project%2ftypes cache-miss
785 http fetch GET 200 https://registry.npmjs.org/weak-lru-cache 307ms (cache miss)
786 silly packumentCache full:https://registry.npmjs.org/weak-lru-cache set size:undefined disposed:false
787 silly fetch manifest @oxc-parser/binding-darwin-x64@0.142.0
788 silly packumentCache full:https://registry.npmjs.org/@oxc-parser%2fbinding-darwin-x64 cache-miss
789 http fetch GET 200 https://registry.npmjs.org/msgpackr 563ms (cache miss)
790 silly packumentCache full:https://registry.npmjs.org/msgpackr set size:undefined disposed:false
791 silly fetch manifest @oxc-parser/binding-freebsd-x64@0.142.0
792 silly packumentCache full:https://registry.npmjs.org/@oxc-parser%2fbinding-freebsd-x64 cache-miss
793 http fetch GET 200 https://registry.npmjs.org/@harperfast%2fextended-iterable 706ms (cache miss)
794 silly packumentCache full:https://registry.npmjs.org/@harperfast%2fextended-iterable set size:undefined disposed:false
795 silly fetch manifest @oxc-parser/binding-wasm32-wasi@0.142.0
796 silly packumentCache full:https://registry.npmjs.org/@oxc-parser%2fbinding-wasm32-wasi cache-miss
797 http fetch GET 200 https://registry.npmjs.org/@lmdb%2flmdb-win32-arm64 578ms (cache miss)
798 silly packumentCache full:https://registry.npmjs.org/@lmdb%2flmdb-win32-arm64 set size:undefined disposed:false
799 silly fetch manifest @oxc-parser/binding-darwin-arm64@0.142.0
800 silly packumentCache full:https://registry.npmjs.org/@oxc-parser%2fbinding-darwin-arm64 cache-miss
801 http fetch GET 200 https://registry.npmjs.org/@lmdb%2flmdb-darwin-arm64 803ms (cache miss)
802 silly packumentCache full:https://registry.npmjs.org/@lmdb%2flmdb-darwin-arm64 set size:undefined disposed:false
803 silly fetch manifest @oxc-parser/binding-android-arm64@0.142.0
804 silly packumentCache full:https://registry.npmjs.org/@oxc-parser%2fbinding-android-arm64 cache-miss
805 http fetch GET 200 https://registry.npmjs.org/@oxc-project%2ftypes 583ms (cache miss)
806 silly packumentCache full:https://registry.npmjs.org/@oxc-project%2ftypes set size:undefined disposed:false
807 silly fetch manifest @oxc-parser/binding-linux-x64-gnu@0.142.0
808 silly packumentCache full:https://registry.npmjs.org/@oxc-parser%2fbinding-linux-x64-gnu cache-miss
809 http fetch GET 200 https://registry.npmjs.org/@lmdb%2flmdb-darwin-x64 871ms (cache miss)
810 silly packumentCache full:https://registry.npmjs.org/@lmdb%2flmdb-darwin-x64 set size:undefined disposed:false
811 silly fetch manifest @oxc-parser/binding-linux-x64-musl@0.142.0
812 silly packumentCache full:https://registry.npmjs.org/@oxc-parser%2fbinding-linux-x64-musl cache-miss
813 http fetch GET 200 https://registry.npmjs.org/@lmdb%2flmdb-linux-x64 799ms (cache miss)
814 silly packumentCache full:https://registry.npmjs.org/@lmdb%2flmdb-linux-x64 set size:undefined disposed:false
815 silly fetch manifest @oxc-parser/binding-win32-x64-msvc@0.142.0
816 silly packumentCache full:https://registry.npmjs.org/@oxc-parser%2fbinding-win32-x64-msvc cache-miss
817 http fetch GET 200 https://registry.npmjs.org/@lmdb%2flmdb-linux-arm 816ms (cache miss)
818 silly packumentCache full:https://registry.npmjs.org/@lmdb%2flmdb-linux-arm set size:undefined disposed:false
819 silly fetch manifest @oxc-parser/binding-linux-arm64-gnu@0.142.0
820 silly packumentCache full:https://registry.npmjs.org/@oxc-parser%2fbinding-linux-arm64-gnu cache-miss
821 http fetch GET 200 https://registry.npmjs.org/@lmdb%2flmdb-linux-arm64 825ms (cache miss)
822 silly packumentCache full:https://registry.npmjs.org/@lmdb%2flmdb-linux-arm64 set size:undefined disposed:false
823 silly fetch manifest @oxc-parser/binding-linux-ppc64-gnu@0.142.0
824 silly packumentCache full:https://registry.npmjs.org/@oxc-parser%2fbinding-linux-ppc64-gnu cache-miss
825 http fetch GET 200 https://registry.npmjs.org/@lmdb%2flmdb-win32-x64 771ms (cache miss)
826 silly packumentCache full:https://registry.npmjs.org/@lmdb%2flmdb-win32-x64 set size:undefined disposed:false
827 silly fetch manifest @oxc-parser/binding-linux-s390x-gnu@0.142.0
828 silly packumentCache full:https://registry.npmjs.org/@oxc-parser%2fbinding-linux-s390x-gnu cache-miss
829 http fetch GET 200 https://registry.npmjs.org/@oxc-parser%2fbinding-darwin-x64 809ms (cache miss)
830 silly packumentCache full:https://registry.npmjs.org/@oxc-parser%2fbinding-darwin-x64 set size:undefined disposed:false
831 silly fetch manifest @oxc-parser/binding-win32-ia32-msvc@0.142.0
832 silly packumentCache full:https://registry.npmjs.org/@oxc-parser%2fbinding-win32-ia32-msvc cache-miss
833 http fetch GET 200 https://registry.npmjs.org/@oxc-parser%2fbinding-freebsd-x64 810ms (cache miss)
834 silly packumentCache full:https://registry.npmjs.org/@oxc-parser%2fbinding-freebsd-x64 set size:undefined disposed:false
835 silly fetch manifest @oxc-parser/binding-android-arm-eabi@0.142.0
836 silly packumentCache full:https://registry.npmjs.org/@oxc-parser%2fbinding-android-arm-eabi cache-miss
837 http fetch GET 200 https://registry.npmjs.org/@oxc-parser%2fbinding-wasm32-wasi 789ms (cache miss)
838 silly packumentCache full:https://registry.npmjs.org/@oxc-parser%2fbinding-wasm32-wasi set size:undefined disposed:false
839 silly fetch manifest @oxc-parser/binding-linux-arm64-musl@0.142.0
840 silly packumentCache full:https://registry.npmjs.org/@oxc-parser%2fbinding-linux-arm64-musl cache-miss
841 http fetch GET 200 https://registry.npmjs.org/@oxc-parser%2fbinding-linux-arm64-gnu 639ms (cache miss)
842 silly packumentCache full:https://registry.npmjs.org/@oxc-parser%2fbinding-linux-arm64-gnu set size:undefined disposed:false
843 silly fetch manifest @oxc-parser/binding-win32-arm64-msvc@0.142.0
844 silly packumentCache full:https://registry.npmjs.org/@oxc-parser%2fbinding-win32-arm64-msvc cache-miss
845 http fetch GET 200 https://registry.npmjs.org/@oxc-parser%2fbinding-android-arm64 806ms (cache miss)
846 silly packumentCache full:https://registry.npmjs.org/@oxc-parser%2fbinding-android-arm64 set size:undefined disposed:false
847 silly fetch manifest @oxc-parser/binding-linux-riscv64-gnu@0.142.0
848 silly packumentCache full:https://registry.npmjs.org/@oxc-parser%2fbinding-linux-riscv64-gnu cache-miss
849 http fetch GET 200 https://registry.npmjs.org/@oxc-parser%2fbinding-linux-x64-musl 751ms (cache miss)
850 silly packumentCache full:https://registry.npmjs.org/@oxc-parser%2fbinding-linux-x64-musl set size:undefined disposed:false
851 silly fetch manifest @oxc-parser/binding-openharmony-arm64@0.142.0
852 silly packumentCache full:https://registry.npmjs.org/@oxc-parser%2fbinding-openharmony-arm64 cache-miss
853 http fetch GET 200 https://registry.npmjs.org/@oxc-parser%2fbinding-linux-x64-gnu 806ms (cache miss)
854 silly packumentCache full:https://registry.npmjs.org/@oxc-parser%2fbinding-linux-x64-gnu set size:undefined disposed:false
855 silly fetch manifest @oxc-parser/binding-linux-riscv64-musl@0.142.0
856 silly packumentCache full:https://registry.npmjs.org/@oxc-parser%2fbinding-linux-riscv64-musl cache-miss
857 http fetch GET 200 https://registry.npmjs.org/@oxc-parser%2fbinding-win32-x64-msvc 820ms (cache miss)
858 silly packumentCache full:https://registry.npmjs.org/@oxc-parser%2fbinding-win32-x64-msvc set size:undefined disposed:false
859 silly fetch manifest @oxc-parser/binding-linux-arm-gnueabihf@0.142.0
860 silly packumentCache full:https://registry.npmjs.org/@oxc-parser%2fbinding-linux-arm-gnueabihf cache-miss
861 http fetch GET 200 https://registry.npmjs.org/@oxc-parser%2fbinding-linux-ppc64-gnu 818ms (cache miss)
862 silly packumentCache full:https://registry.npmjs.org/@oxc-parser%2fbinding-linux-ppc64-gnu set size:undefined disposed:false
863 silly fetch manifest @oxc-parser/binding-linux-arm-musleabihf@0.142.0
864 silly packumentCache full:https://registry.npmjs.org/@oxc-parser%2fbinding-linux-arm-musleabihf cache-miss
865 http fetch GET 200 https://registry.npmjs.org/@oxc-parser%2fbinding-linux-s390x-gnu 737ms (cache miss)
866 silly packumentCache full:https://registry.npmjs.org/@oxc-parser%2fbinding-linux-s390x-gnu set size:undefined disposed:false
867 silly fetch manifest entities@^8.0.0
868 silly packumentCache full:https://registry.npmjs.org/entities cache-miss
869 http fetch GET 200 https://registry.npmjs.org/entities 78ms (cache miss)
870 silly packumentCache full:https://registry.npmjs.org/entities set size:undefined disposed:false
871 silly fetch manifest parse5@^8.0.0
872 silly packumentCache full:https://registry.npmjs.org/parse5 cache-miss
873 http fetch GET 200 https://registry.npmjs.org/@oxc-parser%2fbinding-win32-ia32-msvc 757ms (cache miss)
874 silly packumentCache full:https://registry.npmjs.org/@oxc-parser%2fbinding-win32-ia32-msvc set size:undefined disposed:false
875 silly fetch manifest parse5-sax-parser@^8.0.0
876 silly packumentCache full:https://registry.npmjs.org/parse5-sax-parser cache-miss
877 http fetch GET 200 https://registry.npmjs.org/@oxc-parser%2fbinding-linux-arm64-musl 536ms (cache miss)
878 silly packumentCache full:https://registry.npmjs.org/@oxc-parser%2fbinding-linux-arm64-musl set size:undefined disposed:false
879 silly fetch manifest @napi-rs/nice@^1.0.4
880 silly packumentCache full:https://registry.npmjs.org/@napi-rs%2fnice cache-miss
881 http fetch GET 200 https://registry.npmjs.org/parse5 78ms (cache miss)
882 silly packumentCache full:https://registry.npmjs.org/parse5 set size:undefined disposed:false
883 silly fetch manifest @oxc-project/types@=0.140.0
884 silly packumentCache full:https://registry.npmjs.org/@oxc-project%2ftypes cache-miss
885 http cache https://registry.npmjs.org/@oxc-project%2ftypes 11ms (cache hit)
886 silly packumentCache full:https://registry.npmjs.org/@oxc-project%2ftypes set size:244485 disposed:false
887 silly fetch manifest @rolldown/pluginutils@^1.0.0
888 silly packumentCache full:https://registry.npmjs.org/@rolldown%2fpluginutils cache-miss
889 http fetch GET 200 https://registry.npmjs.org/@oxc-parser%2fbinding-android-arm-eabi 772ms (cache miss)
890 silly packumentCache full:https://registry.npmjs.org/@oxc-parser%2fbinding-android-arm-eabi set size:undefined disposed:false
891 silly fetch manifest @rolldown/binding-darwin-x64@1.2.0
892 silly packumentCache full:https://registry.npmjs.org/@rolldown%2fbinding-darwin-x64 cache-miss
893 http fetch GET 200 https://registry.npmjs.org/@oxc-parser%2fbinding-darwin-arm64 1276ms (cache miss)
894 silly packumentCache full:https://registry.npmjs.org/@oxc-parser%2fbinding-darwin-arm64 set size:undefined disposed:false
895 silly fetch manifest @rolldown/binding-freebsd-x64@1.2.0
896 silly packumentCache full:https://registry.npmjs.org/@rolldown%2fbinding-freebsd-x64 cache-miss
897 http fetch GET 200 https://registry.npmjs.org/parse5-sax-parser 442ms (cache miss)
898 silly packumentCache full:https://registry.npmjs.org/parse5-sax-parser set size:undefined disposed:false
899 silly fetch manifest @rolldown/binding-wasm32-wasi@1.2.0
900 silly packumentCache full:https://registry.npmjs.org/@rolldown%2fbinding-wasm32-wasi cache-miss
901 http fetch GET 200 https://registry.npmjs.org/@oxc-parser%2fbinding-win32-arm64-msvc 805ms (cache miss)
902 silly packumentCache full:https://registry.npmjs.org/@oxc-parser%2fbinding-win32-arm64-msvc set size:undefined disposed:false
903 silly fetch manifest @rolldown/binding-darwin-arm64@1.2.0
904 silly packumentCache full:https://registry.npmjs.org/@rolldown%2fbinding-darwin-arm64 cache-miss
905 http fetch GET 200 https://registry.npmjs.org/@oxc-parser%2fbinding-linux-riscv64-gnu 765ms (cache miss)
906 silly packumentCache full:https://registry.npmjs.org/@oxc-parser%2fbinding-linux-riscv64-gnu set size:undefined disposed:false
907 silly fetch manifest @rolldown/binding-android-arm64@1.2.0
908 silly packumentCache full:https://registry.npmjs.org/@rolldown%2fbinding-android-arm64 cache-miss
909 http fetch GET 200 https://registry.npmjs.org/@oxc-parser%2fbinding-openharmony-arm64 757ms (cache miss)
910 silly packumentCache full:https://registry.npmjs.org/@oxc-parser%2fbinding-openharmony-arm64 set size:undefined disposed:false
911 silly fetch manifest @rolldown/binding-linux-x64-gnu@1.2.0
912 silly packumentCache full:https://registry.npmjs.org/@rolldown%2fbinding-linux-x64-gnu cache-miss
913 http fetch GET 200 https://registry.npmjs.org/@oxc-parser%2fbinding-linux-riscv64-musl 775ms (cache miss)
914 silly packumentCache full:https://registry.npmjs.org/@oxc-parser%2fbinding-linux-riscv64-musl set size:undefined disposed:false
915 silly fetch manifest @rolldown/binding-linux-x64-musl@1.2.0
916 silly packumentCache full:https://registry.npmjs.org/@rolldown%2fbinding-linux-x64-musl cache-miss
917 http fetch GET 200 https://registry.npmjs.org/@oxc-parser%2fbinding-linux-arm-gnueabihf 787ms (cache miss)
918 silly packumentCache full:https://registry.npmjs.org/@oxc-parser%2fbinding-linux-arm-gnueabihf set size:undefined disposed:false
919 silly fetch manifest @rolldown/binding-win32-x64-msvc@1.2.0
920 silly packumentCache full:https://registry.npmjs.org/@rolldown%2fbinding-win32-x64-msvc cache-miss
921 http fetch GET 200 https://registry.npmjs.org/@rolldown%2fpluginutils 564ms (cache miss)
922 silly packumentCache full:https://registry.npmjs.org/@rolldown%2fpluginutils set size:undefined disposed:false
923 silly fetch manifest @rolldown/binding-linux-arm64-gnu@1.2.0
924 silly packumentCache full:https://registry.npmjs.org/@rolldown%2fbinding-linux-arm64-gnu cache-miss
925 http fetch GET 200 https://registry.npmjs.org/@oxc-parser%2fbinding-linux-arm-musleabihf 783ms (cache miss)
926 silly packumentCache full:https://registry.npmjs.org/@oxc-parser%2fbinding-linux-arm-musleabihf set size:undefined disposed:false
927 silly fetch manifest @rolldown/binding-linux-ppc64-gnu@1.2.0
928 silly packumentCache full:https://registry.npmjs.org/@rolldown%2fbinding-linux-ppc64-gnu cache-miss
929 http fetch GET 200 https://registry.npmjs.org/@rolldown%2fbinding-darwin-x64 596ms (cache miss)
930 silly packumentCache full:https://registry.npmjs.org/@rolldown%2fbinding-darwin-x64 set size:undefined disposed:false
931 silly fetch manifest @rolldown/binding-linux-s390x-gnu@1.2.0
932 silly packumentCache full:https://registry.npmjs.org/@rolldown%2fbinding-linux-s390x-gnu cache-miss
933 http fetch GET 200 https://registry.npmjs.org/@napi-rs%2fnice 873ms (cache miss)
934 silly packumentCache full:https://registry.npmjs.org/@napi-rs%2fnice set size:undefined disposed:false
935 silly fetch manifest @rolldown/binding-linux-arm64-musl@1.2.0
936 silly packumentCache full:https://registry.npmjs.org/@rolldown%2fbinding-linux-arm64-musl cache-miss
937 http fetch GET 200 https://registry.npmjs.org/@rolldown%2fbinding-linux-arm64-gnu 453ms (cache miss)
938 silly packumentCache full:https://registry.npmjs.org/@rolldown%2fbinding-linux-arm64-gnu set size:undefined disposed:false
939 silly fetch manifest @rolldown/binding-win32-arm64-msvc@1.2.0
940 silly packumentCache full:https://registry.npmjs.org/@rolldown%2fbinding-win32-arm64-msvc cache-miss
941 http fetch GET 200 https://registry.npmjs.org/@rolldown%2fbinding-darwin-arm64 625ms (cache miss)
942 silly packumentCache full:https://registry.npmjs.org/@rolldown%2fbinding-darwin-arm64 set size:undefined disposed:false
943 silly fetch manifest @rolldown/binding-openharmony-arm64@1.2.0
944 silly packumentCache full:https://registry.npmjs.org/@rolldown%2fbinding-openharmony-arm64 cache-miss
945 http fetch GET 200 https://registry.npmjs.org/@rolldown%2fbinding-android-arm64 623ms (cache miss)
946 silly packumentCache full:https://registry.npmjs.org/@rolldown%2fbinding-android-arm64 set size:undefined disposed:false
947 silly fetch manifest @rolldown/binding-linux-arm-gnueabihf@1.2.0
948 silly packumentCache full:https://registry.npmjs.org/@rolldown%2fbinding-linux-arm-gnueabihf cache-miss
949 http fetch GET 200 https://registry.npmjs.org/@rolldown%2fbinding-linux-x64-musl 643ms (cache miss)
950 silly packumentCache full:https://registry.npmjs.org/@rolldown%2fbinding-linux-x64-musl set size:undefined disposed:false
951 silly fetch manifest immutable@^5.1.5
952 silly packumentCache full:https://registry.npmjs.org/immutable cache-miss
953 http fetch GET 200 https://registry.npmjs.org/@rolldown%2fbinding-freebsd-x64 1112ms (cache miss)
954 silly packumentCache full:https://registry.npmjs.org/@rolldown%2fbinding-freebsd-x64 set size:undefined disposed:false
955 silly fetch manifest source-map-js@>=0.6.2 <2.0.0
956 silly packumentCache full:https://registry.npmjs.org/source-map-js cache-miss
957 http fetch GET 200 https://registry.npmjs.org/@rolldown%2fbinding-win32-x64-msvc 764ms (cache miss)
958 silly packumentCache full:https://registry.npmjs.org/@rolldown%2fbinding-win32-x64-msvc set size:undefined disposed:false
959 silly fetch manifest @parcel/watcher@^2.4.1
960 silly packumentCache full:https://registry.npmjs.org/@parcel%2fwatcher cache-miss
961 http fetch GET 200 https://registry.npmjs.org/@rolldown%2fbinding-linux-ppc64-gnu 763ms (cache miss)
962 silly packumentCache full:https://registry.npmjs.org/@rolldown%2fbinding-linux-ppc64-gnu set size:undefined disposed:false
963 silly fetch manifest buffer-from@^1.0.0
964 silly packumentCache full:https://registry.npmjs.org/buffer-from cache-miss
965 http fetch GET 200 https://registry.npmjs.org/@rolldown%2fbinding-wasm32-wasi 957ms (cache miss)
966 silly packumentCache full:https://registry.npmjs.org/@rolldown%2fbinding-wasm32-wasi set size:undefined disposed:false
967 silly fetch manifest source-map@^0.6.0
968 silly packumentCache full:https://registry.npmjs.org/source-map cache-miss
969 http fetch GET 200 https://registry.npmjs.org/@rolldown%2fbinding-linux-x64-gnu 889ms (cache miss)
970 silly packumentCache full:https://registry.npmjs.org/@rolldown%2fbinding-linux-x64-gnu set size:undefined disposed:false
971 silly fetch manifest fdir@^6.5.0
972 silly packumentCache full:https://registry.npmjs.org/fdir cache-miss
973 http fetch GET 200 https://registry.npmjs.org/source-map 71ms (cache miss)
974 silly packumentCache full:https://registry.npmjs.org/source-map set size:undefined disposed:false
975 silly fetch manifest graceful-fs@^4.1.2
976 silly packumentCache full:https://registry.npmjs.org/graceful-fs cache-miss
977 http fetch GET 200 https://registry.npmjs.org/fdir 110ms (cache miss)
978 silly packumentCache full:https://registry.npmjs.org/fdir set size:undefined disposed:false
979 http fetch GET 200 https://registry.npmjs.org/graceful-fs 94ms (cache miss)
980 silly packumentCache full:https://registry.npmjs.org/graceful-fs set size:undefined disposed:false
981 http fetch GET 200 https://registry.npmjs.org/immutable 338ms (cache miss)
982 silly packumentCache full:https://registry.npmjs.org/immutable set size:undefined disposed:false
983 http fetch GET 200 https://registry.npmjs.org/source-map-js 312ms (cache miss)
984 silly packumentCache full:https://registry.npmjs.org/source-map-js set size:undefined disposed:false
985 http fetch GET 200 https://registry.npmjs.org/@rolldown%2fbinding-linux-arm64-musl 773ms (cache miss)
986 silly packumentCache full:https://registry.npmjs.org/@rolldown%2fbinding-linux-arm64-musl set size:undefined disposed:false
987 http fetch GET 200 https://registry.npmjs.org/buffer-from 292ms (cache miss)
988 silly packumentCache full:https://registry.npmjs.org/buffer-from set size:undefined disposed:false
989 http fetch GET 200 https://registry.npmjs.org/@rolldown%2fbinding-win32-arm64-msvc 711ms (cache miss)
990 silly packumentCache full:https://registry.npmjs.org/@rolldown%2fbinding-win32-arm64-msvc set size:undefined disposed:false
991 http fetch GET 200 https://registry.npmjs.org/@rolldown%2fbinding-linux-s390x-gnu 1047ms (cache miss)
992 silly packumentCache full:https://registry.npmjs.org/@rolldown%2fbinding-linux-s390x-gnu set size:undefined disposed:false
993 http fetch GET 200 https://registry.npmjs.org/@rolldown%2fbinding-linux-arm-gnueabihf 761ms (cache miss)
994 silly packumentCache full:https://registry.npmjs.org/@rolldown%2fbinding-linux-arm-gnueabihf set size:undefined disposed:false
995 http fetch GET 200 https://registry.npmjs.org/@rolldown%2fbinding-openharmony-arm64 805ms (cache miss)
996 silly packumentCache full:https://registry.npmjs.org/@rolldown%2fbinding-openharmony-arm64 set size:undefined disposed:false
997 http fetch GET 200 https://registry.npmjs.org/@parcel%2fwatcher 739ms (cache miss)
998 silly packumentCache full:https://registry.npmjs.org/@parcel%2fwatcher set size:undefined disposed:false
999 silly placeDep ROOT @jridgewell/gen-mapping@0.3.13 OK for: @ampproject/remapping@2.3.0 want: ^0.3.5
1000 silly placeDep ROOT @jridgewell/trace-mapping@0.3.31 OK for: @ampproject/remapping@2.3.0 want: ^0.3.24
1001 silly fetch manifest @jridgewell/sourcemap-codec@^1.5.0
1002 silly packumentCache full:https://registry.npmjs.org/@jridgewell%2fsourcemap-codec cache-hit
1003 silly fetch manifest @jridgewell/resolve-uri@^3.1.0
1004 silly packumentCache full:https://registry.npmjs.org/@jridgewell%2fresolve-uri cache-miss
1005 http fetch GET 200 https://registry.npmjs.org/@jridgewell%2fresolve-uri 91ms (cache miss)
1006 silly packumentCache full:https://registry.npmjs.org/@jridgewell%2fresolve-uri set size:undefined disposed:false
1007 silly placeDep ROOT @angular-devkit/core@22.1.2 OK for: @angular-devkit/architect@0.2201.2 want: 22.1.2
1008 silly fetch manifest ajv@8.20.0
1009 silly packumentCache full:https://registry.npmjs.org/ajv cache-miss
1010 silly fetch manifest source-map@0.7.6
1011 silly packumentCache full:https://registry.npmjs.org/source-map cache-miss
1012 silly fetch manifest ajv-formats@3.0.1
1013 silly packumentCache full:https://registry.npmjs.org/ajv-formats cache-miss
1014 http cache https://registry.npmjs.org/source-map 14ms (cache hit)
1015 silly packumentCache full:https://registry.npmjs.org/source-map set size:231637 disposed:false
1016 http fetch GET 200 https://registry.npmjs.org/ajv 162ms (cache miss)
1017 silly packumentCache full:https://registry.npmjs.org/ajv set size:undefined disposed:false
1018 http fetch GET 200 https://registry.npmjs.org/ajv-formats 301ms (cache miss)
1019 silly packumentCache full:https://registry.npmjs.org/ajv-formats set size:undefined disposed:false
1020 silly placeDep ROOT ajv@8.20.0 OK for: @angular-devkit/core@22.1.2 want: 8.20.0
1021 silly placeDep ROOT ajv-formats@3.0.1 OK for: @angular-devkit/core@22.1.2 want: 3.0.1
1022 silly placeDep ROOT source-map@0.7.6 OK for: @angular-devkit/core@22.1.2 want: 0.7.6
1023 silly fetch manifest fast-deep-equal@^3.1.3
1024 silly packumentCache full:https://registry.npmjs.org/fast-deep-equal cache-miss
1025 silly fetch manifest fast-uri@^3.0.1
1026 silly packumentCache full:https://registry.npmjs.org/fast-uri cache-miss
1027 silly fetch manifest json-schema-traverse@^1.0.0
1028 silly packumentCache full:https://registry.npmjs.org/json-schema-traverse cache-miss
1029 silly fetch manifest require-from-string@^2.0.2
1030 silly packumentCache full:https://registry.npmjs.org/require-from-string cache-miss
1031 http fetch GET 200 https://registry.npmjs.org/require-from-string 52ms (cache miss)
1032 silly packumentCache full:https://registry.npmjs.org/require-from-string set size:undefined disposed:false
1033 http fetch GET 200 https://registry.npmjs.org/fast-deep-equal 95ms (cache miss)
1034 silly packumentCache full:https://registry.npmjs.org/fast-deep-equal set size:undefined disposed:false
1035 http fetch GET 200 https://registry.npmjs.org/json-schema-traverse 302ms (cache miss)
1036 silly packumentCache full:https://registry.npmjs.org/json-schema-traverse set size:undefined disposed:false
1037 http fetch GET 200 https://registry.npmjs.org/fast-uri 307ms (cache miss)
1038 silly packumentCache full:https://registry.npmjs.org/fast-uri set size:undefined disposed:false
1039 silly fetch manifest @cfworker/json-schema@^4.1.1
1040 silly packumentCache full:https://registry.npmjs.org/@cfworker%2fjson-schema cache-miss
1041 http fetch GET 200 https://registry.npmjs.org/@cfworker%2fjson-schema 561ms (cache miss)
1042 silly packumentCache full:https://registry.npmjs.org/@cfworker%2fjson-schema set size:undefined disposed:false
1043 silly fetch manifest listr2@10.2.1
1044 silly packumentCache full:https://registry.npmjs.org/listr2 cache-miss
1045 http cache https://registry.npmjs.org/listr2 13ms (cache hit)
1046 silly packumentCache full:https://registry.npmjs.org/listr2 set size:1084195 disposed:false
1047 silly placeDep ROOT @angular-devkit/schematics@22.1.2 OK for: @angular/cli@22.1.2 want: 22.1.2
1048 silly placeDep ROOT @inquirer/prompts@8.5.2 OK for: @angular/cli@22.1.2 want: 8.5.2
1049 silly placeDep ROOT @listr2/prompt-adapter-inquirer@4.2.4 OK for: @angular/cli@22.1.2 want: 4.2.4
1050 silly placeDep ROOT @modelcontextprotocol/sdk@1.29.0 OK for: @angular/cli@22.1.2 want: 1.29.0
1051 silly placeDep ROOT @schematics/angular@22.1.2 OK for: @angular/cli@22.1.2 want: 22.1.2
1052 silly placeDep ROOT npm-package-arg@14.0.0 OK for: @angular/cli@22.1.2 want: 14.0.0
1053 silly placeDep ROOT yargs@18.0.0 OK for: @angular/cli@22.1.2 want: 18.0.0
1054 silly placeDep ROOT zod@4.4.3 OK for: @angular/cli@22.1.2 want: 4.4.3
1055 silly fetch manifest ora@9.4.1
1056 silly packumentCache full:https://registry.npmjs.org/ora cache-miss
1057 silly fetch manifest @inquirer/checkbox@^5.2.1
1058 silly packumentCache full:https://registry.npmjs.org/@inquirer%2fcheckbox cache-miss
1059 silly fetch manifest @inquirer/editor@^5.2.2
1060 silly packumentCache full:https://registry.npmjs.org/@inquirer%2feditor cache-miss
1061 silly fetch manifest @inquirer/expand@^5.1.1
1062 silly packumentCache full:https://registry.npmjs.org/@inquirer%2fexpand cache-miss
1063 silly fetch manifest @inquirer/input@^5.1.2
1064 silly packumentCache full:https://registry.npmjs.org/@inquirer%2finput cache-miss
1065 silly fetch manifest @inquirer/number@^4.1.1
1066 silly packumentCache full:https://registry.npmjs.org/@inquirer%2fnumber cache-miss
1067 silly fetch manifest @inquirer/password@^5.1.1
1068 silly packumentCache full:https://registry.npmjs.org/@inquirer%2fpassword cache-miss
1069 silly fetch manifest @inquirer/rawlist@^5.3.1
1070 silly packumentCache full:https://registry.npmjs.org/@inquirer%2frawlist cache-miss
1071 silly fetch manifest @inquirer/search@^4.2.1
1072 silly packumentCache full:https://registry.npmjs.org/@inquirer%2fsearch cache-miss
1073 silly fetch manifest @inquirer/select@^5.2.1
1074 silly packumentCache full:https://registry.npmjs.org/@inquirer%2fselect cache-miss
1075 silly fetch manifest @inquirer/type@^4.0.6
1076 silly packumentCache full:https://registry.npmjs.org/@inquirer%2ftype cache-miss
1077 http cache https://registry.npmjs.org/@inquirer%2ftype 7ms (cache hit)
1078 silly packumentCache full:https://registry.npmjs.org/@inquirer%2ftype set size:119899 disposed:false
1079 silly fetch manifest zod@^3.25 || ^4.0
1080 silly packumentCache full:https://registry.npmjs.org/zod cache-miss
1081 http cache https://registry.npmjs.org/zod 9ms (cache hit)
1082 silly packumentCache full:https://registry.npmjs.org/zod set size:3552562 disposed:false
1083 silly fetch manifest cors@^2.8.5
1084 silly packumentCache full:https://registry.npmjs.org/cors cache-miss
1085 http fetch GET 200 https://registry.npmjs.org/@inquirer%2fsearch 286ms (cache miss)
1086 silly packumentCache full:https://registry.npmjs.org/@inquirer%2fsearch set size:undefined disposed:false
1087 silly fetch manifest hono@^4.11.4
1088 silly packumentCache full:https://registry.npmjs.org/hono cache-miss
1089 http fetch GET 200 https://registry.npmjs.org/ora 328ms (cache miss)
1090 silly packumentCache full:https://registry.npmjs.org/ora set size:undefined disposed:false
1091 silly fetch manifest jose@^6.1.3
1092 silly packumentCache full:https://registry.npmjs.org/jose cache-miss
1093 http fetch GET 200 https://registry.npmjs.org/@inquirer%2fexpand 370ms (cache miss)
1094 silly packumentCache full:https://registry.npmjs.org/@inquirer%2fexpand set size:undefined disposed:false
1095 silly fetch manifest express@^5.2.1
1096 silly packumentCache full:https://registry.npmjs.org/express cache-miss
1097 http fetch GET 200 https://registry.npmjs.org/cors 360ms (cache miss)
1098 silly packumentCache full:https://registry.npmjs.org/cors set size:undefined disposed:false
1099 silly fetch manifest raw-body@^3.0.0
1100 silly packumentCache full:https://registry.npmjs.org/raw-body cache-miss
1101 http fetch GET 200 https://registry.npmjs.org/@inquirer%2fcheckbox 411ms (cache miss)
1102 silly packumentCache full:https://registry.npmjs.org/@inquirer%2fcheckbox set size:undefined disposed:false
1103 silly fetch manifest cross-spawn@^7.0.5
1104 silly packumentCache full:https://registry.npmjs.org/cross-spawn cache-miss
1105 http fetch GET 200 https://registry.npmjs.org/raw-body 58ms (cache miss)
1106 silly packumentCache full:https://registry.npmjs.org/raw-body set size:undefined disposed:false
1107 silly fetch manifest eventsource@^3.0.2
1108 silly packumentCache full:https://registry.npmjs.org/eventsource cache-miss
1109 http fetch GET 200 https://registry.npmjs.org/eventsource 65ms (cache miss)
1110 silly packumentCache full:https://registry.npmjs.org/eventsource set size:undefined disposed:false
1111 silly fetch manifest content-type@^1.0.5
1112 silly packumentCache full:https://registry.npmjs.org/content-type cache-miss
1113 http fetch GET 200 https://registry.npmjs.org/cross-spawn 108ms (cache miss)
1114 silly packumentCache full:https://registry.npmjs.org/cross-spawn set size:undefined disposed:false
1115 silly fetch manifest pkce-challenge@^5.0.0
1116 silly packumentCache full:https://registry.npmjs.org/pkce-challenge cache-miss
1117 http fetch GET 200 https://registry.npmjs.org/express 152ms (cache miss)
1118 silly packumentCache full:https://registry.npmjs.org/express set size:undefined disposed:false
1119 silly fetch manifest @hono/node-server@^1.19.9
1120 silly packumentCache full:https://registry.npmjs.org/@hono%2fnode-server cache-miss
1121 http fetch GET 200 https://registry.npmjs.org/@inquirer%2frawlist 535ms (cache miss)
1122 silly packumentCache full:https://registry.npmjs.org/@inquirer%2frawlist set size:undefined disposed:false
1123 silly fetch manifest json-schema-typed@^8.0.2
1124 silly packumentCache full:https://registry.npmjs.org/json-schema-typed cache-miss
1125 http fetch GET 200 https://registry.npmjs.org/@inquirer%2finput 572ms (cache miss)
1126 silly packumentCache full:https://registry.npmjs.org/@inquirer%2finput set size:undefined disposed:false
1127 silly fetch manifest eventsource-parser@^3.0.0
1128 silly packumentCache full:https://registry.npmjs.org/eventsource-parser cache-miss
1129 http fetch GET 200 https://registry.npmjs.org/content-type 64ms (cache miss)
1130 silly packumentCache full:https://registry.npmjs.org/content-type set size:undefined disposed:false
1131 silly fetch manifest express-rate-limit@^8.2.1
1132 silly packumentCache full:https://registry.npmjs.org/express-rate-limit cache-miss
1133 http fetch GET 200 https://registry.npmjs.org/json-schema-typed 70ms (cache miss)
1134 silly packumentCache full:https://registry.npmjs.org/json-schema-typed set size:undefined disposed:false
1135 silly fetch manifest zod-to-json-schema@^3.25.1
1136 silly packumentCache full:https://registry.npmjs.org/zod-to-json-schema cache-miss
1137 http fetch GET 200 https://registry.npmjs.org/zod-to-json-schema 105ms (cache miss)
1138 silly packumentCache full:https://registry.npmjs.org/zod-to-json-schema set size:undefined disposed:false
1139 silly fetch manifest proc-log@^7.0.0
1140 silly packumentCache full:https://registry.npmjs.org/proc-log cache-miss
1141 http fetch GET 200 https://registry.npmjs.org/jose 427ms (cache miss)
1142 silly packumentCache full:https://registry.npmjs.org/jose set size:undefined disposed:false
1143 silly fetch manifest hosted-git-info@^10.1.0
1144 silly packumentCache full:https://registry.npmjs.org/hosted-git-info cache-miss
1145 http fetch GET 200 https://registry.npmjs.org/hono 502ms (cache miss)
1146 silly packumentCache full:https://registry.npmjs.org/hono set size:undefined disposed:false
1147 silly fetch manifest validate-npm-package-name@^8.0.0
1148 silly packumentCache full:https://registry.npmjs.org/validate-npm-package-name cache-miss
1149 http fetch GET 200 https://registry.npmjs.org/@inquirer%2fpassword 935ms (cache miss)
1150 silly packumentCache full:https://registry.npmjs.org/@inquirer%2fpassword set size:undefined disposed:false
1151 silly fetch manifest y18n@^5.0.5
1152 silly packumentCache full:https://registry.npmjs.org/y18n cache-miss
1153 http fetch GET 200 https://registry.npmjs.org/pkce-challenge 426ms (cache miss)
1154 silly packumentCache full:https://registry.npmjs.org/pkce-challenge set size:undefined disposed:false
1155 silly fetch manifest cliui@^9.0.1
1156 silly packumentCache full:https://registry.npmjs.org/cliui cache-miss
1157 http fetch GET 200 https://registry.npmjs.org/validate-npm-package-name 152ms (cache miss)
1158 silly packumentCache full:https://registry.npmjs.org/validate-npm-package-name set size:undefined disposed:false
1159 silly fetch manifest escalade@^3.1.1
1160 silly packumentCache full:https://registry.npmjs.org/escalade cache-miss
1161 http fetch GET 200 https://registry.npmjs.org/hosted-git-info 216ms (cache miss)
1162 silly packumentCache full:https://registry.npmjs.org/hosted-git-info set size:undefined disposed:false
1163 silly fetch manifest string-width@^7.2.0
1164 silly packumentCache full:https://registry.npmjs.org/string-width cache-miss
1165 http fetch GET 200 https://registry.npmjs.org/eventsource-parser 422ms (cache miss)
1166 silly packumentCache full:https://registry.npmjs.org/eventsource-parser set size:undefined disposed:false
1167 silly fetch manifest yargs-parser@^22.0.0
1168 silly packumentCache full:https://registry.npmjs.org/yargs-parser cache-miss
1169 http fetch GET 200 https://registry.npmjs.org/@inquirer%2feditor 1011ms (cache miss)
1170 silly packumentCache full:https://registry.npmjs.org/@inquirer%2feditor set size:undefined disposed:false
1171 silly fetch manifest get-caller-file@^2.0.5
1172 silly packumentCache full:https://registry.npmjs.org/get-caller-file cache-miss
1173 http fetch GET 200 https://registry.npmjs.org/express-rate-limit 426ms (cache miss)
1174 silly packumentCache full:https://registry.npmjs.org/express-rate-limit set size:undefined disposed:false
1175 http fetch GET 200 https://registry.npmjs.org/@inquirer%2fnumber 1024ms (cache miss)
1176 silly packumentCache full:https://registry.npmjs.org/@inquirer%2fnumber set size:undefined disposed:false
1177 http fetch GET 200 https://registry.npmjs.org/proc-log 306ms (cache miss)
1178 silly packumentCache full:https://registry.npmjs.org/proc-log set size:undefined disposed:false
1179 http fetch GET 200 https://registry.npmjs.org/y18n 83ms (cache miss)
1180 silly packumentCache full:https://registry.npmjs.org/y18n set size:undefined disposed:false
1181 http fetch GET 200 https://registry.npmjs.org/@hono%2fnode-server 525ms (cache miss)
1182 silly packumentCache full:https://registry.npmjs.org/@hono%2fnode-server set size:undefined disposed:false
1183 http fetch GET 200 https://registry.npmjs.org/string-width 80ms (cache miss)
1184 silly packumentCache full:https://registry.npmjs.org/string-width set size:undefined disposed:false
1185 http fetch GET 200 https://registry.npmjs.org/escalade 95ms (cache miss)
1186 silly packumentCache full:https://registry.npmjs.org/escalade set size:undefined disposed:false
1187 http fetch GET 200 https://registry.npmjs.org/get-caller-file 67ms (cache miss)
1188 silly packumentCache full:https://registry.npmjs.org/get-caller-file set size:undefined disposed:false
1189 http fetch GET 200 https://registry.npmjs.org/@inquirer%2fselect 1091ms (cache miss)
1190 silly packumentCache full:https://registry.npmjs.org/@inquirer%2fselect set size:undefined disposed:false
1191 http fetch GET 200 https://registry.npmjs.org/yargs-parser 159ms (cache miss)
1192 silly packumentCache full:https://registry.npmjs.org/yargs-parser set size:undefined disposed:false
1193 http fetch GET 200 https://registry.npmjs.org/cliui 350ms (cache miss)
1194 silly packumentCache full:https://registry.npmjs.org/cliui set size:undefined disposed:false
1195 silly placeDep ROOT ora@9.4.1 OK for: @angular-devkit/schematics@22.1.2 want: 9.4.1
1196 silly fetch manifest chalk@^5.6.2
1197 silly packumentCache full:https://registry.npmjs.org/chalk cache-miss
1198 silly fetch manifest cli-cursor@^5.0.0
1199 silly packumentCache full:https://registry.npmjs.org/cli-cursor cache-miss
1200 silly fetch manifest cli-spinners@^3.2.0
1201 silly packumentCache full:https://registry.npmjs.org/cli-spinners cache-miss
1202 silly fetch manifest is-interactive@^2.0.0
1203 silly packumentCache full:https://registry.npmjs.org/is-interactive cache-miss
1204 silly fetch manifest is-unicode-supported@^2.1.0
1205 silly packumentCache full:https://registry.npmjs.org/is-unicode-supported cache-miss
1206 silly fetch manifest log-symbols@^7.0.1
1207 silly packumentCache full:https://registry.npmjs.org/log-symbols cache-miss
1208 silly fetch manifest stdin-discarder@^0.3.2
1209 silly packumentCache full:https://registry.npmjs.org/stdin-discarder cache-miss
1210 silly fetch manifest string-width@^8.1.0
1211 silly packumentCache full:https://registry.npmjs.org/string-width cache-miss
1212 http cache https://registry.npmjs.org/string-width 11ms (cache hit)
1213 silly packumentCache full:https://registry.npmjs.org/string-width set size:72458 disposed:false
1214 http fetch GET 200 https://registry.npmjs.org/is-unicode-supported 66ms (cache miss)
1215 silly packumentCache full:https://registry.npmjs.org/is-unicode-supported set size:undefined disposed:false
1216 http fetch GET 200 https://registry.npmjs.org/cli-cursor 113ms (cache miss)
1217 silly packumentCache full:https://registry.npmjs.org/cli-cursor set size:undefined disposed:false
1218 http fetch GET 200 https://registry.npmjs.org/cli-spinners 158ms (cache miss)
1219 silly packumentCache full:https://registry.npmjs.org/cli-spinners set size:undefined disposed:false
1220 http fetch GET 200 https://registry.npmjs.org/chalk 170ms (cache miss)
1221 silly packumentCache full:https://registry.npmjs.org/chalk set size:undefined disposed:false
1222 http fetch GET 200 https://registry.npmjs.org/is-interactive 298ms (cache miss)
1223 silly packumentCache full:https://registry.npmjs.org/is-interactive set size:undefined disposed:false
1224 http fetch GET 200 https://registry.npmjs.org/stdin-discarder 306ms (cache miss)
1225 silly packumentCache full:https://registry.npmjs.org/stdin-discarder set size:undefined disposed:false
1226 http fetch GET 200 https://registry.npmjs.org/log-symbols 313ms (cache miss)
1227 silly packumentCache full:https://registry.npmjs.org/log-symbols set size:undefined disposed:false
1228 silly placeDep ROOT @jridgewell/sourcemap-codec@1.5.5 OK for: @angular/compiler-cli@22.1.0 want: ^1.4.14
1229 silly placeDep ROOT chokidar@5.0.0 OK for: @angular/compiler-cli@22.1.0 want: ^5.0.0
1230 silly placeDep ROOT convert-source-map@1.9.0 OK for: @angular/compiler-cli@22.1.0 want: ^1.5.1
1231 silly placeDep ROOT reflect-metadata@0.2.2 OK for: @angular/compiler-cli@22.1.0 want: ^0.2.0
1232 silly fetch manifest readdirp@^5.0.0
1233 silly packumentCache full:https://registry.npmjs.org/readdirp cache-miss
1234 http fetch GET 200 https://registry.npmjs.org/readdirp 143ms (cache miss)
1235 silly packumentCache full:https://registry.npmjs.org/readdirp set size:undefined disposed:false
1236 silly placeDep ROOT @standard-schema/spec@1.1.0 OK for: @angular/forms@22.1.0 want: ^1.0.0
1237 silly placeDep ROOT @babel/code-frame@8.0.0 OK for: @babel/core@8.0.1 want: ^8.0.0
1238 silly placeDep ROOT @babel/generator@8.0.0 OK for: @babel/core@8.0.1 want: ^8.0.0
1239 silly placeDep ROOT @babel/helper-compilation-targets@8.0.0 OK for: @babel/core@8.0.1 want: ^8.0.0
1240 silly placeDep ROOT @babel/helpers@8.0.0 OK for: @babel/core@8.0.1 want: ^8.0.0
1241 silly placeDep ROOT @babel/parser@8.0.4 OK for: @babel/core@8.0.1 want: ^8.0.0
1242 silly placeDep ROOT @babel/template@8.0.0 OK for: @babel/core@8.0.1 want: ^8.0.0
1243 silly placeDep ROOT @babel/traverse@8.0.4 OK for: @babel/core@8.0.1 want: ^8.0.0
1244 silly placeDep ROOT @babel/types@8.0.4 OK for: @babel/core@8.0.1 want: ^8.0.0
1245 silly placeDep ROOT @types/gensync@1.0.5 OK for: @babel/core@8.0.1 want: ^1.0.5
1246 silly placeDep node_modules/@babel/core convert-source-map@2.0.0 OK for: @babel/core@8.0.1 want: ^2.0.0
1247 silly placeDep ROOT empathic@2.0.1 OK for: @babel/core@8.0.1 want: ^2.0.1
1248 silly placeDep ROOT gensync@1.0.0-beta.2 OK for: @babel/core@8.0.1 want: ^1.0.0-beta.2
1249 silly placeDep ROOT import-meta-resolve@4.2.0 OK for: @babel/core@8.0.1 want: ^4.2.0
1250 silly placeDep ROOT json5@2.2.3 OK for: @babel/core@8.0.1 want: ^2.2.3
1251 silly placeDep ROOT obug@2.1.4 OK for: @babel/core@8.0.1 want: ^2.1.1
1252 silly fetch manifest js-tokens@^10.0.0
1253 silly packumentCache full:https://registry.npmjs.org/js-tokens cache-miss
1254 silly fetch manifest @babel/helper-validator-identifier@^8.0.0
1255 silly packumentCache full:https://registry.npmjs.org/@babel%2fhelper-validator-identifier cache-miss
1256 silly fetch manifest jsesc@^3.0.2
1257 silly packumentCache full:https://registry.npmjs.org/jsesc cache-miss
1258 silly fetch manifest @types/jsesc@^2.5.0
1259 silly packumentCache full:https://registry.npmjs.org/@types%2fjsesc cache-miss
1260 silly fetch manifest lru-cache@^11.0.0
1261 silly packumentCache full:https://registry.npmjs.org/lru-cache cache-miss
1262 silly fetch manifest @babel/compat-data@^8.0.0
1263 silly packumentCache full:https://registry.npmjs.org/@babel%2fcompat-data cache-miss
1264 silly fetch manifest @babel/helper-validator-option@^8.0.0
1265 silly packumentCache full:https://registry.npmjs.org/@babel%2fhelper-validator-option cache-miss
1266 silly fetch manifest @babel/types@^8.0.4
1267 silly packumentCache full:https://registry.npmjs.org/@babel%2ftypes cache-miss
1268 silly fetch manifest @babel/types@^8.0.4
1269 silly packumentCache full:https://registry.npmjs.org/@babel%2ftypes cache-miss
1270 silly fetch manifest @babel/helper-globals@^8.0.0
1271 silly packumentCache full:https://registry.npmjs.org/@babel%2fhelper-globals cache-miss
1272 silly fetch manifest @babel/helper-string-parser@^8.0.0
1273 silly packumentCache full:https://registry.npmjs.org/@babel%2fhelper-string-parser cache-miss
1274 http cache https://registry.npmjs.org/@babel%2ftypes 10ms (cache hit)
1275 silly packumentCache full:https://registry.npmjs.org/@babel%2ftypes set size:502938 disposed:false
1276 silly fetch manifest @babel/helper-validator-identifier@^8.0.4
1277 silly packumentCache full:https://registry.npmjs.org/@babel%2fhelper-validator-identifier cache-miss
1278 http cache https://registry.npmjs.org/@babel%2ftypes 14ms (cache hit)
1279 silly packumentCache full:https://registry.npmjs.org/@babel%2ftypes set size:502938 disposed:false
1280 silly packumentCache full:https://registry.npmjs.org/@babel%2ftypes dispose
1281 http fetch GET 200 https://registry.npmjs.org/@babel%2fhelper-globals 58ms (cache miss)
1282 silly packumentCache full:https://registry.npmjs.org/@babel%2fhelper-globals set size:undefined disposed:false
1283 http fetch GET 200 https://registry.npmjs.org/js-tokens 66ms (cache miss)
1284 silly packumentCache full:https://registry.npmjs.org/js-tokens set size:undefined disposed:false
1285 http fetch GET 200 https://registry.npmjs.org/jsesc 348ms (cache miss)
1286 silly packumentCache full:https://registry.npmjs.org/jsesc set size:undefined disposed:false
1287 http fetch GET 200 https://registry.npmjs.org/@babel%2fhelper-validator-option 350ms (cache miss)
1288 silly packumentCache full:https://registry.npmjs.org/@babel%2fhelper-validator-option set size:undefined disposed:false
1289 http fetch GET 200 https://registry.npmjs.org/@babel%2fhelper-string-parser 349ms (cache miss)
1290 silly packumentCache full:https://registry.npmjs.org/@babel%2fhelper-string-parser set size:undefined disposed:false
1291 http fetch GET 200 https://registry.npmjs.org/@babel%2fcompat-data 355ms (cache miss)
1292 silly packumentCache full:https://registry.npmjs.org/@babel%2fcompat-data set size:undefined disposed:false
1293 http fetch GET 200 https://registry.npmjs.org/lru-cache 364ms (cache miss)
1294 silly packumentCache full:https://registry.npmjs.org/lru-cache set size:undefined disposed:false
1295 http fetch GET 200 https://registry.npmjs.org/@types%2fjsesc 532ms (cache miss)
1296 silly packumentCache full:https://registry.npmjs.org/@types%2fjsesc set size:undefined disposed:false
1297 http fetch GET 200 https://registry.npmjs.org/@babel%2fhelper-validator-identifier 530ms (cache miss)
1298 silly packumentCache full:https://registry.npmjs.org/@babel%2fhelper-validator-identifier set size:undefined disposed:false
1299 http fetch GET 200 https://registry.npmjs.org/@babel%2fhelper-validator-identifier 610ms (cache miss)
1300 silly packumentCache full:https://registry.npmjs.org/@babel%2fhelper-validator-identifier set size:undefined disposed:false
1301 silly placeDep ROOT @babel/helper-validator-identifier@8.0.4 OK for: @babel/code-frame@8.0.0 want: ^8.0.0
1302 silly placeDep ROOT js-tokens@10.0.0 OK for: @babel/code-frame@8.0.0 want: ^10.0.0
1303 silly placeDep ROOT @types/jsesc@2.5.1 OK for: @babel/generator@8.0.0 want: ^2.5.0
1304 silly placeDep ROOT jsesc@3.1.0 OK for: @babel/generator@8.0.0 want: ^3.0.2
1305 silly placeDep ROOT @babel/compat-data@8.0.0 OK for: @babel/helper-compilation-targets@8.0.0 want: ^8.0.0
1306 silly placeDep ROOT @babel/helper-validator-option@8.0.0 OK for: @babel/helper-compilation-targets@8.0.0 want: ^8.0.0
1307 silly placeDep ROOT lru-cache@11.5.2 OK for: @babel/helper-compilation-targets@8.0.0 want: ^11.0.0
1308 silly placeDep node_modules/@babel/helper-split-export-declaration @babel/types@7.29.8 OK for: @babel/helper-split-export-declaration@7.24.7 want: ^7.24.7
1309 silly fetch manifest @babel/helper-string-parser@^7.29.7
1310 silly packumentCache full:https://registry.npmjs.org/@babel%2fhelper-string-parser cache-miss
1311 silly fetch manifest @babel/helper-validator-identifier@^7.29.7
1312 silly packumentCache full:https://registry.npmjs.org/@babel%2fhelper-validator-identifier cache-miss
1313 http cache https://registry.npmjs.org/@babel%2fhelper-validator-identifier 12ms (cache hit)
1314 silly packumentCache full:https://registry.npmjs.org/@babel%2fhelper-validator-identifier set size:130133 disposed:false
1315 http cache https://registry.npmjs.org/@babel%2fhelper-string-parser 16ms (cache hit)
1316 silly packumentCache full:https://registry.npmjs.org/@babel%2fhelper-string-parser set size:91563 disposed:false
1317 silly placeDep ROOT @babel/helper-globals@8.0.0 OK for: @babel/traverse@8.0.4 want: ^8.0.0
1318 silly placeDep ROOT @babel/helper-string-parser@8.0.0 OK for: @babel/types@8.0.4 want: ^8.0.0
1319 silly placeDep ROOT @inquirer/core@11.2.1 OK for: @inquirer/confirm@6.1.1 want: ^11.2.1
1320 silly placeDep ROOT @inquirer/type@4.0.7 OK for: @inquirer/confirm@6.1.1 want: ^4.0.7
1321 silly fetch manifest @inquirer/ansi@^2.0.7
1322 silly packumentCache full:https://registry.npmjs.org/@inquirer%2fansi cache-miss
1323 silly fetch manifest @inquirer/figures@^2.0.7
1324 silly packumentCache full:https://registry.npmjs.org/@inquirer%2ffigures cache-miss
1325 silly fetch manifest cli-width@^4.1.0
1326 silly packumentCache full:https://registry.npmjs.org/cli-width cache-miss
1327 silly fetch manifest fast-wrap-ansi@^0.2.0
1328 silly packumentCache full:https://registry.npmjs.org/fast-wrap-ansi cache-miss
1329 silly fetch manifest mute-stream@^3.0.0
1330 silly packumentCache full:https://registry.npmjs.org/mute-stream cache-miss
1331 silly fetch manifest signal-exit@^4.1.0
1332 silly packumentCache full:https://registry.npmjs.org/signal-exit cache-miss
1333 http fetch GET 200 https://registry.npmjs.org/cli-width 52ms (cache miss)
1334 silly packumentCache full:https://registry.npmjs.org/cli-width set size:undefined disposed:false
1335 http fetch GET 200 https://registry.npmjs.org/signal-exit 56ms (cache miss)
1336 silly packumentCache full:https://registry.npmjs.org/signal-exit set size:undefined disposed:false
1337 http fetch GET 200 https://registry.npmjs.org/mute-stream 77ms (cache miss)
1338 silly packumentCache full:https://registry.npmjs.org/mute-stream set size:undefined disposed:false
1339 http fetch GET 200 https://registry.npmjs.org/fast-wrap-ansi 291ms (cache miss)
1340 silly packumentCache full:https://registry.npmjs.org/fast-wrap-ansi set size:undefined disposed:false
1341 http fetch GET 200 https://registry.npmjs.org/@inquirer%2ffigures 308ms (cache miss)
1342 silly packumentCache full:https://registry.npmjs.org/@inquirer%2ffigures set size:undefined disposed:false
1343 http fetch GET 200 https://registry.npmjs.org/@inquirer%2fansi 781ms (cache miss)
1344 silly packumentCache full:https://registry.npmjs.org/@inquirer%2fansi set size:undefined disposed:false
1345 silly placeDep ROOT @inquirer/ansi@2.0.7 OK for: @inquirer/core@11.2.1 want: ^2.0.7
1346 silly placeDep ROOT @inquirer/figures@2.0.7 OK for: @inquirer/core@11.2.1 want: ^2.0.7
1347 silly placeDep ROOT cli-width@4.1.0 OK for: @inquirer/core@11.2.1 want: ^4.1.0
1348 silly placeDep ROOT fast-wrap-ansi@0.2.2 OK for: @inquirer/core@11.2.1 want: ^0.2.0
1349 silly placeDep ROOT mute-stream@3.0.0 OK for: @inquirer/core@11.2.1 want: ^3.0.0
1350 silly placeDep ROOT signal-exit@4.1.0 OK for: @inquirer/core@11.2.1 want: ^4.1.0
1351 silly fetch manifest fast-string-width@^3.0.2
1352 silly packumentCache full:https://registry.npmjs.org/fast-string-width cache-miss
1353 http fetch GET 200 https://registry.npmjs.org/fast-string-width 279ms (cache miss)
1354 silly packumentCache full:https://registry.npmjs.org/fast-string-width set size:undefined disposed:false
1355 silly placeDep ROOT @inquirer/checkbox@5.2.1 OK for: @inquirer/prompts@8.5.2 want: ^5.2.1
1356 silly placeDep ROOT @inquirer/editor@5.2.2 OK for: @inquirer/prompts@8.5.2 want: ^5.2.2
1357 silly placeDep ROOT @inquirer/expand@5.1.1 OK for: @inquirer/prompts@8.5.2 want: ^5.1.1
1358 silly placeDep ROOT @inquirer/input@5.1.2 OK for: @inquirer/prompts@8.5.2 want: ^5.1.2
1359 silly placeDep ROOT @inquirer/number@4.1.1 OK for: @inquirer/prompts@8.5.2 want: ^4.1.1
1360 silly placeDep ROOT @inquirer/password@5.1.1 OK for: @inquirer/prompts@8.5.2 want: ^5.1.1
1361 silly placeDep ROOT @inquirer/rawlist@5.3.1 OK for: @inquirer/prompts@8.5.2 want: ^5.3.1
1362 silly placeDep ROOT @inquirer/search@4.2.1 OK for: @inquirer/prompts@8.5.2 want: ^4.2.1
1363 silly placeDep ROOT @inquirer/select@5.2.1 OK for: @inquirer/prompts@8.5.2 want: ^5.2.1
1364 silly fetch manifest @inquirer/external-editor@^3.0.3
1365 silly packumentCache full:https://registry.npmjs.org/@inquirer%2fexternal-editor cache-miss
1366 http fetch GET 200 https://registry.npmjs.org/@inquirer%2fexternal-editor 541ms (cache miss)
1367 silly packumentCache full:https://registry.npmjs.org/@inquirer%2fexternal-editor set size:undefined disposed:false
1368 silly placeDep ROOT @inquirer/external-editor@3.0.3 OK for: @inquirer/editor@5.2.2 want: ^3.0.3
1369 silly fetch manifest chardet@^2.1.1
1370 silly packumentCache full:https://registry.npmjs.org/chardet cache-miss
1371 silly fetch manifest iconv-lite@^0.7.2
1372 silly packumentCache full:https://registry.npmjs.org/iconv-lite cache-miss
1373 http fetch GET 200 https://registry.npmjs.org/chardet 96ms (cache miss)
1374 silly packumentCache full:https://registry.npmjs.org/chardet set size:undefined disposed:false
1375 http fetch GET 200 https://registry.npmjs.org/iconv-lite 111ms (cache miss)
1376 silly packumentCache full:https://registry.npmjs.org/iconv-lite set size:undefined disposed:false
1377 silly placeDep ROOT chardet@2.2.0 OK for: @inquirer/external-editor@3.0.3 want: ^2.1.1
1378 silly placeDep ROOT iconv-lite@0.7.3 OK for: @inquirer/external-editor@3.0.3 want: ^0.7.2
1379 silly fetch manifest safer-buffer@>= 2.1.2 < 3.0.0
1380 silly packumentCache full:https://registry.npmjs.org/safer-buffer cache-miss
1381 http fetch GET 200 https://registry.npmjs.org/safer-buffer 114ms (cache miss)
1382 silly packumentCache full:https://registry.npmjs.org/safer-buffer set size:undefined disposed:false
1383 silly placeDep ROOT @jridgewell/resolve-uri@3.1.2 OK for: @jridgewell/trace-mapping@0.3.31 want: ^3.1.0
1384 silly placeDep ROOT listr2@10.2.1 REPLACE for: @listr2/prompt-adapter-inquirer@4.2.4 want: 10.2.1
1385 silly placeDep node_modules/@angular/build listr2@10.2.2 OK for: @angular/build@22.1.2 want: 10.2.2
1386 silly placeDep node_modules/@angular/cli listr2@10.2.2 OK for: @angular/cli@22.1.2 want: 10.2.2
1387 silly placeDep ROOT @hono/node-server@1.19.17 OK for: @modelcontextprotocol/sdk@1.29.0 want: ^1.19.9
1388 silly placeDep ROOT hono@4.12.34 OK for: @hono/node-server@1.19.17 want: ^4
1389 silly placeDep ROOT content-type@1.0.5 OK for: @modelcontextprotocol/sdk@1.29.0 want: ^1.0.5
1390 silly placeDep ROOT cors@2.8.6 OK for: @modelcontextprotocol/sdk@1.29.0 want: ^2.8.5
1391 silly placeDep ROOT cross-spawn@7.0.6 OK for: @modelcontextprotocol/sdk@1.29.0 want: ^7.0.5
1392 silly placeDep ROOT eventsource@3.0.7 OK for: @modelcontextprotocol/sdk@1.29.0 want: ^3.0.2
1393 silly placeDep ROOT eventsource-parser@3.1.0 OK for: @modelcontextprotocol/sdk@1.29.0 want: ^3.0.0
1394 silly placeDep ROOT express@5.2.1 OK for: @modelcontextprotocol/sdk@1.29.0 want: ^5.2.1
1395 silly placeDep ROOT express-rate-limit@8.6.1 OK for: @modelcontextprotocol/sdk@1.29.0 want: ^8.2.1
1396 silly placeDep ROOT jose@6.2.8 OK for: @modelcontextprotocol/sdk@1.29.0 want: ^6.1.3
1397 silly placeDep ROOT json-schema-typed@8.0.2 OK for: @modelcontextprotocol/sdk@1.29.0 want: ^8.0.2
1398 silly placeDep ROOT pkce-challenge@5.0.1 OK for: @modelcontextprotocol/sdk@1.29.0 want: ^5.0.0
1399 silly placeDep ROOT raw-body@3.0.2 OK for: @modelcontextprotocol/sdk@1.29.0 want: ^3.0.0
1400 silly placeDep ROOT zod-to-json-schema@3.25.2 OK for: @modelcontextprotocol/sdk@1.29.0 want: ^3.25.1
1401 silly fetch manifest object-assign@^4
1402 silly packumentCache full:https://registry.npmjs.org/object-assign cache-miss
1403 silly fetch manifest vary@^1
1404 silly packumentCache full:https://registry.npmjs.org/vary cache-miss
1405 silly fetch manifest which@^2.0.1
1406 silly packumentCache full:https://registry.npmjs.org/which cache-miss
1407 silly fetch manifest path-key@^3.1.0
1408 silly packumentCache full:https://registry.npmjs.org/path-key cache-miss
1409 silly fetch manifest shebang-command@^2.0.0
1410 silly packumentCache full:https://registry.npmjs.org/shebang-command cache-miss
1411 silly fetch manifest eventsource-parser@^3.0.1
1412 silly packumentCache full:https://registry.npmjs.org/eventsource-parser cache-miss
1413 silly fetch manifest qs@^6.14.0
1414 silly packumentCache full:https://registry.npmjs.org/qs cache-miss
1415 silly fetch manifest depd@^2.0.0
1416 silly packumentCache full:https://registry.npmjs.org/depd cache-miss
1417 silly fetch manifest etag@^1.8.1
1418 silly packumentCache full:https://registry.npmjs.org/etag cache-miss
1419 silly fetch manifest once@^1.4.0
1420 silly packumentCache full:https://registry.npmjs.org/once cache-miss
1421 silly fetch manifest send@^1.1.0
1422 silly packumentCache full:https://registry.npmjs.org/send cache-miss
1423 http cache https://registry.npmjs.org/eventsource-parser 39ms (cache hit)
1424 silly packumentCache full:https://registry.npmjs.org/eventsource-parser set size:78018 disposed:false
1425 silly fetch manifest vary@^1.1.2
1426 silly packumentCache full:https://registry.npmjs.org/vary cache-miss
1427 http fetch GET 200 https://registry.npmjs.org/path-key 83ms (cache miss)
1428 silly packumentCache full:https://registry.npmjs.org/path-key set size:undefined disposed:false
1429 silly fetch manifest debug@^4.4.0
1430 silly packumentCache full:https://registry.npmjs.org/debug cache-miss
1431 http fetch GET 200 https://registry.npmjs.org/shebang-command 85ms (cache miss)
1432 silly packumentCache full:https://registry.npmjs.org/shebang-command set size:undefined disposed:false
1433 silly fetch manifest fresh@^2.0.0
1434 silly packumentCache full:https://registry.npmjs.org/fresh cache-miss
1435 http fetch GET 200 https://registry.npmjs.org/depd 85ms (cache miss)
1436 silly packumentCache full:https://registry.npmjs.org/depd set size:undefined disposed:false
1437 silly fetch manifest cookie@^0.7.1
1438 silly packumentCache full:https://registry.npmjs.org/cookie cache-miss
1439 http fetch GET 200 https://registry.npmjs.org/which 87ms (cache miss)
1440 silly packumentCache full:https://registry.npmjs.org/which set size:undefined disposed:false
1441 silly fetch manifest router@^2.2.0
1442 silly packumentCache full:https://registry.npmjs.org/router cache-miss
1443 http fetch GET 200 https://registry.npmjs.org/object-assign 92ms (cache miss)
1444 silly packumentCache full:https://registry.npmjs.org/object-assign set size:undefined disposed:false
1445 silly fetch manifest accepts@^2.0.0
1446 silly packumentCache full:https://registry.npmjs.org/accepts cache-miss
1447 http fetch GET 200 https://registry.npmjs.org/send 88ms (cache miss)
1448 silly packumentCache full:https://registry.npmjs.org/send set size:undefined disposed:false
1449 silly fetch manifest type-is@^2.0.1
1450 silly packumentCache full:https://registry.npmjs.org/type-is cache-miss
1451 http cache https://registry.npmjs.org/debug 15ms (cache hit)
1452 silly packumentCache full:https://registry.npmjs.org/debug set size:195840 disposed:false
1453 silly fetch manifest parseurl@^1.3.3
1454 silly packumentCache full:https://registry.npmjs.org/parseurl cache-miss
1455 http fetch GET 200 https://registry.npmjs.org/etag 101ms (cache miss)
1456 silly packumentCache full:https://registry.npmjs.org/etag set size:undefined disposed:false
1457 silly fetch manifest statuses@^2.0.1
1458 silly packumentCache full:https://registry.npmjs.org/statuses cache-miss
1459 http fetch GET 200 https://registry.npmjs.org/fresh 38ms (cache miss)
1460 silly packumentCache full:https://registry.npmjs.org/fresh set size:undefined disposed:false
1461 silly fetch manifest encodeurl@^2.0.0
1462 silly packumentCache full:https://registry.npmjs.org/encodeurl cache-miss
1463 http fetch GET 200 https://registry.npmjs.org/accepts 44ms (cache miss)
1464 silly packumentCache full:https://registry.npmjs.org/accepts set size:undefined disposed:false
1465 silly fetch manifest mime-types@^3.0.0
1466 silly packumentCache full:https://registry.npmjs.org/mime-types cache-miss
1467 http fetch GET 200 https://registry.npmjs.org/cookie 59ms (cache miss)
1468 silly packumentCache full:https://registry.npmjs.org/cookie set size:undefined disposed:false
1469 silly fetch manifest proxy-addr@^2.0.7
1470 silly packumentCache full:https://registry.npmjs.org/proxy-addr cache-miss
1471 http fetch GET 200 https://registry.npmjs.org/qs 149ms (cache miss)
1472 silly packumentCache full:https://registry.npmjs.org/qs set size:undefined disposed:false
1473 silly fetch manifest body-parser@^2.2.1
1474 silly packumentCache full:https://registry.npmjs.org/body-parser cache-miss
1475 http fetch GET 200 https://registry.npmjs.org/type-is 60ms (cache miss)
1476 silly packumentCache full:https://registry.npmjs.org/type-is set size:undefined disposed:false
1477 silly fetch manifest escape-html@^1.0.3
1478 silly packumentCache full:https://registry.npmjs.org/escape-html cache-miss
1479 http fetch GET 200 https://registry.npmjs.org/parseurl 65ms (cache miss)
1480 silly packumentCache full:https://registry.npmjs.org/parseurl set size:undefined disposed:false
1481 silly fetch manifest http-errors@^2.0.0
1482 silly packumentCache full:https://registry.npmjs.org/http-errors cache-miss
1483 http fetch GET 200 https://registry.npmjs.org/statuses 65ms (cache miss)
1484 silly packumentCache full:https://registry.npmjs.org/statuses set size:undefined disposed:false
1485 silly fetch manifest on-finished@^2.4.1
1486 silly packumentCache full:https://registry.npmjs.org/on-finished cache-miss
1487 http fetch GET 200 https://registry.npmjs.org/encodeurl 50ms (cache miss)
1488 silly packumentCache full:https://registry.npmjs.org/encodeurl set size:undefined disposed:false
1489 silly fetch manifest finalhandler@^2.1.0
1490 silly packumentCache full:https://registry.npmjs.org/finalhandler cache-miss
1491 http fetch GET 200 https://registry.npmjs.org/mime-types 56ms (cache miss)
1492 silly packumentCache full:https://registry.npmjs.org/mime-types set size:undefined disposed:false
1493 silly fetch manifest range-parser@^1.2.1
1494 silly packumentCache full:https://registry.npmjs.org/range-parser cache-miss
1495 http fetch GET 200 https://registry.npmjs.org/proxy-addr 53ms (cache miss)
1496 silly packumentCache full:https://registry.npmjs.org/proxy-addr set size:undefined disposed:false
1497 silly fetch manifest serve-static@^2.2.0
1498 silly packumentCache full:https://registry.npmjs.org/serve-static cache-miss
1499 http fetch GET 200 https://registry.npmjs.org/body-parser 81ms (cache miss)
1500 silly packumentCache full:https://registry.npmjs.org/body-parser set size:undefined disposed:false
1501 silly fetch manifest cookie-signature@^1.2.1
1502 silly packumentCache full:https://registry.npmjs.org/cookie-signature cache-miss
1503 http fetch GET 200 https://registry.npmjs.org/http-errors 88ms (cache miss)
1504 silly packumentCache full:https://registry.npmjs.org/http-errors set size:undefined disposed:false
1505 silly fetch manifest merge-descriptors@^2.0.0
1506 silly packumentCache full:https://registry.npmjs.org/merge-descriptors cache-miss
1507 http fetch GET 200 https://registry.npmjs.org/on-finished 88ms (cache miss)
1508 silly packumentCache full:https://registry.npmjs.org/on-finished set size:undefined disposed:false
1509 silly fetch manifest content-disposition@^1.0.0
1510 silly packumentCache full:https://registry.npmjs.org/content-disposition cache-miss
1511 http fetch GET 200 https://registry.npmjs.org/range-parser 88ms (cache miss)
1512 silly packumentCache full:https://registry.npmjs.org/range-parser set size:undefined disposed:false
1513 silly fetch manifest debug@^4.4.3
1514 silly packumentCache full:https://registry.npmjs.org/debug cache-hit
1515 silly fetch manifest ip-address@^10.2.0
1516 silly packumentCache full:https://registry.npmjs.org/ip-address cache-miss
1517 http fetch GET 200 https://registry.npmjs.org/finalhandler 115ms (cache miss)
1518 silly packumentCache full:https://registry.npmjs.org/finalhandler set size:undefined disposed:false
1519 silly fetch manifest bytes@~3.1.2
1520 silly packumentCache full:https://registry.npmjs.org/bytes cache-miss
1521 http fetch GET 200 https://registry.npmjs.org/serve-static 101ms (cache miss)
1522 silly packumentCache full:https://registry.npmjs.org/serve-static set size:undefined disposed:false
1523 silly fetch manifest unpipe@~1.0.0
1524 silly packumentCache full:https://registry.npmjs.org/unpipe cache-miss
1525 http fetch GET 200 https://registry.npmjs.org/vary 311ms (cache miss)
1526 silly packumentCache full:https://registry.npmjs.org/vary set size:undefined disposed:false
1527 silly fetch manifest http-errors@~2.0.1
1528 silly packumentCache full:https://registry.npmjs.org/http-errors cache-miss
1529 http fetch GET 200 https://registry.npmjs.org/cookie-signature 65ms (cache miss)
1530 silly packumentCache full:https://registry.npmjs.org/cookie-signature set size:undefined disposed:false
1531 http fetch GET 200 https://registry.npmjs.org/merge-descriptors 58ms (cache miss)
1532 silly packumentCache full:https://registry.npmjs.org/merge-descriptors set size:undefined disposed:false
1533 http cache https://registry.npmjs.org/http-errors 9ms (cache hit)
1534 silly packumentCache full:https://registry.npmjs.org/http-errors set size:71987 disposed:false
1535 http fetch GET 200 https://registry.npmjs.org/once 317ms (cache miss)
1536 silly packumentCache full:https://registry.npmjs.org/once set size:undefined disposed:false
1537 http fetch GET 200 https://registry.npmjs.org/vary 290ms (cache miss)
1538 silly packumentCache full:https://registry.npmjs.org/vary set size:undefined disposed:false
1539 http fetch GET 200 https://registry.npmjs.org/content-disposition 77ms (cache miss)
1540 silly packumentCache full:https://registry.npmjs.org/content-disposition set size:undefined disposed:false
1541 http fetch GET 200 https://registry.npmjs.org/ip-address 80ms (cache miss)
1542 silly packumentCache full:https://registry.npmjs.org/ip-address set size:undefined disposed:false
1543 http fetch GET 200 https://registry.npmjs.org/bytes 73ms (cache miss)
1544 silly packumentCache full:https://registry.npmjs.org/bytes set size:undefined disposed:false
1545 http fetch GET 200 https://registry.npmjs.org/unpipe 65ms (cache miss)
1546 silly packumentCache full:https://registry.npmjs.org/unpipe set size:undefined disposed:false
1547 http fetch GET 200 https://registry.npmjs.org/router 291ms (cache miss)
1548 silly packumentCache full:https://registry.npmjs.org/router set size:undefined disposed:false
1549 http fetch GET 200 https://registry.npmjs.org/escape-html 303ms (cache miss)
1550 silly packumentCache full:https://registry.npmjs.org/escape-html set size:undefined disposed:false
1551 silly placeDep ROOT fast-deep-equal@3.1.3 OK for: ajv@8.20.0 want: ^3.1.3
1552 silly placeDep ROOT fast-uri@3.1.5 OK for: ajv@8.20.0 want: ^3.0.1
1553 silly placeDep ROOT json-schema-traverse@1.0.0 OK for: ajv@8.20.0 want: ^1.0.0
1554 silly placeDep ROOT require-from-string@2.0.2 OK for: ajv@8.20.0 want: ^2.0.2
1555 silly placeDep ROOT css-select@6.0.0 OK for: beasties@0.4.3 want: ^6.0.0
1556 silly placeDep ROOT css-what@7.0.0 OK for: beasties@0.4.3 want: ^7.0.0
1557 silly placeDep ROOT dom-serializer@2.0.0 OK for: beasties@0.4.3 want: ^2.0.0
1558 silly placeDep ROOT domhandler@5.0.3 OK for: beasties@0.4.3 want: ^5.0.3
1559 silly placeDep ROOT htmlparser2@10.1.0 OK for: beasties@0.4.3 want: ^10.0.0
1560 silly placeDep ROOT picocolors@1.1.1 OK for: beasties@0.4.3 want: ^1.1.1
1561 silly placeDep ROOT postcss@8.5.25 OK for: beasties@0.4.3 want: ^8.4.49
1562 silly placeDep ROOT postcss-media-query-parser@0.2.3 OK for: beasties@0.4.3 want: ^0.2.3
1563 silly placeDep ROOT postcss-safe-parser@7.0.1 OK for: beasties@0.4.3 want: ^7.0.1
1564 silly fetch manifest boolbase@^1.0.0
1565 silly packumentCache full:https://registry.npmjs.org/boolbase cache-miss
1566 silly fetch manifest domutils@^3.2.2
1567 silly packumentCache full:https://registry.npmjs.org/domutils cache-miss
1568 silly fetch manifest nth-check@^2.1.1
1569 silly packumentCache full:https://registry.npmjs.org/nth-check cache-miss
1570 silly fetch manifest entities@^4.2.0
1571 silly packumentCache full:https://registry.npmjs.org/entities cache-miss
1572 silly fetch manifest domhandler@^5.0.2
1573 silly packumentCache full:https://registry.npmjs.org/domhandler cache-miss
1574 silly fetch manifest domelementtype@^2.3.0
1575 silly packumentCache full:https://registry.npmjs.org/domelementtype cache-miss
1576 silly fetch manifest domelementtype@^2.3.0
1577 silly packumentCache full:https://registry.npmjs.org/domelementtype cache-miss
1578 silly fetch manifest domutils@^3.2.2
1579 silly packumentCache full:https://registry.npmjs.org/domutils cache-miss
1580 silly fetch manifest entities@^7.0.1
1581 silly packumentCache full:https://registry.npmjs.org/entities cache-miss
1582 silly fetch manifest domelementtype@^2.3.0
1583 silly packumentCache full:https://registry.npmjs.org/domelementtype cache-miss
1584 silly fetch manifest nanoid@^3.3.16
1585 silly packumentCache full:https://registry.npmjs.org/nanoid cache-miss
1586 http cache https://registry.npmjs.org/entities 14ms (cache hit)
1587 silly packumentCache full:https://registry.npmjs.org/entities set size:101550 disposed:false
1588 silly fetch manifest source-map-js@^1.2.1
1589 silly packumentCache full:https://registry.npmjs.org/source-map-js cache-miss
1590 http cache https://registry.npmjs.org/domhandler 19ms (cache hit)
1591 silly packumentCache full:https://registry.npmjs.org/domhandler set size:78187 disposed:false
1592 http cache https://registry.npmjs.org/entities 21ms (cache hit)
1593 silly packumentCache full:https://registry.npmjs.org/entities set size:101550 disposed:false
1594 silly packumentCache full:https://registry.npmjs.org/entities dispose
1595 http cache https://registry.npmjs.org/source-map-js 9ms (cache hit)
1596 silly packumentCache full:https://registry.npmjs.org/source-map-js set size:62640 disposed:false
1597 http fetch GET 200 https://registry.npmjs.org/nanoid 136ms (cache miss)
1598 silly packumentCache full:https://registry.npmjs.org/nanoid set size:undefined disposed:false
1599 http fetch GET 200 https://registry.npmjs.org/nth-check 283ms (cache miss)
1600 silly packumentCache full:https://registry.npmjs.org/nth-check set size:undefined disposed:false
1601 http fetch GET 200 https://registry.npmjs.org/boolbase 304ms (cache miss)
1602 silly packumentCache full:https://registry.npmjs.org/boolbase set size:undefined disposed:false
1603 http fetch GET 200 https://registry.npmjs.org/domelementtype 305ms (cache miss)
1604 silly packumentCache full:https://registry.npmjs.org/domelementtype set size:undefined disposed:false
1605 http fetch GET 200 https://registry.npmjs.org/domelementtype 313ms (cache miss)
1606 silly packumentCache full:https://registry.npmjs.org/domelementtype set size:undefined disposed:false
1607 http fetch GET 200 https://registry.npmjs.org/domelementtype 315ms (cache miss)
1608 silly packumentCache full:https://registry.npmjs.org/domelementtype set size:undefined disposed:false
1609 http fetch GET 200 https://registry.npmjs.org/domutils 318ms (cache miss)
1610 silly packumentCache full:https://registry.npmjs.org/domutils set size:undefined disposed:false
1611 http fetch GET 200 https://registry.npmjs.org/domutils 320ms (cache miss)
1612 silly packumentCache full:https://registry.npmjs.org/domutils set size:undefined disposed:false
1613 silly fetch manifest browserslist@>= 4.21.0
1614 silly packumentCache full:https://registry.npmjs.org/browserslist cache-miss
1615 http cache https://registry.npmjs.org/browserslist 8ms (cache hit)
1616 silly packumentCache full:https://registry.npmjs.org/browserslist set size:516369 disposed:false
1617 silly placeDep ROOT baseline-browser-mapping@2.11.11 OK for: browserslist@4.28.7 want: ^2.10.44
1618 silly placeDep ROOT caniuse-lite@1.0.30001806 OK for: browserslist@4.28.7 want: ^1.0.30001806
1619 silly placeDep ROOT electron-to-chromium@1.5.399 OK for: browserslist@4.28.7 want: ^1.5.393
1620 silly placeDep ROOT node-releases@2.0.51 OK for: browserslist@4.28.7 want: ^2.0.51
1621 silly placeDep ROOT update-browserslist-db@1.2.3 OK for: browserslist@4.28.7 want: ^1.2.3
1622 silly fetch manifest escalade@^3.2.0
1623 silly packumentCache full:https://registry.npmjs.org/escalade cache-miss
1624 http cache https://registry.npmjs.org/escalade 4ms (cache hit)
1625 silly packumentCache full:https://registry.npmjs.org/escalade set size:33724 disposed:false
1626 silly placeDep ROOT readdirp@5.0.0 OK for: chokidar@5.0.0 want: ^5.0.0
1627 silly placeDep ROOT object-assign@4.1.1 OK for: cors@2.8.6 want: ^4
1628 silly placeDep ROOT vary@1.1.2 OK for: cors@2.8.6 want: ^1
1629 silly placeDep ROOT path-key@3.1.1 OK for: cross-spawn@7.0.6 want: ^3.1.0
1630 silly placeDep ROOT shebang-command@2.0.0 OK for: cross-spawn@7.0.6 want: ^2.0.0
1631 silly placeDep ROOT which@2.0.2 OK for: cross-spawn@7.0.6 want: ^2.0.1
1632 silly fetch manifest shebang-regex@^3.0.0
1633 silly packumentCache full:https://registry.npmjs.org/shebang-regex cache-miss
1634 silly fetch manifest isexe@^2.0.0
1635 silly packumentCache full:https://registry.npmjs.org/isexe cache-miss
1636 http fetch GET 200 https://registry.npmjs.org/isexe 286ms (cache miss)
1637 silly packumentCache full:https://registry.npmjs.org/isexe set size:undefined disposed:false
1638 http fetch GET 200 https://registry.npmjs.org/shebang-regex 307ms (cache miss)
1639 silly packumentCache full:https://registry.npmjs.org/shebang-regex set size:undefined disposed:false
1640 silly placeDep ROOT boolbase@1.0.0 OK for: css-select@6.0.0 want: ^1.0.0
1641 silly placeDep ROOT domutils@3.2.2 OK for: css-select@6.0.0 want: ^3.2.2
1642 silly placeDep ROOT nth-check@2.1.1 OK for: css-select@6.0.0 want: ^2.1.1
1643 silly placeDep ROOT domelementtype@2.3.0 OK for: dom-serializer@2.0.0 want: ^2.3.0
1644 silly placeDep ROOT entities@4.5.0 OK for: dom-serializer@2.0.0 want: ^4.2.0
1645 silly placeDep ROOT @esbuild/aix-ppc64@0.28.1 OK for: esbuild@0.28.1 want: 0.28.1
1646 silly placeDep ROOT @esbuild/android-arm@0.28.1 OK for: esbuild@0.28.1 want: 0.28.1
1647 silly placeDep ROOT @esbuild/android-arm64@0.28.1 OK for: esbuild@0.28.1 want: 0.28.1
1648 silly placeDep ROOT @esbuild/android-x64@0.28.1 OK for: esbuild@0.28.1 want: 0.28.1
1649 silly placeDep ROOT @esbuild/darwin-arm64@0.28.1 OK for: esbuild@0.28.1 want: 0.28.1
1650 silly placeDep ROOT @esbuild/darwin-x64@0.28.1 OK for: esbuild@0.28.1 want: 0.28.1
1651 silly placeDep ROOT @esbuild/freebsd-arm64@0.28.1 OK for: esbuild@0.28.1 want: 0.28.1
1652 silly placeDep ROOT @esbuild/freebsd-x64@0.28.1 OK for: esbuild@0.28.1 want: 0.28.1
1653 silly placeDep ROOT @esbuild/linux-arm@0.28.1 OK for: esbuild@0.28.1 want: 0.28.1
1654 silly placeDep ROOT @esbuild/linux-arm64@0.28.1 OK for: esbuild@0.28.1 want: 0.28.1
1655 silly placeDep ROOT @esbuild/linux-ia32@0.28.1 OK for: esbuild@0.28.1 want: 0.28.1
1656 silly placeDep ROOT @esbuild/linux-loong64@0.28.1 OK for: esbuild@0.28.1 want: 0.28.1
1657 silly placeDep ROOT @esbuild/linux-mips64el@0.28.1 OK for: esbuild@0.28.1 want: 0.28.1
1658 silly placeDep ROOT @esbuild/linux-ppc64@0.28.1 OK for: esbuild@0.28.1 want: 0.28.1
1659 silly placeDep ROOT @esbuild/linux-riscv64@0.28.1 OK for: esbuild@0.28.1 want: 0.28.1
1660 silly placeDep ROOT @esbuild/linux-s390x@0.28.1 OK for: esbuild@0.28.1 want: 0.28.1
1661 silly placeDep ROOT @esbuild/linux-x64@0.28.1 OK for: esbuild@0.28.1 want: 0.28.1
1662 silly placeDep ROOT @esbuild/netbsd-arm64@0.28.1 OK for: esbuild@0.28.1 want: 0.28.1
1663 silly placeDep ROOT @esbuild/netbsd-x64@0.28.1 OK for: esbuild@0.28.1 want: 0.28.1
1664 silly placeDep ROOT @esbuild/openbsd-arm64@0.28.1 OK for: esbuild@0.28.1 want: 0.28.1
1665 silly placeDep ROOT @esbuild/openbsd-x64@0.28.1 OK for: esbuild@0.28.1 want: 0.28.1
1666 silly placeDep ROOT @esbuild/openharmony-arm64@0.28.1 OK for: esbuild@0.28.1 want: 0.28.1
1667 silly placeDep ROOT @esbuild/sunos-x64@0.28.1 OK for: esbuild@0.28.1 want: 0.28.1
1668 silly placeDep ROOT @esbuild/win32-arm64@0.28.1 OK for: esbuild@0.28.1 want: 0.28.1
1669 silly placeDep ROOT @esbuild/win32-ia32@0.28.1 OK for: esbuild@0.28.1 want: 0.28.1
1670 silly placeDep ROOT @esbuild/win32-x64@0.28.1 OK for: esbuild@0.28.1 want: 0.28.1
1671 silly placeDep ROOT accepts@2.0.0 OK for: express@5.2.1 want: ^2.0.0
1672 silly placeDep ROOT body-parser@2.3.0 OK for: express@5.2.1 want: ^2.2.1
1673 silly placeDep ROOT content-disposition@1.1.0 OK for: express@5.2.1 want: ^1.0.0
1674 silly placeDep ROOT cookie@0.7.2 OK for: express@5.2.1 want: ^0.7.1
1675 silly placeDep ROOT cookie-signature@1.2.2 OK for: express@5.2.1 want: ^1.2.1
1676 silly placeDep ROOT debug@4.4.3 OK for: express@5.2.1 want: ^4.4.0
1677 silly placeDep ROOT depd@2.0.0 OK for: express@5.2.1 want: ^2.0.0
1678 silly placeDep ROOT encodeurl@2.0.0 OK for: express@5.2.1 want: ^2.0.0
1679 silly placeDep ROOT escape-html@1.0.3 OK for: express@5.2.1 want: ^1.0.3
1680 silly placeDep ROOT etag@1.8.1 OK for: express@5.2.1 want: ^1.8.1
1681 silly placeDep ROOT finalhandler@2.1.1 OK for: express@5.2.1 want: ^2.1.0
1682 silly placeDep ROOT fresh@2.0.0 OK for: express@5.2.1 want: ^2.0.0
1683 silly placeDep ROOT http-errors@2.0.1 OK for: express@5.2.1 want: ^2.0.0
1684 silly placeDep ROOT merge-descriptors@2.0.0 OK for: express@5.2.1 want: ^2.0.0
1685 silly placeDep ROOT mime-types@3.0.2 OK for: express@5.2.1 want: ^3.0.0
1686 silly placeDep ROOT on-finished@2.4.1 OK for: express@5.2.1 want: ^2.4.1
1687 silly placeDep ROOT once@1.4.0 OK for: express@5.2.1 want: ^1.4.0
1688 silly placeDep ROOT parseurl@1.3.3 OK for: express@5.2.1 want: ^1.3.3
1689 silly placeDep ROOT proxy-addr@2.0.7 OK for: express@5.2.1 want: ^2.0.7
1690 silly placeDep ROOT qs@6.15.3 OK for: express@5.2.1 want: ^6.14.0
1691 silly placeDep ROOT range-parser@1.3.0 OK for: express@5.2.1 want: ^1.2.1
1692 silly placeDep ROOT router@2.2.0 OK for: express@5.2.1 want: ^2.2.0
1693 silly placeDep ROOT send@1.2.1 OK for: express@5.2.1 want: ^1.1.0
1694 silly placeDep ROOT serve-static@2.2.1 OK for: express@5.2.1 want: ^2.2.0
1695 silly placeDep ROOT statuses@2.0.2 OK for: express@5.2.1 want: ^2.0.1
1696 silly placeDep ROOT type-is@2.1.0 OK for: express@5.2.1 want: ^2.0.1
1697 silly fetch manifest negotiator@^1.0.0
1698 silly packumentCache full:https://registry.npmjs.org/negotiator cache-miss
1699 silly fetch manifest qs@^6.15.2
1700 silly packumentCache full:https://registry.npmjs.org/qs cache-miss
1701 silly fetch manifest bytes@^3.1.2
1702 silly packumentCache full:https://registry.npmjs.org/bytes cache-miss
1703 silly fetch manifest type-is@^2.1.0
1704 silly packumentCache full:https://registry.npmjs.org/type-is cache-miss
1705 silly fetch manifest http-errors@^2.0.1
1706 silly packumentCache full:https://registry.npmjs.org/http-errors cache-hit
1707 silly fetch manifest content-type@^2.0.0
1708 silly packumentCache full:https://registry.npmjs.org/content-type cache-miss
1709 silly fetch manifest ms@^2.1.3
1710 silly packumentCache full:https://registry.npmjs.org/ms cache-miss
1711 silly fetch manifest inherits@~2.0.4
1712 silly packumentCache full:https://registry.npmjs.org/inherits cache-miss
1713 silly fetch manifest setprototypeof@~1.2.0
1714 silly packumentCache full:https://registry.npmjs.org/setprototypeof cache-miss
1715 silly fetch manifest statuses@~2.0.2
1716 silly packumentCache full:https://registry.npmjs.org/statuses cache-miss
1717 silly fetch manifest toidentifier@~1.0.1
1718 silly packumentCache full:https://registry.npmjs.org/toidentifier cache-miss
1719 silly fetch manifest mime-db@^1.54.0
1720 silly packumentCache full:https://registry.npmjs.org/mime-db cache-miss
1721 http cache https://registry.npmjs.org/content-type 45ms (cache hit)
1722 silly packumentCache full:https://registry.npmjs.org/content-type set size:18994 disposed:false
1723 silly fetch manifest ee-first@1.1.1
1724 silly packumentCache full:https://registry.npmjs.org/ee-first cache-miss
1725 http cache https://registry.npmjs.org/bytes 52ms (cache hit)
1726 silly packumentCache full:https://registry.npmjs.org/bytes set size:37018 disposed:false
1727 silly fetch manifest wrappy@1
1728 silly packumentCache full:https://registry.npmjs.org/wrappy cache-miss
1729 http cache https://registry.npmjs.org/type-is 59ms (cache hit)
1730 silly packumentCache full:https://registry.npmjs.org/type-is set size:88614 disposed:false
1731 silly fetch manifest forwarded@0.2.0
1732 silly packumentCache full:https://registry.npmjs.org/forwarded cache-miss
1733 http cache https://registry.npmjs.org/statuses 53ms (cache hit)
1734 silly packumentCache full:https://registry.npmjs.org/statuses set size:37117 disposed:false
1735 silly fetch manifest ipaddr.js@1.9.1
1736 silly packumentCache full:https://registry.npmjs.org/ipaddr.js cache-miss
1737 http cache https://registry.npmjs.org/qs 68ms (cache hit)
1738 silly packumentCache full:https://registry.npmjs.org/qs set size:360318 disposed:false
1739 silly fetch manifest side-channel@^1.1.1
1740 silly packumentCache full:https://registry.npmjs.org/side-channel cache-miss
1741 http fetch GET 200 https://registry.npmjs.org/inherits 67ms (cache miss)
1742 silly packumentCache full:https://registry.npmjs.org/inherits set size:undefined disposed:false
1743 silly fetch manifest es-define-property@^1.0.1
1744 silly packumentCache full:https://registry.npmjs.org/es-define-property cache-miss
1745 http fetch GET 200 https://registry.npmjs.org/ms 75ms (cache miss)
1746 silly packumentCache full:https://registry.npmjs.org/ms set size:undefined disposed:false
1747 silly fetch manifest is-promise@^4.0.0
1748 silly packumentCache full:https://registry.npmjs.org/is-promise cache-miss
1749 http fetch GET 200 https://registry.npmjs.org/toidentifier 70ms (cache miss)
1750 silly packumentCache full:https://registry.npmjs.org/toidentifier set size:undefined disposed:false
1751 silly fetch manifest path-to-regexp@^8.0.0
1752 silly packumentCache full:https://registry.npmjs.org/path-to-regexp cache-miss
1753 http fetch GET 200 https://registry.npmjs.org/wrappy 48ms (cache miss)
1754 silly packumentCache full:https://registry.npmjs.org/wrappy set size:undefined disposed:false
1755 silly fetch manifest statuses@^2.0.2
1756 silly packumentCache full:https://registry.npmjs.org/statuses cache-hit
1757 silly fetch manifest media-typer@^1.1.0
1758 silly packumentCache full:https://registry.npmjs.org/media-typer cache-miss
1759 http fetch GET 200 https://registry.npmjs.org/side-channel 44ms (cache miss)
1760 silly packumentCache full:https://registry.npmjs.org/side-channel set size:undefined disposed:false
1761 http fetch GET 200 https://registry.npmjs.org/ee-first 69ms (cache miss)
1762 silly packumentCache full:https://registry.npmjs.org/ee-first set size:undefined disposed:false
1763 http fetch GET 200 https://registry.npmjs.org/ipaddr.js 58ms (cache miss)
1764 silly packumentCache full:https://registry.npmjs.org/ipaddr.js set size:undefined disposed:false
1765 http fetch GET 200 https://registry.npmjs.org/is-promise 47ms (cache miss)
1766 silly packumentCache full:https://registry.npmjs.org/is-promise set size:undefined disposed:false
1767 http fetch GET 200 https://registry.npmjs.org/es-define-property 51ms (cache miss)
1768 silly packumentCache full:https://registry.npmjs.org/es-define-property set size:undefined disposed:false
1769 http fetch GET 200 https://registry.npmjs.org/mime-db 122ms (cache miss)
1770 silly packumentCache full:https://registry.npmjs.org/mime-db set size:undefined disposed:false
1771 http fetch GET 200 https://registry.npmjs.org/media-typer 45ms (cache miss)
1772 silly packumentCache full:https://registry.npmjs.org/media-typer set size:undefined disposed:false
1773 http fetch GET 200 https://registry.npmjs.org/path-to-regexp 90ms (cache miss)
1774 silly packumentCache full:https://registry.npmjs.org/path-to-regexp set size:undefined disposed:false
1775 http fetch GET 200 https://registry.npmjs.org/setprototypeof 312ms (cache miss)
1776 silly packumentCache full:https://registry.npmjs.org/setprototypeof set size:undefined disposed:false
1777 http fetch GET 200 https://registry.npmjs.org/negotiator 331ms (cache miss)
1778 silly packumentCache full:https://registry.npmjs.org/negotiator set size:undefined disposed:false
1779 http fetch GET 200 https://registry.npmjs.org/forwarded 312ms (cache miss)
1780 silly packumentCache full:https://registry.npmjs.org/forwarded set size:undefined disposed:false
1781 silly placeDep ROOT negotiator@1.0.0 OK for: accepts@2.0.0 want: ^1.0.0
1782 silly placeDep ROOT bytes@3.1.2 OK for: body-parser@2.3.0 want: ^3.1.2
1783 silly placeDep node_modules/body-parser content-type@2.0.0 OK for: body-parser@2.3.0 want: ^2.0.0
1784 silly placeDep ROOT ms@2.1.3 OK for: debug@4.4.3 want: ^2.1.3
1785 silly placeDep ROOT ip-address@10.4.0 OK for: express-rate-limit@8.6.1 want: ^10.2.0
1786 silly placeDep ROOT fast-string-width@3.0.2 OK for: fast-wrap-ansi@0.2.2 want: ^3.0.2
1787 silly fetch manifest fast-string-truncated-width@^3.0.2
1788 silly packumentCache full:https://registry.npmjs.org/fast-string-truncated-width cache-miss
1789 http fetch GET 200 https://registry.npmjs.org/fast-string-truncated-width 287ms (cache miss)
1790 silly packumentCache full:https://registry.npmjs.org/fast-string-truncated-width set size:undefined disposed:false
1791 silly placeDep ROOT fast-string-truncated-width@3.0.3 OK for: fast-string-width@3.0.2 want: ^3.0.2
1792 silly placeDep node_modules/htmlparser2 entities@7.0.1 OK for: htmlparser2@10.1.0 want: ^7.0.1
1793 silly placeDep ROOT inherits@2.0.4 OK for: http-errors@2.0.1 want: ~2.0.4
1794 silly placeDep ROOT setprototypeof@1.2.0 OK for: http-errors@2.0.1 want: ~1.2.0
1795 silly placeDep ROOT toidentifier@1.0.1 OK for: http-errors@2.0.1 want: ~1.0.1
1796 silly fetch manifest kerberos@^2.0.0
1797 silly packumentCache full:https://registry.npmjs.org/kerberos cache-miss
1798 http fetch GET 200 https://registry.npmjs.org/kerberos 305ms (cache miss)
1799 silly packumentCache full:https://registry.npmjs.org/kerberos set size:undefined disposed:false
1800 silly placeDep ROOT agent-base@9.0.0 OK for: https-proxy-agent@9.1.0 want: 9.0.0
1801 silly placeDep ROOT proxy-agent-negotiate@1.1.0 OK for: https-proxy-agent@9.1.0 want: 1.1.0
1802 silly placeDep ROOT safer-buffer@2.1.2 OK for: iconv-lite@0.7.3 want: >= 2.1.2 < 3.0.0
1803 silly placeDep ROOT cli-truncate@5.2.0 OK for: listr2@10.2.1 want: ^5.2.0
1804 silly placeDep ROOT eventemitter3@5.0.4 OK for: listr2@10.2.1 want: ^5.0.4
1805 silly placeDep ROOT log-update@6.1.0 OK for: listr2@10.2.1 want: ^6.1.0
1806 silly placeDep ROOT rfdc@1.4.1 OK for: listr2@10.2.1 want: ^1.4.1
1807 silly placeDep ROOT wrap-ansi@10.0.0 OK for: listr2@10.2.1 want: ^10.0.0
1808 silly fetch manifest slice-ansi@^8.0.0
1809 silly packumentCache full:https://registry.npmjs.org/slice-ansi cache-miss
1810 silly fetch manifest string-width@^8.2.0
1811 silly packumentCache full:https://registry.npmjs.org/string-width cache-hit
1812 silly fetch manifest wrap-ansi@^9.0.0
1813 silly packumentCache full:https://registry.npmjs.org/wrap-ansi cache-miss
1814 silly fetch manifest slice-ansi@^7.1.0
1815 silly packumentCache full:https://registry.npmjs.org/slice-ansi cache-miss
1816 silly fetch manifest strip-ansi@^7.1.0
1817 silly packumentCache full:https://registry.npmjs.org/strip-ansi cache-miss
1818 silly fetch manifest ansi-escapes@^7.0.0
1819 silly packumentCache full:https://registry.npmjs.org/ansi-escapes cache-miss
1820 silly fetch manifest ansi-styles@^6.2.3
1821 silly packumentCache full:https://registry.npmjs.org/ansi-styles cache-miss
1822 silly fetch manifest string-width@^8.2.0
1823 silly packumentCache full:https://registry.npmjs.org/string-width cache-hit
1824 silly fetch manifest strip-ansi@^7.1.2
1825 silly packumentCache full:https://registry.npmjs.org/strip-ansi cache-miss
1826 http cache https://registry.npmjs.org/wrap-ansi 22ms (cache hit)
1827 silly packumentCache full:https://registry.npmjs.org/wrap-ansi set size:55299 disposed:false
1828 http fetch GET 200 https://registry.npmjs.org/strip-ansi 57ms (cache miss)
1829 silly packumentCache full:https://registry.npmjs.org/strip-ansi set size:undefined disposed:false
1830 http fetch GET 200 https://registry.npmjs.org/strip-ansi 73ms (cache miss)
1831 silly packumentCache full:https://registry.npmjs.org/strip-ansi set size:undefined disposed:false
1832 http fetch GET 200 https://registry.npmjs.org/ansi-escapes 95ms (cache miss)
1833 silly packumentCache full:https://registry.npmjs.org/ansi-escapes set size:undefined disposed:false
1834 http fetch GET 200 https://registry.npmjs.org/slice-ansi 278ms (cache miss)
1835 silly packumentCache full:https://registry.npmjs.org/slice-ansi set size:undefined disposed:false
1836 http fetch GET 200 https://registry.npmjs.org/slice-ansi 289ms (cache miss)
1837 silly packumentCache full:https://registry.npmjs.org/slice-ansi set size:undefined disposed:false
1838 http fetch GET 200 https://registry.npmjs.org/ansi-styles 312ms (cache miss)
1839 silly packumentCache full:https://registry.npmjs.org/ansi-styles set size:undefined disposed:false
1840 silly placeDep ROOT slice-ansi@8.0.0 OK for: cli-truncate@5.2.0 want: ^8.0.0
1841 silly placeDep ROOT string-width@8.2.2 OK for: cli-truncate@5.2.0 want: ^8.2.0
1842 silly fetch manifest is-fullwidth-code-point@^5.1.0
1843 silly packumentCache full:https://registry.npmjs.org/is-fullwidth-code-point cache-miss
1844 silly fetch manifest get-east-asian-width@^1.5.0
1845 silly packumentCache full:https://registry.npmjs.org/get-east-asian-width cache-miss
1846 http fetch GET 200 https://registry.npmjs.org/is-fullwidth-code-point 49ms (cache miss)
1847 silly packumentCache full:https://registry.npmjs.org/is-fullwidth-code-point set size:undefined disposed:false
1848 http fetch GET 200 https://registry.npmjs.org/get-east-asian-width 60ms (cache miss)
1849 silly packumentCache full:https://registry.npmjs.org/get-east-asian-width set size:undefined disposed:false
1850 silly placeDep ROOT @harperfast/extended-iterable@1.0.3 OK for: lmdb@3.5.6 want: ^1.0.3
1851 silly placeDep ROOT @lmdb/lmdb-darwin-arm64@3.5.6 OK for: lmdb@3.5.6 want: 3.5.6
1852 silly placeDep ROOT @lmdb/lmdb-darwin-x64@3.5.6 OK for: lmdb@3.5.6 want: 3.5.6
1853 silly placeDep ROOT @lmdb/lmdb-linux-arm@3.5.6 OK for: lmdb@3.5.6 want: 3.5.6
1854 silly placeDep ROOT @lmdb/lmdb-linux-arm64@3.5.6 OK for: lmdb@3.5.6 want: 3.5.6
1855 silly placeDep ROOT @lmdb/lmdb-linux-x64@3.5.6 OK for: lmdb@3.5.6 want: 3.5.6
1856 silly placeDep ROOT @lmdb/lmdb-win32-arm64@3.5.6 OK for: lmdb@3.5.6 want: 3.5.6
1857 silly placeDep ROOT @lmdb/lmdb-win32-x64@3.5.6 OK for: lmdb@3.5.6 want: 3.5.6
1858 silly placeDep ROOT msgpackr@1.12.1 OK for: lmdb@3.5.6 want: ^1.11.2
1859 silly placeDep ROOT node-addon-api@6.1.0 OK for: lmdb@3.5.6 want: ^6.1.0
1860 silly placeDep ROOT node-gyp-build-optional-packages@5.2.2 OK for: lmdb@3.5.6 want: 5.2.2
1861 silly placeDep ROOT ordered-binary@1.6.1 OK for: lmdb@3.5.6 want: ^1.5.3
1862 silly placeDep ROOT weak-lru-cache@1.2.2 OK for: lmdb@3.5.6 want: ^1.2.2
1863 silly fetch manifest msgpackr-extract@^3.0.2
1864 silly packumentCache full:https://registry.npmjs.org/msgpackr-extract cache-miss
1865 silly fetch manifest detect-libc@^2.0.1
1866 silly packumentCache full:https://registry.npmjs.org/detect-libc cache-miss
1867 http fetch GET 200 https://registry.npmjs.org/detect-libc 282ms (cache miss)
1868 silly packumentCache full:https://registry.npmjs.org/detect-libc set size:undefined disposed:false
1869 http fetch GET 200 https://registry.npmjs.org/msgpackr-extract 317ms (cache miss)
1870 silly packumentCache full:https://registry.npmjs.org/msgpackr-extract set size:undefined disposed:false
1871 silly placeDep ROOT ansi-escapes@7.3.0 OK for: log-update@6.1.0 want: ^7.0.0
1872 silly placeDep ROOT cli-cursor@5.0.0 OK for: log-update@6.1.0 want: ^5.0.0
1873 silly placeDep node_modules/log-update slice-ansi@7.1.2 OK for: log-update@6.1.0 want: ^7.1.0
1874 silly placeDep ROOT strip-ansi@7.2.0 OK for: log-update@6.1.0 want: ^7.1.0
1875 silly placeDep node_modules/log-update wrap-ansi@9.0.2 OK for: log-update@6.1.0 want: ^9.0.0
1876 silly fetch manifest environment@^1.0.0
1877 silly packumentCache full:https://registry.npmjs.org/environment cache-miss
1878 silly fetch manifest restore-cursor@^5.0.0
1879 silly packumentCache full:https://registry.npmjs.org/restore-cursor cache-miss
1880 silly fetch manifest ansi-styles@^6.2.1
1881 silly packumentCache full:https://registry.npmjs.org/ansi-styles cache-miss
1882 silly fetch manifest is-fullwidth-code-point@^5.0.0
1883 silly packumentCache full:https://registry.npmjs.org/is-fullwidth-code-point cache-miss
1884 silly fetch manifest ansi-regex@^6.2.2
1885 silly packumentCache full:https://registry.npmjs.org/ansi-regex cache-miss
1886 silly fetch manifest ansi-styles@^6.2.1
1887 silly packumentCache full:https://registry.npmjs.org/ansi-styles cache-miss
1888 silly fetch manifest string-width@^7.0.0
1889 silly packumentCache full:https://registry.npmjs.org/string-width cache-hit
1890 http cache https://registry.npmjs.org/is-fullwidth-code-point 25ms (cache hit)
1891 silly packumentCache full:https://registry.npmjs.org/is-fullwidth-code-point set size:14578 disposed:false
1892 http cache https://registry.npmjs.org/ansi-styles 26ms (cache hit)
1893 silly packumentCache full:https://registry.npmjs.org/ansi-styles set size:71772 disposed:false
1894 http cache https://registry.npmjs.org/ansi-styles 29ms (cache hit)
1895 silly packumentCache full:https://registry.npmjs.org/ansi-styles set size:71772 disposed:false
1896 silly packumentCache full:https://registry.npmjs.org/ansi-styles dispose
1897 http fetch GET 200 https://registry.npmjs.org/restore-cursor 60ms (cache miss)
1898 silly packumentCache full:https://registry.npmjs.org/restore-cursor set size:undefined disposed:false
1899 http fetch GET 200 https://registry.npmjs.org/environment 65ms (cache miss)
1900 silly packumentCache full:https://registry.npmjs.org/environment set size:undefined disposed:false
1901 http fetch GET 200 https://registry.npmjs.org/ansi-regex 312ms (cache miss)
1902 silly packumentCache full:https://registry.npmjs.org/ansi-regex set size:undefined disposed:false
1903 silly placeDep ROOT environment@1.1.0 OK for: ansi-escapes@7.3.0 want: ^1.0.0
1904 silly placeDep ROOT restore-cursor@5.1.0 OK for: cli-cursor@5.0.0 want: ^5.0.0
1905 silly fetch manifest onetime@^7.0.0
1906 silly packumentCache full:https://registry.npmjs.org/onetime cache-miss
1907 http fetch GET 200 https://registry.npmjs.org/onetime 85ms (cache miss)
1908 silly packumentCache full:https://registry.npmjs.org/onetime set size:undefined disposed:false
1909 silly placeDep ROOT mime-db@1.54.0 OK for: mime-types@3.0.2 want: ^1.54.0
1910 silly placeDep ROOT msgpackr-extract@3.0.4 OK for: msgpackr@1.12.1 want: ^3.0.2
1911 silly fetch manifest @msgpackr-extract/msgpackr-extract-darwin-arm64@3.0.4
1912 silly packumentCache full:https://registry.npmjs.org/@msgpackr-extract%2fmsgpackr-extract-darwin-arm64 cache-miss
1913 silly fetch manifest @msgpackr-extract/msgpackr-extract-darwin-x64@3.0.4
1914 silly packumentCache full:https://registry.npmjs.org/@msgpackr-extract%2fmsgpackr-extract-darwin-x64 cache-miss
1915 silly fetch manifest @msgpackr-extract/msgpackr-extract-linux-arm@3.0.4
1916 silly packumentCache full:https://registry.npmjs.org/@msgpackr-extract%2fmsgpackr-extract-linux-arm cache-miss
1917 silly fetch manifest @msgpackr-extract/msgpackr-extract-linux-arm64@3.0.4
1918 silly packumentCache full:https://registry.npmjs.org/@msgpackr-extract%2fmsgpackr-extract-linux-arm64 cache-miss
1919 silly fetch manifest @msgpackr-extract/msgpackr-extract-linux-x64@3.0.4
1920 silly packumentCache full:https://registry.npmjs.org/@msgpackr-extract%2fmsgpackr-extract-linux-x64 cache-miss
1921 silly fetch manifest @msgpackr-extract/msgpackr-extract-win32-x64@3.0.4
1922 silly packumentCache full:https://registry.npmjs.org/@msgpackr-extract%2fmsgpackr-extract-win32-x64 cache-miss
1923 http fetch GET 200 https://registry.npmjs.org/@msgpackr-extract%2fmsgpackr-extract-linux-arm 720ms (cache miss)
1924 silly packumentCache full:https://registry.npmjs.org/@msgpackr-extract%2fmsgpackr-extract-linux-arm set size:undefined disposed:false
1925 http fetch GET 200 https://registry.npmjs.org/@msgpackr-extract%2fmsgpackr-extract-darwin-x64 722ms (cache miss)
1926 silly packumentCache full:https://registry.npmjs.org/@msgpackr-extract%2fmsgpackr-extract-darwin-x64 set size:undefined disposed:false
1927 http fetch GET 200 https://registry.npmjs.org/@msgpackr-extract%2fmsgpackr-extract-win32-x64 728ms (cache miss)
1928 silly packumentCache full:https://registry.npmjs.org/@msgpackr-extract%2fmsgpackr-extract-win32-x64 set size:undefined disposed:false
1929 http fetch GET 200 https://registry.npmjs.org/@msgpackr-extract%2fmsgpackr-extract-linux-arm64 768ms (cache miss)
1930 silly packumentCache full:https://registry.npmjs.org/@msgpackr-extract%2fmsgpackr-extract-linux-arm64 set size:undefined disposed:false
1931 http fetch GET 200 https://registry.npmjs.org/@msgpackr-extract%2fmsgpackr-extract-darwin-arm64 821ms (cache miss)
1932 silly packumentCache full:https://registry.npmjs.org/@msgpackr-extract%2fmsgpackr-extract-darwin-arm64 set size:undefined disposed:false
1933 http fetch GET 200 https://registry.npmjs.org/@msgpackr-extract%2fmsgpackr-extract-linux-x64 835ms (cache miss)
1934 silly packumentCache full:https://registry.npmjs.org/@msgpackr-extract%2fmsgpackr-extract-linux-x64 set size:undefined disposed:false
1935 silly placeDep ROOT @msgpackr-extract/msgpackr-extract-darwin-arm64@3.0.4 OK for: msgpackr-extract@3.0.4 want: 3.0.4
1936 silly placeDep ROOT @msgpackr-extract/msgpackr-extract-darwin-x64@3.0.4 OK for: msgpackr-extract@3.0.4 want: 3.0.4
1937 silly placeDep ROOT @msgpackr-extract/msgpackr-extract-linux-arm@3.0.4 OK for: msgpackr-extract@3.0.4 want: 3.0.4
1938 silly placeDep ROOT @msgpackr-extract/msgpackr-extract-linux-arm64@3.0.4 OK for: msgpackr-extract@3.0.4 want: 3.0.4
1939 silly placeDep ROOT @msgpackr-extract/msgpackr-extract-linux-x64@3.0.4 OK for: msgpackr-extract@3.0.4 want: 3.0.4
1940 silly placeDep ROOT @msgpackr-extract/msgpackr-extract-win32-x64@3.0.4 OK for: msgpackr-extract@3.0.4 want: 3.0.4
1941 silly placeDep ROOT detect-libc@2.1.2 OK for: node-gyp-build-optional-packages@5.2.2 want: ^2.0.1
1942 silly placeDep ROOT hosted-git-info@10.1.1 OK for: npm-package-arg@14.0.0 want: ^10.1.0
1943 silly placeDep ROOT proc-log@7.0.0 OK for: npm-package-arg@14.0.0 want: ^7.0.0
1944 silly placeDep ROOT validate-npm-package-name@8.0.0 OK for: npm-package-arg@14.0.0 want: ^8.0.0
1945 silly placeDep ROOT ee-first@1.1.1 OK for: on-finished@2.4.1 want: 1.1.1
1946 silly placeDep ROOT wrappy@1.0.2 OK for: once@1.4.0 want: 1
1947 silly placeDep ROOT chalk@5.6.2 OK for: ora@9.4.1 want: ^5.6.2
1948 silly placeDep ROOT cli-spinners@3.4.0 OK for: ora@9.4.1 want: ^3.2.0
1949 silly placeDep ROOT is-interactive@2.0.0 OK for: ora@9.4.1 want: ^2.0.0
1950 silly placeDep ROOT is-unicode-supported@2.1.0 OK for: ora@9.4.1 want: ^2.1.0
1951 silly placeDep ROOT log-symbols@7.0.1 OK for: ora@9.4.1 want: ^7.0.1
1952 silly placeDep ROOT stdin-discarder@0.3.2 OK for: ora@9.4.1 want: ^0.3.2
1953 silly fetch manifest yoctocolors@^2.1.1
1954 silly packumentCache full:https://registry.npmjs.org/yoctocolors cache-miss
1955 http fetch GET 200 https://registry.npmjs.org/yoctocolors 295ms (cache miss)
1956 silly packumentCache full:https://registry.npmjs.org/yoctocolors set size:undefined disposed:false
1957 silly placeDep ROOT yoctocolors@2.2.0 OK for: log-symbols@7.0.1 want: ^2.1.1
1958 silly placeDep ROOT @oxc-parser/binding-android-arm-eabi@0.142.0 OK for: oxc-parser@0.142.0 want: 0.142.0
1959 silly placeDep ROOT @oxc-parser/binding-android-arm64@0.142.0 OK for: oxc-parser@0.142.0 want: 0.142.0
1960 silly placeDep ROOT @oxc-parser/binding-darwin-arm64@0.142.0 OK for: oxc-parser@0.142.0 want: 0.142.0
1961 silly placeDep ROOT @oxc-parser/binding-darwin-x64@0.142.0 OK for: oxc-parser@0.142.0 want: 0.142.0
1962 silly placeDep ROOT @oxc-parser/binding-freebsd-x64@0.142.0 OK for: oxc-parser@0.142.0 want: 0.142.0
1963 silly placeDep ROOT @oxc-parser/binding-linux-arm-gnueabihf@0.142.0 OK for: oxc-parser@0.142.0 want: 0.142.0
1964 silly placeDep ROOT @oxc-parser/binding-linux-arm-musleabihf@0.142.0 OK for: oxc-parser@0.142.0 want: 0.142.0
1965 silly placeDep ROOT @oxc-parser/binding-linux-arm64-gnu@0.142.0 OK for: oxc-parser@0.142.0 want: 0.142.0
1966 silly placeDep ROOT @oxc-parser/binding-linux-arm64-musl@0.142.0 OK for: oxc-parser@0.142.0 want: 0.142.0
1967 silly placeDep ROOT @oxc-parser/binding-linux-ppc64-gnu@0.142.0 OK for: oxc-parser@0.142.0 want: 0.142.0
1968 silly placeDep ROOT @oxc-parser/binding-linux-riscv64-gnu@0.142.0 OK for: oxc-parser@0.142.0 want: 0.142.0
1969 silly placeDep ROOT @oxc-parser/binding-linux-riscv64-musl@0.142.0 OK for: oxc-parser@0.142.0 want: 0.142.0
1970 silly placeDep ROOT @oxc-parser/binding-linux-s390x-gnu@0.142.0 OK for: oxc-parser@0.142.0 want: 0.142.0
1971 silly placeDep ROOT @oxc-parser/binding-linux-x64-gnu@0.142.0 OK for: oxc-parser@0.142.0 want: 0.142.0
1972 silly placeDep ROOT @oxc-parser/binding-linux-x64-musl@0.142.0 OK for: oxc-parser@0.142.0 want: 0.142.0
1973 silly placeDep ROOT @oxc-parser/binding-openharmony-arm64@0.142.0 OK for: oxc-parser@0.142.0 want: 0.142.0
1974 silly placeDep ROOT @oxc-parser/binding-wasm32-wasi@0.142.0 OK for: oxc-parser@0.142.0 want: 0.142.0
1975 silly placeDep ROOT @oxc-parser/binding-win32-arm64-msvc@0.142.0 OK for: oxc-parser@0.142.0 want: 0.142.0
1976 silly placeDep ROOT @oxc-parser/binding-win32-ia32-msvc@0.142.0 OK for: oxc-parser@0.142.0 want: 0.142.0
1977 silly placeDep ROOT @oxc-parser/binding-win32-x64-msvc@0.142.0 OK for: oxc-parser@0.142.0 want: 0.142.0
1978 silly placeDep ROOT @oxc-project/types@0.142.0 OK for: oxc-parser@0.142.0 want: ^0.142.0
1979 silly fetch manifest @emnapi/core@1.11.2
1980 silly packumentCache full:https://registry.npmjs.org/@emnapi%2fcore cache-miss
1981 silly fetch manifest @emnapi/runtime@1.11.2
1982 silly packumentCache full:https://registry.npmjs.org/@emnapi%2fruntime cache-miss
1983 silly fetch manifest @napi-rs/wasm-runtime@^1.1.6
1984 silly packumentCache full:https://registry.npmjs.org/@napi-rs%2fwasm-runtime cache-miss
1985 http fetch GET 200 https://registry.npmjs.org/@emnapi%2fcore 131ms (cache miss)
1986 silly packumentCache full:https://registry.npmjs.org/@emnapi%2fcore set size:undefined disposed:false
1987 http fetch GET 200 https://registry.npmjs.org/@napi-rs%2fwasm-runtime 311ms (cache miss)
1988 silly packumentCache full:https://registry.npmjs.org/@napi-rs%2fwasm-runtime set size:undefined disposed:false
1989 http fetch GET 200 https://registry.npmjs.org/@emnapi%2fruntime 560ms (cache miss)
1990 silly packumentCache full:https://registry.npmjs.org/@emnapi%2fruntime set size:undefined disposed:false
1991 silly placeDep ROOT @emnapi/core@1.11.2 OK for: @oxc-parser/binding-wasm32-wasi@0.142.0 want: 1.11.2
1992 silly placeDep ROOT @emnapi/runtime@1.11.2 OK for: @oxc-parser/binding-wasm32-wasi@0.142.0 want: 1.11.2
1993 silly placeDep ROOT @napi-rs/wasm-runtime@1.2.2 OK for: @oxc-parser/binding-wasm32-wasi@0.142.0 want: ^1.1.6
1994 silly fetch manifest @emnapi/wasi-threads@1.2.2
1995 silly packumentCache full:https://registry.npmjs.org/@emnapi%2fwasi-threads cache-miss
1996 silly fetch manifest @tybys/wasm-util@^0.10.3
1997 silly packumentCache full:https://registry.npmjs.org/@tybys%2fwasm-util cache-miss
1998 http fetch GET 200 https://registry.npmjs.org/@emnapi%2fwasi-threads 61ms (cache miss)
1999 silly packumentCache full:https://registry.npmjs.org/@emnapi%2fwasi-threads set size:undefined disposed:false
2000 http fetch GET 200 https://registry.npmjs.org/@tybys%2fwasm-util 331ms (cache miss)
2001 silly packumentCache full:https://registry.npmjs.org/@tybys%2fwasm-util set size:undefined disposed:false
2002 silly placeDep ROOT @emnapi/wasi-threads@1.2.2 OK for: @emnapi/core@1.11.2 want: 1.2.2
2003 silly placeDep ROOT @tybys/wasm-util@0.10.3 OK for: @napi-rs/wasm-runtime@1.2.2 want: ^0.10.3
2004 silly placeDep node_modules/parse5-html-rewriting-stream entities@8.0.0 OK for: parse5-html-rewriting-stream@8.0.1 want: ^8.0.0
2005 silly placeDep ROOT parse5@8.0.1 OK for: parse5-html-rewriting-stream@8.0.1 want: ^8.0.0
2006 silly placeDep ROOT parse5-sax-parser@8.0.0 OK for: parse5-html-rewriting-stream@8.0.1 want: ^8.0.0
2007 silly placeDep node_modules/parse5 entities@8.0.0 OK for: parse5@8.0.1 want: ^8.0.0
2008 silly placeDep ROOT @napi-rs/nice@1.1.1 OK for: piscina@5.2.0 want: ^1.0.4
2009 silly fetch manifest @napi-rs/nice-darwin-x64@1.1.1
2010 silly packumentCache full:https://registry.npmjs.org/@napi-rs%2fnice-darwin-x64 cache-miss
2011 silly fetch manifest @napi-rs/nice-darwin-arm64@1.1.1
2012 silly packumentCache full:https://registry.npmjs.org/@napi-rs%2fnice-darwin-arm64 cache-miss
2013 silly fetch manifest @napi-rs/nice-linux-x64-gnu@1.1.1
2014 silly packumentCache full:https://registry.npmjs.org/@napi-rs%2fnice-linux-x64-gnu cache-miss
2015 silly fetch manifest @napi-rs/nice-win32-x64-msvc@1.1.1
2016 silly packumentCache full:https://registry.npmjs.org/@napi-rs%2fnice-win32-x64-msvc cache-miss
2017 silly fetch manifest @napi-rs/nice-linux-x64-musl@1.1.1
2018 silly packumentCache full:https://registry.npmjs.org/@napi-rs%2fnice-linux-x64-musl cache-miss
2019 silly fetch manifest @napi-rs/nice-linux-arm64-gnu@1.1.1
2020 silly packumentCache full:https://registry.npmjs.org/@napi-rs%2fnice-linux-arm64-gnu cache-miss
2021 silly fetch manifest @napi-rs/nice-win32-ia32-msvc@1.1.1
2022 silly packumentCache full:https://registry.npmjs.org/@napi-rs%2fnice-win32-ia32-msvc cache-miss
2023 silly fetch manifest @napi-rs/nice-linux-arm-gnueabihf@1.1.1
2024 silly packumentCache full:https://registry.npmjs.org/@napi-rs%2fnice-linux-arm-gnueabihf cache-miss
2025 silly fetch manifest @napi-rs/nice-android-arm64@1.1.1
2026 silly packumentCache full:https://registry.npmjs.org/@napi-rs%2fnice-android-arm64 cache-miss
2027 silly fetch manifest @napi-rs/nice-freebsd-x64@1.1.1
2028 silly packumentCache full:https://registry.npmjs.org/@napi-rs%2fnice-freebsd-x64 cache-miss
2029 silly fetch manifest @napi-rs/nice-linux-arm64-musl@1.1.1
2030 silly packumentCache full:https://registry.npmjs.org/@napi-rs%2fnice-linux-arm64-musl cache-miss
2031 http fetch GET 200 https://registry.npmjs.org/@napi-rs%2fnice-linux-arm64-gnu 496ms (cache miss)
2032 silly packumentCache full:https://registry.npmjs.org/@napi-rs%2fnice-linux-arm64-gnu set size:undefined disposed:false
2033 silly fetch manifest @napi-rs/nice-android-arm-eabi@1.1.1
2034 silly packumentCache full:https://registry.npmjs.org/@napi-rs%2fnice-android-arm-eabi cache-miss
2035 http fetch GET 200 https://registry.npmjs.org/@napi-rs%2fnice-darwin-arm64 545ms (cache miss)
2036 silly packumentCache full:https://registry.npmjs.org/@napi-rs%2fnice-darwin-arm64 set size:undefined disposed:false
2037 silly fetch manifest @napi-rs/nice-win32-arm64-msvc@1.1.1
2038 silly packumentCache full:https://registry.npmjs.org/@napi-rs%2fnice-win32-arm64-msvc cache-miss
2039 http fetch GET 200 https://registry.npmjs.org/@napi-rs%2fnice-freebsd-x64 708ms (cache miss)
2040 silly packumentCache full:https://registry.npmjs.org/@napi-rs%2fnice-freebsd-x64 set size:undefined disposed:false
2041 silly fetch manifest @napi-rs/nice-linux-ppc64-gnu@1.1.1
2042 silly packumentCache full:https://registry.npmjs.org/@napi-rs%2fnice-linux-ppc64-gnu cache-miss
2043 http fetch GET 200 https://registry.npmjs.org/@napi-rs%2fnice-android-arm64 729ms (cache miss)
2044 silly packumentCache full:https://registry.npmjs.org/@napi-rs%2fnice-android-arm64 set size:undefined disposed:false
2045 silly fetch manifest @napi-rs/nice-linux-s390x-gnu@1.1.1
2046 silly packumentCache full:https://registry.npmjs.org/@napi-rs%2fnice-linux-s390x-gnu cache-miss
2047 http fetch GET 200 https://registry.npmjs.org/@napi-rs%2fnice-linux-x64-musl 733ms (cache miss)
2048 silly packumentCache full:https://registry.npmjs.org/@napi-rs%2fnice-linux-x64-musl set size:undefined disposed:false
2049 silly fetch manifest @napi-rs/nice-linux-riscv64-gnu@1.1.1
2050 silly packumentCache full:https://registry.npmjs.org/@napi-rs%2fnice-linux-riscv64-gnu cache-miss
2051 http fetch GET 200 https://registry.npmjs.org/@napi-rs%2fnice-win32-ia32-msvc 736ms (cache miss)
2052 silly packumentCache full:https://registry.npmjs.org/@napi-rs%2fnice-win32-ia32-msvc set size:undefined disposed:false
2053 silly fetch manifest @napi-rs/nice-openharmony-arm64@1.1.1
2054 silly packumentCache full:https://registry.npmjs.org/@napi-rs%2fnice-openharmony-arm64 cache-miss
2055 http fetch GET 200 https://registry.npmjs.org/@napi-rs%2fnice-win32-x64-msvc 744ms (cache miss)
2056 silly packumentCache full:https://registry.npmjs.org/@napi-rs%2fnice-win32-x64-msvc set size:undefined disposed:false
2057 http fetch GET 200 https://registry.npmjs.org/@napi-rs%2fnice-linux-x64-gnu 757ms (cache miss)
2058 silly packumentCache full:https://registry.npmjs.org/@napi-rs%2fnice-linux-x64-gnu set size:undefined disposed:false
2059 http fetch GET 200 https://registry.npmjs.org/@napi-rs%2fnice-linux-arm-gnueabihf 773ms (cache miss)
2060 silly packumentCache full:https://registry.npmjs.org/@napi-rs%2fnice-linux-arm-gnueabihf set size:undefined disposed:false
2061 http fetch GET 200 https://registry.npmjs.org/@napi-rs%2fnice-linux-arm64-musl 781ms (cache miss)
2062 silly packumentCache full:https://registry.npmjs.org/@napi-rs%2fnice-linux-arm64-musl set size:undefined disposed:false
2063 http fetch GET 200 https://registry.npmjs.org/@napi-rs%2fnice-darwin-x64 796ms (cache miss)
2064 silly packumentCache full:https://registry.npmjs.org/@napi-rs%2fnice-darwin-x64 set size:undefined disposed:false
2065 http fetch GET 200 https://registry.npmjs.org/@napi-rs%2fnice-win32-arm64-msvc 739ms (cache miss)
2066 silly packumentCache full:https://registry.npmjs.org/@napi-rs%2fnice-win32-arm64-msvc set size:undefined disposed:false
2067 http fetch GET 200 https://registry.npmjs.org/@napi-rs%2fnice-linux-ppc64-gnu 730ms (cache miss)
2068 silly packumentCache full:https://registry.npmjs.org/@napi-rs%2fnice-linux-ppc64-gnu set size:undefined disposed:false
2069 http fetch GET 200 https://registry.npmjs.org/@napi-rs%2fnice-linux-riscv64-gnu 731ms (cache miss)
2070 silly packumentCache full:https://registry.npmjs.org/@napi-rs%2fnice-linux-riscv64-gnu set size:undefined disposed:false
2071 http fetch GET 200 https://registry.npmjs.org/@napi-rs%2fnice-android-arm-eabi 1012ms (cache miss)
2072 silly packumentCache full:https://registry.npmjs.org/@napi-rs%2fnice-android-arm-eabi set size:undefined disposed:false
2073 http fetch GET 200 https://registry.npmjs.org/@napi-rs%2fnice-openharmony-arm64 797ms (cache miss)
2074 silly packumentCache full:https://registry.npmjs.org/@napi-rs%2fnice-openharmony-arm64 set size:undefined disposed:false
2075 http fetch GET 200 https://registry.npmjs.org/@napi-rs%2fnice-linux-s390x-gnu 813ms (cache miss)
2076 silly packumentCache full:https://registry.npmjs.org/@napi-rs%2fnice-linux-s390x-gnu set size:undefined disposed:false
2077 silly placeDep ROOT @napi-rs/nice-android-arm-eabi@1.1.1 OK for: @napi-rs/nice@1.1.1 want: 1.1.1
2078 silly placeDep ROOT @napi-rs/nice-android-arm64@1.1.1 OK for: @napi-rs/nice@1.1.1 want: 1.1.1
2079 silly placeDep ROOT @napi-rs/nice-darwin-arm64@1.1.1 OK for: @napi-rs/nice@1.1.1 want: 1.1.1
2080 silly placeDep ROOT @napi-rs/nice-darwin-x64@1.1.1 OK for: @napi-rs/nice@1.1.1 want: 1.1.1
2081 silly placeDep ROOT @napi-rs/nice-freebsd-x64@1.1.1 OK for: @napi-rs/nice@1.1.1 want: 1.1.1
2082 silly placeDep ROOT @napi-rs/nice-linux-arm-gnueabihf@1.1.1 OK for: @napi-rs/nice@1.1.1 want: 1.1.1
2083 silly placeDep ROOT @napi-rs/nice-linux-arm64-gnu@1.1.1 OK for: @napi-rs/nice@1.1.1 want: 1.1.1
2084 silly placeDep ROOT @napi-rs/nice-linux-arm64-musl@1.1.1 OK for: @napi-rs/nice@1.1.1 want: 1.1.1
2085 silly placeDep ROOT @napi-rs/nice-linux-ppc64-gnu@1.1.1 OK for: @napi-rs/nice@1.1.1 want: 1.1.1
2086 silly placeDep ROOT @napi-rs/nice-linux-riscv64-gnu@1.1.1 OK for: @napi-rs/nice@1.1.1 want: 1.1.1
2087 silly placeDep ROOT @napi-rs/nice-linux-s390x-gnu@1.1.1 OK for: @napi-rs/nice@1.1.1 want: 1.1.1
2088 silly placeDep ROOT @napi-rs/nice-linux-x64-gnu@1.1.1 OK for: @napi-rs/nice@1.1.1 want: 1.1.1
2089 silly placeDep ROOT @napi-rs/nice-linux-x64-musl@1.1.1 OK for: @napi-rs/nice@1.1.1 want: 1.1.1
2090 silly placeDep ROOT @napi-rs/nice-openharmony-arm64@1.1.1 OK for: @napi-rs/nice@1.1.1 want: 1.1.1
2091 silly placeDep ROOT @napi-rs/nice-win32-arm64-msvc@1.1.1 OK for: @napi-rs/nice@1.1.1 want: 1.1.1
2092 silly placeDep ROOT @napi-rs/nice-win32-ia32-msvc@1.1.1 OK for: @napi-rs/nice@1.1.1 want: 1.1.1
2093 silly placeDep ROOT @napi-rs/nice-win32-x64-msvc@1.1.1 OK for: @napi-rs/nice@1.1.1 want: 1.1.1
2094 silly placeDep ROOT nanoid@3.3.17 OK for: postcss@8.5.25 want: ^3.3.16
2095 silly placeDep ROOT source-map-js@1.2.1 OK for: postcss@8.5.25 want: ^1.2.1
2096 silly placeDep ROOT forwarded@0.2.0 OK for: proxy-addr@2.0.7 want: 0.2.0
2097 silly placeDep ROOT ipaddr.js@1.9.1 OK for: proxy-addr@2.0.7 want: 1.9.1
2098 silly placeDep ROOT es-define-property@1.0.1 OK for: qs@6.15.3 want: ^1.0.1
2099 silly placeDep ROOT side-channel@1.1.1 OK for: qs@6.15.3 want: ^1.1.1
2100 silly fetch manifest es-errors@^1.3.0
2101 silly packumentCache full:https://registry.npmjs.org/es-errors cache-miss
2102 silly fetch manifest object-inspect@^1.13.4
2103 silly packumentCache full:https://registry.npmjs.org/object-inspect cache-miss
2104 silly fetch manifest side-channel-list@^1.0.1
2105 silly packumentCache full:https://registry.npmjs.org/side-channel-list cache-miss
2106 silly fetch manifest side-channel-map@^1.0.1
2107 silly packumentCache full:https://registry.npmjs.org/side-channel-map cache-miss
2108 silly fetch manifest side-channel-weakmap@^1.0.2
2109 silly packumentCache full:https://registry.npmjs.org/side-channel-weakmap cache-miss
2110 http fetch GET 200 https://registry.npmjs.org/side-channel-map 46ms (cache miss)
2111 silly packumentCache full:https://registry.npmjs.org/side-channel-map set size:undefined disposed:false
2112 http fetch GET 200 https://registry.npmjs.org/side-channel-weakmap 48ms (cache miss)
2113 silly packumentCache full:https://registry.npmjs.org/side-channel-weakmap set size:undefined disposed:false
2114 http fetch GET 200 https://registry.npmjs.org/object-inspect 69ms (cache miss)
2115 silly packumentCache full:https://registry.npmjs.org/object-inspect set size:undefined disposed:false
2116 http fetch GET 200 https://registry.npmjs.org/es-errors 287ms (cache miss)
2117 silly packumentCache full:https://registry.npmjs.org/es-errors set size:undefined disposed:false
2118 http fetch GET 200 https://registry.npmjs.org/side-channel-list 288ms (cache miss)
2119 silly packumentCache full:https://registry.npmjs.org/side-channel-list set size:undefined disposed:false
2120 silly placeDep ROOT unpipe@1.0.0 OK for: raw-body@3.0.2 want: ~1.0.0
2121 silly placeDep ROOT onetime@7.0.0 OK for: restore-cursor@5.1.0 want: ^7.0.0
2122 silly fetch manifest mimic-function@^5.0.0
2123 silly packumentCache full:https://registry.npmjs.org/mimic-function cache-miss
2124 http fetch GET 200 https://registry.npmjs.org/mimic-function 57ms (cache miss)
2125 silly packumentCache full:https://registry.npmjs.org/mimic-function set size:undefined disposed:false
2126 silly placeDep ROOT mimic-function@5.0.1 OK for: onetime@7.0.0 want: ^5.0.0
2127 silly placeDep node_modules/rolldown @oxc-project/types@0.140.0 OK for: rolldown@1.2.0 want: =0.140.0
2128 silly placeDep ROOT @rolldown/binding-android-arm64@1.2.0 OK for: rolldown@1.2.0 want: 1.2.0
2129 silly placeDep ROOT @rolldown/binding-darwin-arm64@1.2.0 OK for: rolldown@1.2.0 want: 1.2.0
2130 silly placeDep ROOT @rolldown/binding-darwin-x64@1.2.0 OK for: rolldown@1.2.0 want: 1.2.0
2131 silly placeDep ROOT @rolldown/binding-freebsd-x64@1.2.0 OK for: rolldown@1.2.0 want: 1.2.0
2132 silly placeDep ROOT @rolldown/binding-linux-arm-gnueabihf@1.2.0 OK for: rolldown@1.2.0 want: 1.2.0
2133 silly placeDep ROOT @rolldown/binding-linux-arm64-gnu@1.2.0 OK for: rolldown@1.2.0 want: 1.2.0
2134 silly placeDep ROOT @rolldown/binding-linux-arm64-musl@1.2.0 OK for: rolldown@1.2.0 want: 1.2.0
2135 silly placeDep ROOT @rolldown/binding-linux-ppc64-gnu@1.2.0 OK for: rolldown@1.2.0 want: 1.2.0
2136 silly placeDep ROOT @rolldown/binding-linux-s390x-gnu@1.2.0 OK for: rolldown@1.2.0 want: 1.2.0
2137 silly placeDep ROOT @rolldown/binding-linux-x64-gnu@1.2.0 OK for: rolldown@1.2.0 want: 1.2.0
2138 silly placeDep ROOT @rolldown/binding-linux-x64-musl@1.2.0 OK for: rolldown@1.2.0 want: 1.2.0
2139 silly placeDep ROOT @rolldown/binding-openharmony-arm64@1.2.0 OK for: rolldown@1.2.0 want: 1.2.0
2140 silly placeDep ROOT @rolldown/binding-wasm32-wasi@1.2.0 OK for: rolldown@1.2.0 want: 1.2.0
2141 silly placeDep ROOT @rolldown/binding-win32-arm64-msvc@1.2.0 OK for: rolldown@1.2.0 want: 1.2.0
2142 silly placeDep ROOT @rolldown/binding-win32-x64-msvc@1.2.0 OK for: rolldown@1.2.0 want: 1.2.0
2143 silly placeDep ROOT @rolldown/pluginutils@1.0.1 OK for: rolldown@1.2.0 want: ^1.0.0
2144 silly placeDep ROOT is-promise@4.0.0 OK for: router@2.2.0 want: ^4.0.0
2145 silly placeDep ROOT path-to-regexp@8.4.2 OK for: router@2.2.0 want: ^8.0.0
2146 silly placeDep ROOT @parcel/watcher@2.6.0 OK for: sass@1.101.0 want: ^2.4.1
2147 silly placeDep ROOT immutable@5.1.9 OK for: sass@1.101.0 want: ^5.1.5
2148 silly fetch manifest is-glob@^4.0.3
2149 silly packumentCache full:https://registry.npmjs.org/is-glob cache-miss
2150 silly fetch manifest node-addon-api@^7.0.0
2151 silly packumentCache full:https://registry.npmjs.org/node-addon-api cache-miss
2152 silly fetch manifest @parcel/watcher-darwin-x64@2.6.0
2153 silly packumentCache full:https://registry.npmjs.org/@parcel%2fwatcher-darwin-x64 cache-miss
2154 silly fetch manifest @parcel/watcher-darwin-arm64@2.6.0
2155 silly packumentCache full:https://registry.npmjs.org/@parcel%2fwatcher-darwin-arm64 cache-miss
2156 silly fetch manifest @parcel/watcher-win32-x64@2.6.0
2157 silly packumentCache full:https://registry.npmjs.org/@parcel%2fwatcher-win32-x64 cache-miss
2158 silly fetch manifest @parcel/watcher-win32-arm64@2.6.0
2159 silly packumentCache full:https://registry.npmjs.org/@parcel%2fwatcher-win32-arm64 cache-miss
2160 silly fetch manifest @parcel/watcher-linux-x64-glibc@2.6.0
2161 silly packumentCache full:https://registry.npmjs.org/@parcel%2fwatcher-linux-x64-glibc cache-miss
2162 silly fetch manifest @parcel/watcher-linux-x64-musl@2.6.0
2163 silly packumentCache full:https://registry.npmjs.org/@parcel%2fwatcher-linux-x64-musl cache-miss
2164 silly fetch manifest @parcel/watcher-linux-arm64-glibc@2.6.0
2165 silly packumentCache full:https://registry.npmjs.org/@parcel%2fwatcher-linux-arm64-glibc cache-miss
2166 silly fetch manifest @parcel/watcher-linux-arm64-musl@2.6.0
2167 silly packumentCache full:https://registry.npmjs.org/@parcel%2fwatcher-linux-arm64-musl cache-miss
2168 silly fetch manifest @parcel/watcher-linux-arm-glibc@2.6.0
2169 silly packumentCache full:https://registry.npmjs.org/@parcel%2fwatcher-linux-arm-glibc cache-miss
2170 http cache https://registry.npmjs.org/node-addon-api 10ms (cache hit)
2171 silly packumentCache full:https://registry.npmjs.org/node-addon-api set size:375644 disposed:false
2172 silly fetch manifest @parcel/watcher-linux-arm-musl@2.6.0
2173 silly packumentCache full:https://registry.npmjs.org/@parcel%2fwatcher-linux-arm-musl cache-miss
2174 http fetch GET 200 https://registry.npmjs.org/@parcel%2fwatcher-linux-arm64-glibc 57ms (cache miss)
2175 silly packumentCache full:https://registry.npmjs.org/@parcel%2fwatcher-linux-arm64-glibc set size:undefined disposed:false
2176 silly fetch manifest @parcel/watcher-android-arm64@2.6.0
2177 silly packumentCache full:https://registry.npmjs.org/@parcel%2fwatcher-android-arm64 cache-miss
2178 http fetch GET 200 https://registry.npmjs.org/is-glob 62ms (cache miss)
2179 silly packumentCache full:https://registry.npmjs.org/is-glob set size:undefined disposed:false
2180 silly fetch manifest @parcel/watcher-freebsd-x64@2.6.0
2181 silly packumentCache full:https://registry.npmjs.org/@parcel%2fwatcher-freebsd-x64 cache-miss
2182 http fetch GET 200 https://registry.npmjs.org/@parcel%2fwatcher-linux-x64-glibc 70ms (cache miss)
2183 silly packumentCache full:https://registry.npmjs.org/@parcel%2fwatcher-linux-x64-glibc set size:undefined disposed:false
2184 http fetch GET 200 https://registry.npmjs.org/@parcel%2fwatcher-win32-x64 95ms (cache miss)
2185 silly packumentCache full:https://registry.npmjs.org/@parcel%2fwatcher-win32-x64 set size:undefined disposed:false
2186 http fetch GET 200 https://registry.npmjs.org/@parcel%2fwatcher-android-arm64 66ms (cache miss)
2187 silly packumentCache full:https://registry.npmjs.org/@parcel%2fwatcher-android-arm64 set size:undefined disposed:false
2188 http fetch GET 200 https://registry.npmjs.org/@parcel%2fwatcher-freebsd-x64 67ms (cache miss)
2189 silly packumentCache full:https://registry.npmjs.org/@parcel%2fwatcher-freebsd-x64 set size:undefined disposed:false
2190 http fetch GET 200 https://registry.npmjs.org/@parcel%2fwatcher-linux-x64-musl 517ms (cache miss)
2191 silly packumentCache full:https://registry.npmjs.org/@parcel%2fwatcher-linux-x64-musl set size:undefined disposed:false
2192 http fetch GET 200 https://registry.npmjs.org/@parcel%2fwatcher-linux-arm64-musl 733ms (cache miss)
2193 silly packumentCache full:https://registry.npmjs.org/@parcel%2fwatcher-linux-arm64-musl set size:undefined disposed:false
2194 http fetch GET 200 https://registry.npmjs.org/@parcel%2fwatcher-linux-arm-musl 731ms (cache miss)
2195 silly packumentCache full:https://registry.npmjs.org/@parcel%2fwatcher-linux-arm-musl set size:undefined disposed:false
2196 http fetch GET 200 https://registry.npmjs.org/@parcel%2fwatcher-darwin-arm64 759ms (cache miss)
2197 silly packumentCache full:https://registry.npmjs.org/@parcel%2fwatcher-darwin-arm64 set size:undefined disposed:false
2198 http fetch GET 200 https://registry.npmjs.org/@parcel%2fwatcher-win32-arm64 770ms (cache miss)
2199 silly packumentCache full:https://registry.npmjs.org/@parcel%2fwatcher-win32-arm64 set size:undefined disposed:false
2200 http fetch GET 200 https://registry.npmjs.org/@parcel%2fwatcher-linux-arm-glibc 793ms (cache miss)
2201 silly packumentCache full:https://registry.npmjs.org/@parcel%2fwatcher-linux-arm-glibc set size:undefined disposed:false
2202 http fetch GET 200 https://registry.npmjs.org/@parcel%2fwatcher-darwin-x64 1572ms (cache miss)
2203 silly packumentCache full:https://registry.npmjs.org/@parcel%2fwatcher-darwin-x64 set size:undefined disposed:false
2204 silly placeDep ROOT @parcel/watcher-android-arm64@2.6.0 OK for: @parcel/watcher@2.6.0 want: 2.6.0
2205 silly placeDep ROOT @parcel/watcher-darwin-arm64@2.6.0 OK for: @parcel/watcher@2.6.0 want: 2.6.0
2206 silly placeDep ROOT @parcel/watcher-darwin-x64@2.6.0 OK for: @parcel/watcher@2.6.0 want: 2.6.0
2207 silly placeDep ROOT @parcel/watcher-freebsd-x64@2.6.0 OK for: @parcel/watcher@2.6.0 want: 2.6.0
2208 silly placeDep ROOT @parcel/watcher-linux-arm-glibc@2.6.0 OK for: @parcel/watcher@2.6.0 want: 2.6.0
2209 silly placeDep ROOT @parcel/watcher-linux-arm-musl@2.6.0 OK for: @parcel/watcher@2.6.0 want: 2.6.0
2210 silly placeDep ROOT @parcel/watcher-linux-arm64-glibc@2.6.0 OK for: @parcel/watcher@2.6.0 want: 2.6.0
2211 silly placeDep ROOT @parcel/watcher-linux-arm64-musl@2.6.0 OK for: @parcel/watcher@2.6.0 want: 2.6.0
2212 silly placeDep ROOT @parcel/watcher-linux-x64-glibc@2.6.0 OK for: @parcel/watcher@2.6.0 want: 2.6.0
2213 silly placeDep ROOT @parcel/watcher-linux-x64-musl@2.6.0 OK for: @parcel/watcher@2.6.0 want: 2.6.0
2214 silly placeDep ROOT @parcel/watcher-win32-arm64@2.6.0 OK for: @parcel/watcher@2.6.0 want: 2.6.0
2215 silly placeDep ROOT @parcel/watcher-win32-x64@2.6.0 OK for: @parcel/watcher@2.6.0 want: 2.6.0
2216 silly placeDep ROOT is-glob@4.0.3 OK for: @parcel/watcher@2.6.0 want: ^4.0.3
2217 silly placeDep node_modules/@parcel/watcher node-addon-api@7.1.1 OK for: @parcel/watcher@2.6.0 want: ^7.0.0
2218 silly fetch manifest is-extglob@^2.1.1
2219 silly packumentCache full:https://registry.npmjs.org/is-extglob cache-miss
2220 http fetch GET 200 https://registry.npmjs.org/is-extglob 50ms (cache miss)
2221 silly packumentCache full:https://registry.npmjs.org/is-extglob set size:undefined disposed:false
2222 silly placeDep ROOT is-extglob@2.1.1 OK for: is-glob@4.0.3 want: ^2.1.1
2223 silly placeDep ROOT shebang-regex@3.0.0 OK for: shebang-command@2.0.0 want: ^3.0.0
2224 silly placeDep ROOT es-errors@1.3.0 OK for: side-channel@1.1.1 want: ^1.3.0
2225 silly placeDep ROOT object-inspect@1.13.4 OK for: side-channel@1.1.1 want: ^1.13.4
2226 silly placeDep ROOT side-channel-list@1.0.1 OK for: side-channel@1.1.1 want: ^1.0.1
2227 silly placeDep ROOT side-channel-map@1.0.1 OK for: side-channel@1.1.1 want: ^1.0.1
2228 silly placeDep ROOT side-channel-weakmap@1.0.2 OK for: side-channel@1.1.1 want: ^1.0.2
2229 silly fetch manifest call-bound@^1.0.2
2230 silly packumentCache full:https://registry.npmjs.org/call-bound cache-miss
2231 silly fetch manifest get-intrinsic@^1.2.5
2232 silly packumentCache full:https://registry.npmjs.org/get-intrinsic cache-miss
2233 silly fetch manifest call-bound@^1.0.2
2234 silly packumentCache full:https://registry.npmjs.org/call-bound cache-miss
2235 silly fetch manifest get-intrinsic@^1.2.5
2236 silly packumentCache full:https://registry.npmjs.org/get-intrinsic cache-miss
2237 http fetch GET 200 https://registry.npmjs.org/call-bound 50ms (cache miss)
2238 silly packumentCache full:https://registry.npmjs.org/call-bound set size:undefined disposed:false
2239 http fetch GET 200 https://registry.npmjs.org/call-bound 56ms (cache miss)
2240 silly packumentCache full:https://registry.npmjs.org/call-bound set size:undefined disposed:false
2241 http fetch GET 200 https://registry.npmjs.org/get-intrinsic 282ms (cache miss)
2242 silly packumentCache full:https://registry.npmjs.org/get-intrinsic set size:undefined disposed:false
2243 http fetch GET 200 https://registry.npmjs.org/get-intrinsic 284ms (cache miss)
2244 silly packumentCache full:https://registry.npmjs.org/get-intrinsic set size:undefined disposed:false
2245 silly placeDep ROOT call-bound@1.0.4 OK for: side-channel-map@1.0.1 want: ^1.0.2
2246 silly placeDep ROOT get-intrinsic@1.3.0 OK for: side-channel-map@1.0.1 want: ^1.2.5
2247 silly fetch manifest call-bind-apply-helpers@^1.0.2
2248 silly packumentCache full:https://registry.npmjs.org/call-bind-apply-helpers cache-miss
2249 silly fetch manifest get-intrinsic@^1.3.0
2250 silly packumentCache full:https://registry.npmjs.org/get-intrinsic cache-miss
2251 silly fetch manifest gopd@^1.2.0
2252 silly packumentCache full:https://registry.npmjs.org/gopd cache-miss
2253 silly fetch manifest hasown@^2.0.2
2254 silly packumentCache full:https://registry.npmjs.org/hasown cache-miss
2255 silly fetch manifest get-proto@^1.0.1
2256 silly packumentCache full:https://registry.npmjs.org/get-proto cache-miss
2257 silly fetch manifest has-symbols@^1.1.0
2258 silly packumentCache full:https://registry.npmjs.org/has-symbols cache-miss
2259 silly fetch manifest function-bind@^1.1.2
2260 silly packumentCache full:https://registry.npmjs.org/function-bind cache-miss
2261 silly fetch manifest es-object-atoms@^1.1.1
2262 silly packumentCache full:https://registry.npmjs.org/es-object-atoms cache-miss
2263 silly fetch manifest math-intrinsics@^1.1.0
2264 silly packumentCache full:https://registry.npmjs.org/math-intrinsics cache-miss
2265 silly fetch manifest call-bind-apply-helpers@^1.0.2
2266 silly packumentCache full:https://registry.npmjs.org/call-bind-apply-helpers cache-miss
2267 http cache https://registry.npmjs.org/get-intrinsic 24ms (cache hit)
2268 silly packumentCache full:https://registry.npmjs.org/get-intrinsic set size:60985 disposed:false
2269 http fetch GET 200 https://registry.npmjs.org/math-intrinsics 64ms (cache miss)
2270 silly packumentCache full:https://registry.npmjs.org/math-intrinsics set size:undefined disposed:false
2271 http fetch GET 200 https://registry.npmjs.org/function-bind 66ms (cache miss)
2272 silly packumentCache full:https://registry.npmjs.org/function-bind set size:undefined disposed:false
2273 http fetch GET 200 https://registry.npmjs.org/gopd 71ms (cache miss)
2274 silly packumentCache full:https://registry.npmjs.org/gopd set size:undefined disposed:false
2275 http fetch GET 200 https://registry.npmjs.org/has-symbols 72ms (cache miss)
2276 silly packumentCache full:https://registry.npmjs.org/has-symbols set size:undefined disposed:false
2277 http fetch GET 200 https://registry.npmjs.org/call-bind-apply-helpers 76ms (cache miss)
2278 silly packumentCache full:https://registry.npmjs.org/call-bind-apply-helpers set size:undefined disposed:false
2279 http fetch GET 200 https://registry.npmjs.org/call-bind-apply-helpers 87ms (cache miss)
2280 silly packumentCache full:https://registry.npmjs.org/call-bind-apply-helpers set size:undefined disposed:false
2281 http fetch GET 200 https://registry.npmjs.org/get-proto 107ms (cache miss)
2282 silly packumentCache full:https://registry.npmjs.org/get-proto set size:undefined disposed:false
2283 http fetch GET 200 https://registry.npmjs.org/es-object-atoms 246ms (cache miss)
2284 silly packumentCache full:https://registry.npmjs.org/es-object-atoms set size:undefined disposed:false
2285 http fetch GET 200 https://registry.npmjs.org/hasown 292ms (cache miss)
2286 silly packumentCache full:https://registry.npmjs.org/hasown set size:undefined disposed:false
2287 silly placeDep ROOT call-bind-apply-helpers@1.0.2 OK for: call-bound@1.0.4 want: ^1.0.2
2288 silly placeDep ROOT function-bind@1.1.2 OK for: call-bind-apply-helpers@1.0.2 want: ^1.1.2
2289 silly placeDep ROOT es-object-atoms@1.1.2 OK for: get-intrinsic@1.3.0 want: ^1.1.1
2290 silly placeDep ROOT get-proto@1.0.1 OK for: get-intrinsic@1.3.0 want: ^1.0.1
2291 silly placeDep ROOT gopd@1.2.0 OK for: get-intrinsic@1.3.0 want: ^1.2.0
2292 silly placeDep ROOT has-symbols@1.1.0 OK for: get-intrinsic@1.3.0 want: ^1.1.0
2293 silly placeDep ROOT hasown@2.0.4 OK for: get-intrinsic@1.3.0 want: ^2.0.2
2294 silly placeDep ROOT math-intrinsics@1.1.0 OK for: get-intrinsic@1.3.0 want: ^1.1.0
2295 silly fetch manifest dunder-proto@^1.0.1
2296 silly packumentCache full:https://registry.npmjs.org/dunder-proto cache-miss
2297 http fetch GET 200 https://registry.npmjs.org/dunder-proto 49ms (cache miss)
2298 silly packumentCache full:https://registry.npmjs.org/dunder-proto set size:undefined disposed:false
2299 silly placeDep ROOT dunder-proto@1.0.1 OK for: get-proto@1.0.1 want: ^1.0.1
2300 silly placeDep ROOT ansi-styles@6.2.3 OK for: slice-ansi@8.0.0 want: ^6.2.3
2301 silly placeDep ROOT is-fullwidth-code-point@5.1.0 OK for: slice-ansi@8.0.0 want: ^5.1.0
2302 silly fetch manifest get-east-asian-width@^1.3.1
2303 silly packumentCache full:https://registry.npmjs.org/get-east-asian-width cache-miss
2304 http cache https://registry.npmjs.org/get-east-asian-width 9ms (cache hit)
2305 silly packumentCache full:https://registry.npmjs.org/get-east-asian-width set size:20538 disposed:false
2306 silly placeDep ROOT get-east-asian-width@1.6.0 OK for: is-fullwidth-code-point@5.1.0 want: ^1.3.1
2307 silly placeDep ROOT buffer-from@1.1.2 OK for: source-map-support@0.5.21 want: ^1.0.0
2308 silly placeDep node_modules/source-map-support source-map@0.6.1 OK for: source-map-support@0.5.21 want: ^0.6.0
2309 silly placeDep ROOT ansi-regex@6.2.2 OK for: strip-ansi@7.2.0 want: ^6.2.2
2310 silly fetch manifest picomatch@^4.0.4
2311 silly packumentCache full:https://registry.npmjs.org/picomatch cache-hit
2312 silly placeDep ROOT fdir@6.5.0 OK for: tinyglobby@0.2.17 want: ^6.5.0
2313 silly placeDep node_modules/type-is content-type@2.0.0 OK for: type-is@2.1.0 want: ^2.0.0
2314 silly placeDep ROOT media-typer@1.1.1 OK for: type-is@2.1.0 want: ^1.1.0
2315 silly placeDep ROOT escalade@3.2.0 OK for: update-browserslist-db@1.2.3 want: ^3.2.0
2316 silly placeDep ROOT fsevents@2.3.3 OK for: vite@8.1.5 want: ~2.3.3
2317 silly placeDep ROOT lightningcss@1.33.0 OK for: vite@8.1.5 want: ^1.32.0
2318 silly placeDep node_modules/vite rolldown@1.1.5 OK for: vite@8.1.5 want: ~1.1.5
2319 silly fetch manifest lightningcss-darwin-x64@1.33.0
2320 silly packumentCache full:https://registry.npmjs.org/lightningcss-darwin-x64 cache-miss
2321 silly fetch manifest lightningcss-linux-x64-gnu@1.33.0
2322 silly packumentCache full:https://registry.npmjs.org/lightningcss-linux-x64-gnu cache-miss
2323 silly fetch manifest lightningcss-win32-x64-msvc@1.33.0
2324 silly packumentCache full:https://registry.npmjs.org/lightningcss-win32-x64-msvc cache-miss
2325 silly fetch manifest lightningcss-win32-arm64-msvc@1.33.0
2326 silly packumentCache full:https://registry.npmjs.org/lightningcss-win32-arm64-msvc cache-miss
2327 silly fetch manifest lightningcss-darwin-arm64@1.33.0
2328 silly packumentCache full:https://registry.npmjs.org/lightningcss-darwin-arm64 cache-miss
2329 silly fetch manifest lightningcss-linux-arm64-gnu@1.33.0
2330 silly packumentCache full:https://registry.npmjs.org/lightningcss-linux-arm64-gnu cache-miss
2331 silly fetch manifest lightningcss-linux-arm-gnueabihf@1.33.0
2332 silly packumentCache full:https://registry.npmjs.org/lightningcss-linux-arm-gnueabihf cache-miss
2333 silly fetch manifest lightningcss-linux-arm64-musl@1.33.0
2334 silly packumentCache full:https://registry.npmjs.org/lightningcss-linux-arm64-musl cache-miss
2335 silly fetch manifest lightningcss-linux-x64-musl@1.33.0
2336 silly packumentCache full:https://registry.npmjs.org/lightningcss-linux-x64-musl cache-miss
2337 silly fetch manifest lightningcss-freebsd-x64@1.33.0
2338 silly packumentCache full:https://registry.npmjs.org/lightningcss-freebsd-x64 cache-miss
2339 silly fetch manifest lightningcss-android-arm64@1.33.0
2340 silly packumentCache full:https://registry.npmjs.org/lightningcss-android-arm64 cache-miss
2341 http fetch GET 200 https://registry.npmjs.org/lightningcss-win32-arm64-msvc 66ms (cache miss)
2342 silly packumentCache full:https://registry.npmjs.org/lightningcss-win32-arm64-msvc set size:undefined disposed:false
2343 silly fetch manifest @oxc-project/types@=0.139.0
2344 silly packumentCache full:https://registry.npmjs.org/@oxc-project%2ftypes cache-hit
2345 silly fetch manifest @rolldown/binding-darwin-x64@1.1.5
2346 silly packumentCache full:https://registry.npmjs.org/@rolldown%2fbinding-darwin-x64 cache-miss
2347 http fetch GET 200 https://registry.npmjs.org/lightningcss-linux-arm64-gnu 77ms (cache miss)
2348 silly packumentCache full:https://registry.npmjs.org/lightningcss-linux-arm64-gnu set size:undefined disposed:false
2349 silly fetch manifest @rolldown/binding-freebsd-x64@1.1.5
2350 silly packumentCache full:https://registry.npmjs.org/@rolldown%2fbinding-freebsd-x64 cache-miss
2351 http fetch GET 200 https://registry.npmjs.org/lightningcss-android-arm64 84ms (cache miss)
2352 silly packumentCache full:https://registry.npmjs.org/lightningcss-android-arm64 set size:undefined disposed:false
2353 silly fetch manifest @rolldown/binding-wasm32-wasi@1.1.5
2354 silly packumentCache full:https://registry.npmjs.org/@rolldown%2fbinding-wasm32-wasi cache-miss
2355 http fetch GET 200 https://registry.npmjs.org/lightningcss-darwin-arm64 114ms (cache miss)
2356 silly packumentCache full:https://registry.npmjs.org/lightningcss-darwin-arm64 set size:undefined disposed:false
2357 silly fetch manifest @rolldown/binding-darwin-arm64@1.1.5
2358 silly packumentCache full:https://registry.npmjs.org/@rolldown%2fbinding-darwin-arm64 cache-miss
2359 http fetch GET 200 https://registry.npmjs.org/lightningcss-linux-arm64-musl 128ms (cache miss)
2360 silly packumentCache full:https://registry.npmjs.org/lightningcss-linux-arm64-musl set size:undefined disposed:false
2361 silly fetch manifest @rolldown/binding-android-arm64@1.1.5
2362 silly packumentCache full:https://registry.npmjs.org/@rolldown%2fbinding-android-arm64 cache-miss
2363 http fetch GET 200 https://registry.npmjs.org/lightningcss-linux-arm-gnueabihf 131ms (cache miss)
2364 silly packumentCache full:https://registry.npmjs.org/lightningcss-linux-arm-gnueabihf set size:undefined disposed:false
2365 silly fetch manifest @rolldown/binding-linux-x64-gnu@1.1.5
2366 silly packumentCache full:https://registry.npmjs.org/@rolldown%2fbinding-linux-x64-gnu cache-miss
2367 http cache https://registry.npmjs.org/@rolldown%2fbinding-darwin-x64 64ms (cache hit)
2368 silly packumentCache full:https://registry.npmjs.org/@rolldown%2fbinding-darwin-x64 set size:1382734 disposed:false
2369 silly fetch manifest @rolldown/binding-linux-x64-musl@1.1.5
2370 silly packumentCache full:https://registry.npmjs.org/@rolldown%2fbinding-linux-x64-musl cache-miss
2371 http fetch GET 200 https://registry.npmjs.org/lightningcss-linux-x64-gnu 141ms (cache miss)
2372 silly packumentCache full:https://registry.npmjs.org/lightningcss-linux-x64-gnu set size:undefined disposed:false
2373 silly fetch manifest @rolldown/binding-win32-x64-msvc@1.1.5
2374 silly packumentCache full:https://registry.npmjs.org/@rolldown%2fbinding-win32-x64-msvc cache-miss
2375 http cache https://registry.npmjs.org/@rolldown%2fbinding-freebsd-x64 60ms (cache hit)
2376 silly packumentCache full:https://registry.npmjs.org/@rolldown%2fbinding-freebsd-x64 set size:1062452 disposed:false
2377 silly fetch manifest @rolldown/binding-linux-arm64-gnu@1.1.5
2378 silly packumentCache full:https://registry.npmjs.org/@rolldown%2fbinding-linux-arm64-gnu cache-miss
2379 http cache https://registry.npmjs.org/@rolldown%2fbinding-wasm32-wasi 60ms (cache hit)
2380 silly packumentCache full:https://registry.npmjs.org/@rolldown%2fbinding-wasm32-wasi set size:1371833 disposed:false
2381 silly fetch manifest @rolldown/binding-linux-ppc64-gnu@1.1.5
2382 silly packumentCache full:https://registry.npmjs.org/@rolldown%2fbinding-linux-ppc64-gnu cache-miss
2383 http cache https://registry.npmjs.org/@rolldown%2fbinding-darwin-arm64 40ms (cache hit)
2384 silly packumentCache full:https://registry.npmjs.org/@rolldown%2fbinding-darwin-arm64 set size:1394495 disposed:false
2385 silly fetch manifest @rolldown/binding-linux-s390x-gnu@1.1.5
2386 silly packumentCache full:https://registry.npmjs.org/@rolldown%2fbinding-linux-s390x-gnu cache-miss
2387 http cache https://registry.npmjs.org/@rolldown%2fbinding-android-arm64 32ms (cache hit)
2388 silly packumentCache full:https://registry.npmjs.org/@rolldown%2fbinding-android-arm64 set size:169014 disposed:false
2389 silly fetch manifest @rolldown/binding-linux-arm64-musl@1.1.5
2390 silly packumentCache full:https://registry.npmjs.org/@rolldown%2fbinding-linux-arm64-musl cache-miss
2391 http cache https://registry.npmjs.org/@rolldown%2fbinding-linux-x64-musl 25ms (cache hit)
2392 silly packumentCache full:https://registry.npmjs.org/@rolldown%2fbinding-linux-x64-musl set size:1412916 disposed:false
2393 silly fetch manifest @rolldown/binding-win32-arm64-msvc@1.1.5
2394 silly packumentCache full:https://registry.npmjs.org/@rolldown%2fbinding-win32-arm64-msvc cache-miss
2395 http cache https://registry.npmjs.org/@rolldown%2fbinding-linux-x64-gnu 42ms (cache hit)
2396 silly packumentCache full:https://registry.npmjs.org/@rolldown%2fbinding-linux-x64-gnu set size:1408237 disposed:false
2397 silly fetch manifest @rolldown/binding-openharmony-arm64@1.1.5
2398 silly packumentCache full:https://registry.npmjs.org/@rolldown%2fbinding-openharmony-arm64 cache-miss
2399 http cache https://registry.npmjs.org/@rolldown%2fbinding-win32-x64-msvc 39ms (cache hit)
2400 silly packumentCache full:https://registry.npmjs.org/@rolldown%2fbinding-win32-x64-msvc set size:1400872 disposed:false
2401 silly fetch manifest @rolldown/binding-linux-arm-gnueabihf@1.1.5
2402 silly packumentCache full:https://registry.npmjs.org/@rolldown%2fbinding-linux-arm-gnueabihf cache-miss
2403 http cache https://registry.npmjs.org/@rolldown%2fbinding-linux-ppc64-gnu 37ms (cache hit)
2404 silly packumentCache full:https://registry.npmjs.org/@rolldown%2fbinding-linux-ppc64-gnu set size:56622 disposed:false
2405 http cache https://registry.npmjs.org/@rolldown%2fbinding-linux-arm64-gnu 51ms (cache hit)
2406 silly packumentCache full:https://registry.npmjs.org/@rolldown%2fbinding-linux-arm64-gnu set size:1420034 disposed:false
2407 http cache https://registry.npmjs.org/@rolldown%2fbinding-linux-s390x-gnu 57ms (cache hit)
2408 silly packumentCache full:https://registry.npmjs.org/@rolldown%2fbinding-linux-s390x-gnu set size:56617 disposed:false
2409 http cache https://registry.npmjs.org/@rolldown%2fbinding-openharmony-arm64 44ms (cache hit)
2410 silly packumentCache full:https://registry.npmjs.org/@rolldown%2fbinding-openharmony-arm64 set size:130986 disposed:false
2411 http cache https://registry.npmjs.org/@rolldown%2fbinding-linux-arm64-musl 62ms (cache hit)
2412 silly packumentCache full:https://registry.npmjs.org/@rolldown%2fbinding-linux-arm64-musl set size:1424679 disposed:false
2413 http cache https://registry.npmjs.org/@rolldown%2fbinding-win32-arm64-msvc 62ms (cache hit)
2414 silly packumentCache full:https://registry.npmjs.org/@rolldown%2fbinding-win32-arm64-msvc set size:1415014 disposed:false
2415 http cache https://registry.npmjs.org/@rolldown%2fbinding-linux-arm-gnueabihf 53ms (cache hit)
2416 silly packumentCache full:https://registry.npmjs.org/@rolldown%2fbinding-linux-arm-gnueabihf set size:1429617 disposed:false
2417 http fetch GET 200 https://registry.npmjs.org/lightningcss-freebsd-x64 287ms (cache miss)
2418 silly packumentCache full:https://registry.npmjs.org/lightningcss-freebsd-x64 set size:undefined disposed:false
2419 http fetch GET 200 https://registry.npmjs.org/lightningcss-darwin-x64 294ms (cache miss)
2420 silly packumentCache full:https://registry.npmjs.org/lightningcss-darwin-x64 set size:undefined disposed:false
2421 http fetch GET 200 https://registry.npmjs.org/lightningcss-win32-x64-msvc 314ms (cache miss)
2422 silly packumentCache full:https://registry.npmjs.org/lightningcss-win32-x64-msvc set size:undefined disposed:false
2423 http fetch GET 200 https://registry.npmjs.org/lightningcss-linux-x64-musl 696ms (cache miss)
2424 silly packumentCache full:https://registry.npmjs.org/lightningcss-linux-x64-musl set size:undefined disposed:false
2425 silly placeDep ROOT lightningcss-android-arm64@1.33.0 OK for: lightningcss@1.33.0 want: 1.33.0
2426 silly placeDep ROOT lightningcss-darwin-arm64@1.33.0 OK for: lightningcss@1.33.0 want: 1.33.0
2427 silly placeDep ROOT lightningcss-darwin-x64@1.33.0 OK for: lightningcss@1.33.0 want: 1.33.0
2428 silly placeDep ROOT lightningcss-freebsd-x64@1.33.0 OK for: lightningcss@1.33.0 want: 1.33.0
2429 silly placeDep ROOT lightningcss-linux-arm-gnueabihf@1.33.0 OK for: lightningcss@1.33.0 want: 1.33.0
2430 silly placeDep ROOT lightningcss-linux-arm64-gnu@1.33.0 OK for: lightningcss@1.33.0 want: 1.33.0
2431 silly placeDep ROOT lightningcss-linux-arm64-musl@1.33.0 OK for: lightningcss@1.33.0 want: 1.33.0
2432 silly placeDep ROOT lightningcss-linux-x64-gnu@1.33.0 OK for: lightningcss@1.33.0 want: 1.33.0
2433 silly placeDep ROOT lightningcss-linux-x64-musl@1.33.0 OK for: lightningcss@1.33.0 want: 1.33.0
2434 silly placeDep ROOT lightningcss-win32-arm64-msvc@1.33.0 OK for: lightningcss@1.33.0 want: 1.33.0
2435 silly placeDep ROOT lightningcss-win32-x64-msvc@1.33.0 OK for: lightningcss@1.33.0 want: 1.33.0
2436 silly placeDep ROOT graceful-fs@4.2.11 OK for: watchpack@2.5.2 want: ^4.1.2
2437 silly placeDep ROOT isexe@2.0.0 OK for: which@2.0.2 want: ^2.0.0
2438 silly placeDep ROOT cliui@9.0.1 OK for: yargs@18.0.0 want: ^9.0.1
2439 silly placeDep ROOT get-caller-file@2.0.5 OK for: yargs@18.0.0 want: ^2.0.5
2440 silly placeDep node_modules/yargs string-width@7.2.0 OK for: yargs@18.0.0 want: ^7.2.0
2441 silly placeDep ROOT y18n@5.0.8 OK for: yargs@18.0.0 want: ^5.0.5
2442 silly placeDep ROOT yargs-parser@22.0.0 OK for: yargs@18.0.0 want: ^22.0.0
2443 silly fetch manifest emoji-regex@^10.3.0
2444 silly packumentCache full:https://registry.npmjs.org/emoji-regex cache-miss
2445 http fetch GET 200 https://registry.npmjs.org/emoji-regex 75ms (cache miss)
2446 silly packumentCache full:https://registry.npmjs.org/emoji-regex set size:undefined disposed:false
2447 silly placeDep node_modules/cliui string-width@7.2.0 OK for: cliui@9.0.1 want: ^7.2.0
2448 silly placeDep node_modules/cliui wrap-ansi@9.0.2 OK for: cliui@9.0.1 want: ^9.0.0
2449 silly placeDep node_modules/@babel/helper-split-export-declaration @babel/helper-string-parser@7.29.7 OK for: @babel/types@7.29.8 want: ^7.29.7
2450 silly placeDep node_modules/@babel/helper-split-export-declaration @babel/helper-validator-identifier@7.29.7 OK for: @babel/types@7.29.8 want: ^7.29.7
2451 silly placeDep ROOT emoji-regex@10.6.0 OK for: string-width@7.2.0 want: ^10.3.0
2452 silly placeDep node_modules/log-update string-width@7.2.0 OK for: wrap-ansi@9.0.2 want: ^7.0.0
2453 silly placeDep node_modules/vite @oxc-project/types@0.139.0 OK for: rolldown@1.1.5 want: =0.139.0
2454 silly placeDep node_modules/vite @rolldown/binding-android-arm64@1.1.5 OK for: rolldown@1.1.5 want: 1.1.5
2455 silly placeDep node_modules/vite @rolldown/binding-darwin-arm64@1.1.5 OK for: rolldown@1.1.5 want: 1.1.5
2456 silly placeDep node_modules/vite @rolldown/binding-darwin-x64@1.1.5 OK for: rolldown@1.1.5 want: 1.1.5
2457 silly placeDep node_modules/vite @rolldown/binding-freebsd-x64@1.1.5 OK for: rolldown@1.1.5 want: 1.1.5
2458 silly placeDep node_modules/vite @rolldown/binding-linux-arm-gnueabihf@1.1.5 OK for: rolldown@1.1.5 want: 1.1.5
2459 silly placeDep node_modules/vite @rolldown/binding-linux-arm64-gnu@1.1.5 OK for: rolldown@1.1.5 want: 1.1.5
2460 silly placeDep node_modules/vite @rolldown/binding-linux-arm64-musl@1.1.5 OK for: rolldown@1.1.5 want: 1.1.5
2461 silly placeDep node_modules/vite @rolldown/binding-linux-ppc64-gnu@1.1.5 OK for: rolldown@1.1.5 want: 1.1.5
2462 silly placeDep node_modules/vite @rolldown/binding-linux-s390x-gnu@1.1.5 OK for: rolldown@1.1.5 want: 1.1.5
2463 silly placeDep node_modules/vite @rolldown/binding-linux-x64-gnu@1.1.5 OK for: rolldown@1.1.5 want: 1.1.5
2464 silly placeDep node_modules/vite @rolldown/binding-linux-x64-musl@1.1.5 OK for: rolldown@1.1.5 want: 1.1.5
2465 silly placeDep node_modules/vite @rolldown/binding-openharmony-arm64@1.1.5 OK for: rolldown@1.1.5 want: 1.1.5
2466 silly placeDep node_modules/vite @rolldown/binding-wasm32-wasi@1.1.5 OK for: rolldown@1.1.5 want: 1.1.5
2467 silly placeDep node_modules/vite @rolldown/binding-win32-arm64-msvc@1.1.5 OK for: rolldown@1.1.5 want: 1.1.5
2468 silly placeDep node_modules/vite @rolldown/binding-win32-x64-msvc@1.1.5 OK for: rolldown@1.1.5 want: 1.1.5
2469 silly fetch manifest @emnapi/core@1.11.1
2470 silly packumentCache full:https://registry.npmjs.org/@emnapi%2fcore cache-miss
2471 silly fetch manifest @emnapi/runtime@1.11.1
2472 silly packumentCache full:https://registry.npmjs.org/@emnapi%2fruntime cache-miss
2473 http cache https://registry.npmjs.org/@emnapi%2fruntime 14ms (cache hit)
2474 silly packumentCache full:https://registry.npmjs.org/@emnapi%2fruntime set size:122916 disposed:false
2475 http cache https://registry.npmjs.org/@emnapi%2fcore 25ms (cache hit)
2476 silly packumentCache full:https://registry.npmjs.org/@emnapi%2fcore set size:121716 disposed:false
2477 silly placeDep node_modules/vite @emnapi/core@1.11.1 OK for: @rolldown/binding-wasm32-wasi@1.1.5 want: 1.11.1
2478 silly placeDep node_modules/vite @emnapi/runtime@1.11.1 OK for: @rolldown/binding-wasm32-wasi@1.1.5 want: 1.11.1
2479 silly reify moves {}
2480 silly audit bulk request {
2480 silly audit   '@angular/build': [ '22.1.2' ],
2480 silly audit   tslib: [ '2.8.1' ],
2480 silly audit   typescript: [ '6.0.3' ],
2480 silly audit   '@angular/compiler': [ '22.1.0' ],
2480 silly audit   '@angular/compiler-cli': [ '22.1.0' ],
2480 silly audit   '@angular/cli': [ '22.1.2' ],
2480 silly audit   '@angular/common': [ '22.1.0' ],
2480 silly audit   rxjs: [ '7.8.2' ],
2480 silly audit   '@angular/core': [ '22.1.0' ],
2480 silly audit   '@angular/forms': [ '22.1.0' ],
2480 silly audit   '@angular/platform-browser': [ '22.1.0' ],
2480 silly audit   '@angular/router': [ '22.1.0' ],
2480 silly audit   prettier: [ '3.9.6' ],
2480 silly audit   '@ampproject/remapping': [ '2.3.0' ],
2480 silly audit   '@angular-devkit/architect': [ '0.2201.2' ],
2480 silly audit   '@babel/core': [ '8.0.1' ],
2480 silly audit   '@babel/helper-annotate-as-pure': [ '8.0.0' ],
2480 silly audit   '@babel/helper-split-export-declaration': [ '7.24.7' ],
2480 silly audit   '@inquirer/confirm': [ '6.1.1' ],
2480 silly audit   '@vitejs/plugin-basic-ssl': [ '2.3.0' ],
2480 silly audit   vite: [ '8.1.5' ],
2480 silly audit   beasties: [ '0.4.3' ],
2480 silly audit   browserslist: [ '4.28.7' ],
2480 silly audit   esbuild: [ '0.28.1' ],
2480 silly audit   'https-proxy-agent': [ '9.1.0' ],
2480 silly audit   'jsonc-parser': [ '3.3.1' ],
2480 silly audit   lmdb: [ '3.5.6' ],
2480 silly audit   'magic-string': [ '1.0.0' ],
2480 silly audit   mrmime: [ '2.0.1' ],
2480 silly audit   'oxc-parser': [ '0.142.0' ],
2480 silly audit   'parse5-html-rewriting-stream': [ '8.0.1' ],
2480 silly audit   picomatch: [ '4.0.5' ],
2480 silly audit   piscina: [ '5.2.0' ],
2480 silly audit   rolldown: [ '1.2.0', '1.1.5' ],
2480 silly audit   sass: [ '1.101.0' ],
2480 silly audit   semver: [ '7.8.5' ],
2480 silly audit   'source-map-support': [ '0.5.21' ],
2480 silly audit   tinyglobby: [ '0.2.17' ],
2480 silly audit   watchpack: [ '2.5.2' ],
2480 silly audit   '@jridgewell/gen-mapping': [ '0.3.13' ],
2480 silly audit   '@jridgewell/trace-mapping': [ '0.3.31' ],
2480 silly audit   '@angular-devkit/core': [ '22.1.2' ],
2480 silly audit   ajv: [ '8.20.0' ],
2480 silly audit   'ajv-formats': [ '3.0.1' ],
2480 silly audit   'source-map': [ '0.7.6', '0.6.1' ],
2480 silly audit   '@angular-devkit/schematics': [ '22.1.2' ],
2480 silly audit   '@inquirer/prompts': [ '8.5.2' ],
2480 silly audit   '@listr2/prompt-adapter-inquirer': [ '4.2.4' ],
2480 silly audit   '@modelcontextprotocol/sdk': [ '1.29.0' ],
2480 silly audit   '@schematics/angular': [ '22.1.2' ],
2480 silly audit   'npm-package-arg': [ '14.0.0' ],
2480 silly audit   yargs: [ '18.0.0' ],
2480 silly audit   zod: [ '4.4.3' ],
2480 silly audit   ora: [ '9.4.1' ],
2480 silly audit   '@jridgewell/sourcemap-codec': [ '1.5.5' ],
2480 silly audit   chokidar: [ '5.0.0' ],
2480 silly audit   'convert-source-map': [ '1.9.0', '2.0.0' ],
2480 silly audit   'reflect-metadata': [ '0.2.2' ],
2480 silly audit   '@standard-schema/spec': [ '1.1.0' ],
2480 silly audit   '@babel/code-frame': [ '8.0.0' ],
2480 silly audit   '@babel/generator': [ '8.0.0' ],
2480 silly audit   '@babel/helper-compilation-targets': [ '8.0.0' ],
2480 silly audit   '@babel/helpers': [ '8.0.0' ],
2480 silly audit   '@babel/parser': [ '8.0.4' ],
2480 silly audit   '@babel/template': [ '8.0.0' ],
2480 silly audit   '@babel/traverse': [ '8.0.4' ],
2480 silly audit   '@babel/types': [ '8.0.4', '7.29.8' ],
2480 silly audit   '@types/gensync': [ '1.0.5' ],
2480 silly audit   empathic: [ '2.0.1' ],
2480 silly audit   gensync: [ '1.0.0-beta.2' ],
2480 silly audit   'import-meta-resolve': [ '4.2.0' ],
2480 silly audit   json5: [ '2.2.3' ],
2480 silly audit   obug: [ '2.1.4' ],
2480 silly audit   '@babel/helper-validator-identifier': [ '8.0.4', '7.29.7' ],
2480 silly audit   'js-tokens': [ '10.0.0' ],
2480 silly audit   '@types/jsesc': [ '2.5.1' ],
2480 silly audit   jsesc: [ '3.1.0' ],
2480 silly audit   '@babel/compat-data': [ '8.0.0' ],
2480 silly audit   '@babel/helper-validator-option': [ '8.0.0' ],
2480 silly audit   'lru-cache': [ '11.5.2' ],
2480 silly audit   '@babel/helper-globals': [ '8.0.0' ],
2480 silly audit   '@babel/helper-string-parser': [ '8.0.0', '7.29.7' ],
2480 silly audit   '@inquirer/core': [ '11.2.1' ],
2480 silly audit   '@inquirer/type': [ '4.0.7' ],
2480 silly audit   '@inquirer/ansi': [ '2.0.7' ],
2480 silly audit   '@inquirer/figures': [ '2.0.7' ],
2480 silly audit   'cli-width': [ '4.1.0' ],
2480 silly audit   'fast-wrap-ansi': [ '0.2.2' ],
2480 silly audit   'mute-stream': [ '3.0.0' ],
2480 silly audit   'signal-exit': [ '4.1.0' ],
2480 silly audit   '@inquirer/checkbox': [ '5.2.1' ],
2480 silly audit   '@inquirer/editor': [ '5.2.2' ],
2480 silly audit   '@inquirer/expand': [ '5.1.1' ],
2480 silly audit   '@inquirer/input': [ '5.1.2' ],
2480 silly audit   '@inquirer/number': [ '4.1.1' ],
2480 silly audit   '@inquirer/password': [ '5.1.1' ],
2480 silly audit   '@inquirer/rawlist': [ '5.3.1' ],
2480 silly audit   '@inquirer/search': [ '4.2.1' ],
2480 silly audit   '@inquirer/select': [ '5.2.1' ],
2480 silly audit   '@inquirer/external-editor': [ '3.0.3' ],
2480 silly audit   chardet: [ '2.2.0' ],
2480 silly audit   'iconv-lite': [ '0.7.3' ],
2480 silly audit   '@jridgewell/resolve-uri': [ '3.1.2' ],
2480 silly audit   listr2: [ '10.2.1', '10.2.2' ],
2480 silly audit   '@hono/node-server': [ '1.19.17' ],
2480 silly audit   hono: [ '4.12.34' ],
2480 silly audit   'content-type': [ '1.0.5', '2.0.0' ],
2480 silly audit   cors: [ '2.8.6' ],
2480 silly audit   'cross-spawn': [ '7.0.6' ],
2480 silly audit   eventsource: [ '3.0.7' ],
2480 silly audit   'eventsource-parser': [ '3.1.0' ],
2480 silly audit   express: [ '5.2.1' ],
2480 silly audit   'express-rate-limit': [ '8.6.1' ],
2480 silly audit   jose: [ '6.2.8' ],
2480 silly audit   'json-schema-typed': [ '8.0.2' ],
2480 silly audit   'pkce-challenge': [ '5.0.1' ],
2480 silly audit   'raw-body': [ '3.0.2' ],
2480 silly audit   'zod-to-json-schema': [ '3.25.2' ],
2480 silly audit   'fast-deep-equal': [ '3.1.3' ],
2480 silly audit   'fast-uri': [ '3.1.5' ],
2480 silly audit   'json-schema-traverse': [ '1.0.0' ],
2480 silly audit   'require-from-string': [ '2.0.2' ],
2480 silly audit   'css-select': [ '6.0.0' ],
2480 silly audit   'css-what': [ '7.0.0' ],
2480 silly audit   'dom-serializer': [ '2.0.0' ],
2480 silly audit   domhandler: [ '5.0.3' ],
2480 silly audit   htmlparser2: [ '10.1.0' ],
2480 silly audit   picocolors: [ '1.1.1' ],
2480 silly audit   postcss: [ '8.5.25' ],
2480 silly audit   'postcss-media-query-parser': [ '0.2.3' ],
2480 silly audit   'postcss-safe-parser': [ '7.0.1' ],
2480 silly audit   'baseline-browser-mapping': [ '2.11.11' ],
2480 silly audit   'caniuse-lite': [ '1.0.30001806' ],
2480 silly audit   'electron-to-chromium': [ '1.5.399' ],
2480 silly audit   'node-releases': [ '2.0.51' ],
2480 silly audit   'update-browserslist-db': [ '1.2.3' ],
2480 silly audit   readdirp: [ '5.0.0' ],
2480 silly audit   'object-assign': [ '4.1.1' ],
2480 silly audit   vary: [ '1.1.2' ],
2480 silly audit   'path-key': [ '3.1.1' ],
2480 silly audit   'shebang-command': [ '2.0.0' ],
2480 silly audit   which: [ '2.0.2' ],
2480 silly audit   boolbase: [ '1.0.0' ],
2480 silly audit   domutils: [ '3.2.2' ],
2480 silly audit   'nth-check': [ '2.1.1' ],
2480 silly audit   domelementtype: [ '2.3.0' ],
2480 silly audit   entities: [ '4.5.0', '7.0.1', '8.0.0' ],
2480 silly audit   '@esbuild/aix-ppc64': [ '0.28.1' ],
2480 silly audit   '@esbuild/android-arm': [ '0.28.1' ],
2480 silly audit   '@esbuild/android-arm64': [ '0.28.1' ],
2480 silly audit   '@esbuild/android-x64': [ '0.28.1' ],
2480 silly audit   '@esbuild/darwin-arm64': [ '0.28.1' ],
2480 silly audit   '@esbuild/darwin-x64': [ '0.28.1' ],
2480 silly audit   '@esbuild/freebsd-arm64': [ '0.28.1' ],
2480 silly audit   '@esbuild/freebsd-x64': [ '0.28.1' ],
2480 silly audit   '@esbuild/linux-arm': [ '0.28.1' ],
2480 silly audit   '@esbuild/linux-arm64': [ '0.28.1' ],
2480 silly audit   '@esbuild/linux-ia32': [ '0.28.1' ],
2480 silly audit   '@esbuild/linux-loong64': [ '0.28.1' ],
2480 silly audit   '@esbuild/linux-mips64el': [ '0.28.1' ],
2480 silly audit   '@esbuild/linux-ppc64': [ '0.28.1' ],
2480 silly audit   '@esbuild/linux-riscv64': [ '0.28.1' ],
2480 silly audit   '@esbuild/linux-s390x': [ '0.28.1' ],
2480 silly audit   '@esbuild/linux-x64': [ '0.28.1' ],
2480 silly audit   '@esbuild/netbsd-arm64': [ '0.28.1' ],
2480 silly audit   '@esbuild/netbsd-x64': [ '0.28.1' ],
2480 silly audit   '@esbuild/openbsd-arm64': [ '0.28.1' ],
2480 silly audit   '@esbuild/openbsd-x64': [ '0.28.1' ],
2480 silly audit   '@esbuild/openharmony-arm64': [ '0.28.1' ],
2480 silly audit   '@esbuild/sunos-x64': [ '0.28.1' ],
2480 silly audit   '@esbuild/win32-arm64': [ '0.28.1' ],
2480 silly audit   '@esbuild/win32-ia32': [ '0.28.1' ],
2480 silly audit   '@esbuild/win32-x64': [ '0.28.1' ],
2480 silly audit   accepts: [ '2.0.0' ],
2480 silly audit   'body-parser': [ '2.3.0' ],
2480 silly audit   'content-disposition': [ '1.1.0' ],
2480 silly audit   cookie: [ '0.7.2' ],
2480 silly audit   'cookie-signature': [ '1.2.2' ],
2480 silly audit   debug: [ '4.4.3' ],
2480 silly audit   depd: [ '2.0.0' ],
2480 silly audit   encodeurl: [ '2.0.0' ],
2480 silly audit   'escape-html': [ '1.0.3' ],
2480 silly audit   etag: [ '1.8.1' ],
2480 silly audit   finalhandler: [ '2.1.1' ],
2480 silly audit   fresh: [ '2.0.0' ],
2480 silly audit   'http-errors': [ '2.0.1' ],
2480 silly audit   'merge-descriptors': [ '2.0.0' ],
2480 silly audit   'mime-types': [ '3.0.2' ],
2480 silly audit   'on-finished': [ '2.4.1' ],
2480 silly audit   once: [ '1.4.0' ],
2480 silly audit   parseurl: [ '1.3.3' ],
2480 silly audit   'proxy-addr': [ '2.0.7' ],
2480 silly audit   qs: [ '6.15.3' ],
2480 silly audit   'range-parser': [ '1.3.0' ],
2480 silly audit   router: [ '2.2.0' ],
2480 silly audit   send: [ '1.2.1' ],
2480 silly audit   'serve-static': [ '2.2.1' ],
2480 silly audit   statuses: [ '2.0.2' ],
2480 silly audit   'type-is': [ '2.1.0' ],
2480 silly audit   negotiator: [ '1.0.0' ],
2480 silly audit   bytes: [ '3.1.2' ],
2480 silly audit   ms: [ '2.1.3' ],
2480 silly audit   'ip-address': [ '10.4.0' ],
2480 silly audit   'fast-string-width': [ '3.0.2' ],
2480 silly audit   'fast-string-truncated-width': [ '3.0.3' ],
2480 silly audit   inherits: [ '2.0.4' ],
2480 silly audit   setprototypeof: [ '1.2.0' ],
2480 silly audit   toidentifier: [ '1.0.1' ],
2480 silly audit   'agent-base': [ '9.0.0' ],
2480 silly audit   'proxy-agent-negotiate': [ '1.1.0' ],
2480 silly audit   'safer-buffer': [ '2.1.2' ],
2480 silly audit   'cli-truncate': [ '5.2.0' ],
2480 silly audit   eventemitter3: [ '5.0.4' ],
2480 silly audit   'log-update': [ '6.1.0' ],
2480 silly audit   rfdc: [ '1.4.1' ],
2480 silly audit   'wrap-ansi': [ '10.0.0', '9.0.2' ],
2480 silly audit   'slice-ansi': [ '8.0.0', '7.1.2' ],
2480 silly audit   'string-width': [ '8.2.2', '7.2.0' ],
2480 silly audit   '@harperfast/extended-iterable': [ '1.0.3' ],
2480 silly audit   '@lmdb/lmdb-darwin-arm64': [ '3.5.6' ],
2480 silly audit   '@lmdb/lmdb-darwin-x64': [ '3.5.6' ],
2480 silly audit   '@lmdb/lmdb-linux-arm': [ '3.5.6' ],
2480 silly audit   '@lmdb/lmdb-linux-arm64': [ '3.5.6' ],
2480 silly audit   '@lmdb/lmdb-linux-x64': [ '3.5.6' ],
2480 silly audit   '@lmdb/lmdb-win32-arm64': [ '3.5.6' ],
2480 silly audit   '@lmdb/lmdb-win32-x64': [ '3.5.6' ],
2480 silly audit   msgpackr: [ '1.12.1' ],
2480 silly audit   'node-addon-api': [ '6.1.0', '7.1.1' ],
2480 silly audit   'node-gyp-build-optional-packages': [ '5.2.2' ],
2480 silly audit   'ordered-binary': [ '1.6.1' ],
2480 silly audit   'weak-lru-cache': [ '1.2.2' ],
2480 silly audit   'ansi-escapes': [ '7.3.0' ],
2480 silly audit   'cli-cursor': [ '5.0.0' ],
2480 silly audit   'strip-ansi': [ '7.2.0' ],
2480 silly audit   environment: [ '1.1.0' ],
2480 silly audit   'restore-cursor': [ '5.1.0' ],
2480 silly audit   'mime-db': [ '1.54.0' ],
2480 silly audit   'msgpackr-extract': [ '3.0.4' ],
2480 silly audit   '@msgpackr-extract/msgpackr-extract-darwin-arm64': [ '3.0.4' ],
2480 silly audit   '@msgpackr-extract/msgpackr-extract-darwin-x64': [ '3.0.4' ],
2480 silly audit   '@msgpackr-extract/msgpackr-extract-linux-arm': [ '3.0.4' ],
2480 silly audit   '@msgpackr-extract/msgpackr-extract-linux-arm64': [ '3.0.4' ],
2480 silly audit   '@msgpackr-extract/msgpackr-extract-linux-x64': [ '3.0.4' ],
2480 silly audit   '@msgpackr-extract/msgpackr-extract-win32-x64': [ '3.0.4' ],
2480 silly audit   'detect-libc': [ '2.1.2' ],
2480 silly audit   'hosted-git-info': [ '10.1.1' ],
2480 silly audit   'proc-log': [ '7.0.0' ],
2480 silly audit   'validate-npm-package-name': [ '8.0.0' ],
2480 silly audit   'ee-first': [ '1.1.1' ],
2480 silly audit   wrappy: [ '1.0.2' ],
2480 silly audit   chalk: [ '5.6.2' ],
2480 silly audit   'cli-spinners': [ '3.4.0' ],
2480 silly audit   'is-interactive': [ '2.0.0' ],
2480 silly audit   'is-unicode-supported': [ '2.1.0' ],
2480 silly audit   'log-symbols': [ '7.0.1' ],
2480 silly audit   'stdin-discarder': [ '0.3.2' ],
2480 silly audit   yoctocolors: [ '2.2.0' ],
2480 silly audit   '@oxc-parser/binding-android-arm-eabi': [ '0.142.0' ],
2480 silly audit   '@oxc-parser/binding-android-arm64': [ '0.142.0' ],
2480 silly audit   '@oxc-parser/binding-darwin-arm64': [ '0.142.0' ],
2480 silly audit   '@oxc-parser/binding-darwin-x64': [ '0.142.0' ],
2480 silly audit   '@oxc-parser/binding-freebsd-x64': [ '0.142.0' ],
2480 silly audit   '@oxc-parser/binding-linux-arm-gnueabihf': [ '0.142.0' ],
2480 silly audit   '@oxc-parser/binding-linux-arm-musleabihf': [ '0.142.0' ],
2480 silly audit   '@oxc-parser/binding-linux-arm64-gnu': [ '0.142.0' ],
2480 silly audit   '@oxc-parser/binding-linux-arm64-musl': [ '0.142.0' ],
2480 silly audit   '@oxc-parser/binding-linux-ppc64-gnu': [ '0.142.0' ],
2480 silly audit   '@oxc-parser/binding-linux-riscv64-gnu': [ '0.142.0' ],
2480 silly audit   '@oxc-parser/binding-linux-riscv64-musl': [ '0.142.0' ],
2480 silly audit   '@oxc-parser/binding-linux-s390x-gnu': [ '0.142.0' ],
2480 silly audit   '@oxc-parser/binding-linux-x64-gnu': [ '0.142.0' ],
2480 silly audit   '@oxc-parser/binding-linux-x64-musl': [ '0.142.0' ],
2480 silly audit   '@oxc-parser/binding-openharmony-arm64': [ '0.142.0' ],
2480 silly audit   '@oxc-parser/binding-wasm32-wasi': [ '0.142.0' ],
2480 silly audit   '@oxc-parser/binding-win32-arm64-msvc': [ '0.142.0' ],
2480 silly audit   '@oxc-parser/binding-win32-ia32-msvc': [ '0.142.0' ],
2480 silly audit   '@oxc-parser/binding-win32-x64-msvc': [ '0.142.0' ],
2480 silly audit   '@oxc-project/types': [ '0.142.0', '0.140.0', '0.139.0' ],
2480 silly audit   '@emnapi/core': [ '1.11.2', '1.11.1' ],
2480 silly audit   '@emnapi/runtime': [ '1.11.2', '1.11.1' ],
2480 silly audit   '@napi-rs/wasm-runtime': [ '1.2.2' ],
2480 silly audit   '@emnapi/wasi-threads': [ '1.2.2' ],
2480 silly audit   '@tybys/wasm-util': [ '0.10.3' ],
2480 silly audit   parse5: [ '8.0.1' ],
2480 silly audit   'parse5-sax-parser': [ '8.0.0' ],
2480 silly audit   '@napi-rs/nice': [ '1.1.1' ],
2480 silly audit   '@napi-rs/nice-android-arm-eabi': [ '1.1.1' ],
2480 silly audit   '@napi-rs/nice-android-arm64': [ '1.1.1' ],
2480 silly audit   '@napi-rs/nice-darwin-arm64': [ '1.1.1' ],
2480 silly audit   '@napi-rs/nice-darwin-x64': [ '1.1.1' ],
2480 silly audit   '@napi-rs/nice-freebsd-x64': [ '1.1.1' ],
2480 silly audit   '@napi-rs/nice-linux-arm-gnueabihf': [ '1.1.1' ],
2480 silly audit   '@napi-rs/nice-linux-arm64-gnu': [ '1.1.1' ],
2480 silly audit   '@napi-rs/nice-linux-arm64-musl': [ '1.1.1' ],
2480 silly audit   '@napi-rs/nice-linux-ppc64-gnu': [ '1.1.1' ],
2480 silly audit   '@napi-rs/nice-linux-riscv64-gnu': [ '1.1.1' ],
2480 silly audit   '@napi-rs/nice-linux-s390x-gnu': [ '1.1.1' ],
2480 silly audit   '@napi-rs/nice-linux-x64-gnu': [ '1.1.1' ],
2480 silly audit   '@napi-rs/nice-linux-x64-musl': [ '1.1.1' ],
2480 silly audit   '@napi-rs/nice-openharmony-arm64': [ '1.1.1' ],
2480 silly audit   '@napi-rs/nice-win32-arm64-msvc': [ '1.1.1' ],
2480 silly audit   '@napi-rs/nice-win32-ia32-msvc': [ '1.1.1' ],
2480 silly audit   '@napi-rs/nice-win32-x64-msvc': [ '1.1.1' ],
2480 silly audit   nanoid: [ '3.3.17' ],
2480 silly audit   'source-map-js': [ '1.2.1' ],
2480 silly audit   forwarded: [ '0.2.0' ],
2480 silly audit   'ipaddr.js': [ '1.9.1' ],
2480 silly audit   'es-define-property': [ '1.0.1' ],
2480 silly audit   'side-channel': [ '1.1.1' ],
2480 silly audit   unpipe: [ '1.0.0' ],
2480 silly audit   onetime: [ '7.0.0' ],
2480 silly audit   'mimic-function': [ '5.0.1' ],
2480 silly audit   '@rolldown/binding-android-arm64': [ '1.2.0', '1.1.5' ],
2480 silly audit   '@rolldown/binding-darwin-arm64': [ '1.2.0', '1.1.5' ],
2480 silly audit   '@rolldown/binding-darwin-x64': [ '1.2.0', '1.1.5' ],
2480 silly audit   '@rolldown/binding-freebsd-x64': [ '1.2.0', '1.1.5' ],
2480 silly audit   '@rolldown/binding-linux-arm-gnueabihf': [ '1.2.0', '1.1.5' ],
2480 silly audit   '@rolldown/binding-linux-arm64-gnu': [ '1.2.0', '1.1.5' ],
2480 silly audit   '@rolldown/binding-linux-arm64-musl': [ '1.2.0', '1.1.5' ],
2480 silly audit   '@rolldown/binding-linux-ppc64-gnu': [ '1.2.0', '1.1.5' ],
2480 silly audit   '@rolldown/binding-linux-s390x-gnu': [ '1.2.0', '1.1.5' ],
2480 silly audit   '@rolldown/binding-linux-x64-gnu': [ '1.2.0', '1.1.5' ],
2480 silly audit   '@rolldown/binding-linux-x64-musl': [ '1.2.0', '1.1.5' ],
2480 silly audit   '@rolldown/binding-openharmony-arm64': [ '1.2.0', '1.1.5' ],
2480 silly audit   '@rolldown/binding-wasm32-wasi': [ '1.2.0', '1.1.5' ],
2480 silly audit   '@rolldown/binding-win32-arm64-msvc': [ '1.2.0', '1.1.5' ],
2480 silly audit   '@rolldown/binding-win32-x64-msvc': [ '1.2.0', '1.1.5' ],
2480 silly audit   '@rolldown/pluginutils': [ '1.0.1' ],
2480 silly audit   'is-promise': [ '4.0.0' ],
2480 silly audit   'path-to-regexp': [ '8.4.2' ],
2480 silly audit   '@parcel/watcher': [ '2.6.0' ],
2480 silly audit   immutable: [ '5.1.9' ],
2480 silly audit   '@parcel/watcher-android-arm64': [ '2.6.0' ],
2480 silly audit   '@parcel/watcher-darwin-arm64': [ '2.6.0' ],
2480 silly audit   '@parcel/watcher-darwin-x64': [ '2.6.0' ],
2480 silly audit   '@parcel/watcher-freebsd-x64': [ '2.6.0' ],
2480 silly audit   '@parcel/watcher-linux-arm-glibc': [ '2.6.0' ],
2480 silly audit   '@parcel/watcher-linux-arm-musl': [ '2.6.0' ],
2480 silly audit   '@parcel/watcher-linux-arm64-glibc': [ '2.6.0' ],
2480 silly audit   '@parcel/watcher-linux-arm64-musl': [ '2.6.0' ],
2480 silly audit   '@parcel/watcher-linux-x64-glibc': [ '2.6.0' ],
2480 silly audit   '@parcel/watcher-linux-x64-musl': [ '2.6.0' ],
2480 silly audit   '@parcel/watcher-win32-arm64': [ '2.6.0' ],
2480 silly audit   '@parcel/watcher-win32-x64': [ '2.6.0' ],
2480 silly audit   'is-glob': [ '4.0.3' ],
2480 silly audit   'is-extglob': [ '2.1.1' ],
2480 silly audit   'shebang-regex': [ '3.0.0' ],
2480 silly audit   'es-errors': [ '1.3.0' ],
2480 silly audit   'object-inspect': [ '1.13.4' ],
2480 silly audit   'side-channel-list': [ '1.0.1' ],
2480 silly audit   'side-channel-map': [ '1.0.1' ],
2480 silly audit   'side-channel-weakmap': [ '1.0.2' ],
2480 silly audit   'call-bound': [ '1.0.4' ],
2480 silly audit   'get-intrinsic': [ '1.3.0' ],
2480 silly audit   'call-bind-apply-helpers': [ '1.0.2' ],
2480 silly audit   'function-bind': [ '1.1.2' ],
2480 silly audit   'es-object-atoms': [ '1.1.2' ],
2480 silly audit   'get-proto': [ '1.0.1' ],
2480 silly audit   gopd: [ '1.2.0' ],
2480 silly audit   'has-symbols': [ '1.1.0' ],
2480 silly audit   hasown: [ '2.0.4' ],
2480 silly audit   'math-intrinsics': [ '1.1.0' ],
2480 silly audit   'dunder-proto': [ '1.0.1' ],
2480 silly audit   'ansi-styles': [ '6.2.3' ],
2480 silly audit   'is-fullwidth-code-point': [ '5.1.0' ],
2480 silly audit   'get-east-asian-width': [ '1.6.0' ],
2480 silly audit   'buffer-from': [ '1.1.2' ],
2480 silly audit   'ansi-regex': [ '6.2.2' ],
2480 silly audit   fdir: [ '6.5.0' ],
2480 silly audit   'media-typer': [ '1.1.1' ],
2480 silly audit   escalade: [ '3.2.0' ],
2480 silly audit   fsevents: [ '2.3.3' ],
2480 silly audit   lightningcss: [ '1.33.0' ],
2480 silly audit   'lightningcss-android-arm64': [ '1.33.0' ],
2480 silly audit   'lightningcss-darwin-arm64': [ '1.33.0' ],
2480 silly audit   'lightningcss-darwin-x64': [ '1.33.0' ],
2480 silly audit   'lightningcss-freebsd-x64': [ '1.33.0' ],
2480 silly audit   'lightningcss-linux-arm-gnueabihf': [ '1.33.0' ],
2480 silly audit   'lightningcss-linux-arm64-gnu': [ '1.33.0' ],
2480 silly audit   'lightningcss-linux-arm64-musl': [ '1.33.0' ],
2480 silly audit   'lightningcss-linux-x64-gnu': [ '1.33.0' ],
2480 silly audit   'lightningcss-linux-x64-musl': [ '1.33.0' ],
2480 silly audit   'lightningcss-win32-arm64-msvc': [ '1.33.0' ],
2480 silly audit   'lightningcss-win32-x64-msvc': [ '1.33.0' ],
2480 silly audit   'graceful-fs': [ '4.2.11' ],
2480 silly audit   isexe: [ '2.0.0' ],
2480 silly audit   cliui: [ '9.0.1' ],
2480 silly audit   'get-caller-file': [ '2.0.5' ],
2480 silly audit   y18n: [ '5.0.8' ],
2480 silly audit   'yargs-parser': [ '22.0.0' ],
2480 silly audit   'emoji-regex': [ '10.6.0' ]
2480 silly audit }
2481 http cache emoji-regex@https://registry.npmjs.org/emoji-regex/-/emoji-regex-10.6.0.tgz 0ms (cache hit)
2482 http cache yargs-parser@https://registry.npmjs.org/yargs-parser/-/yargs-parser-22.0.0.tgz 0ms (cache hit)
2483 http cache cliui@https://registry.npmjs.org/cliui/-/cliui-9.0.1.tgz 0ms (cache hit)
2484 http cache y18n@https://registry.npmjs.org/y18n/-/y18n-5.0.8.tgz 0ms (cache hit)
2485 http cache get-caller-file@https://registry.npmjs.org/get-caller-file/-/get-caller-file-2.0.5.tgz 0ms (cache hit)
2486 http cache lightningcss@https://registry.npmjs.org/lightningcss/-/lightningcss-1.33.0.tgz 0ms (cache hit)
2487 http cache isexe@https://registry.npmjs.org/isexe/-/isexe-2.0.0.tgz 0ms (cache hit)
2488 http cache media-typer@https://registry.npmjs.org/media-typer/-/media-typer-1.1.1.tgz 0ms (cache hit)
2489 http cache ansi-regex@https://registry.npmjs.org/ansi-regex/-/ansi-regex-6.2.2.tgz 0ms (cache hit)
2490 http cache buffer-from@https://registry.npmjs.org/buffer-from/-/buffer-from-1.1.2.tgz 0ms (cache hit)
2491 http cache fdir@https://registry.npmjs.org/fdir/-/fdir-6.5.0.tgz 0ms (cache hit)
2492 http cache get-east-asian-width@https://registry.npmjs.org/get-east-asian-width/-/get-east-asian-width-1.6.0.tgz 0ms (cache hit)
2493 http cache escalade@https://registry.npmjs.org/escalade/-/escalade-3.2.0.tgz 0ms (cache hit)
2494 http cache graceful-fs@https://registry.npmjs.org/graceful-fs/-/graceful-fs-4.2.11.tgz 0ms (cache hit)
2495 http cache is-fullwidth-code-point@https://registry.npmjs.org/is-fullwidth-code-point/-/is-fullwidth-code-point-5.1.0.tgz 0ms (cache hit)
2496 http cache ansi-styles@https://registry.npmjs.org/ansi-styles/-/ansi-styles-6.2.3.tgz 0ms (cache hit)
2497 http cache lightningcss-win32-x64-msvc@https://registry.npmjs.org/lightningcss-win32-x64-msvc/-/lightningcss-win32-x64-msvc-1.33.0.tgz 0ms (cache hit)
2498 http cache hasown@https://registry.npmjs.org/hasown/-/hasown-2.0.4.tgz 0ms (cache hit)
2499 http cache math-intrinsics@https://registry.npmjs.org/math-intrinsics/-/math-intrinsics-1.1.0.tgz 0ms (cache hit)
2500 http cache gopd@https://registry.npmjs.org/gopd/-/gopd-1.2.0.tgz 0ms (cache hit)
2501 http cache dunder-proto@https://registry.npmjs.org/dunder-proto/-/dunder-proto-1.0.1.tgz 0ms (cache hit)
2502 http cache get-proto@https://registry.npmjs.org/get-proto/-/get-proto-1.0.1.tgz 0ms (cache hit)
2503 http cache function-bind@https://registry.npmjs.org/function-bind/-/function-bind-1.1.2.tgz 0ms (cache hit)
2504 http cache has-symbols@https://registry.npmjs.org/has-symbols/-/has-symbols-1.1.0.tgz 0ms (cache hit)
2505 http cache es-object-atoms@https://registry.npmjs.org/es-object-atoms/-/es-object-atoms-1.1.2.tgz 0ms (cache hit)
2506 http cache get-intrinsic@https://registry.npmjs.org/get-intrinsic/-/get-intrinsic-1.3.0.tgz 0ms (cache hit)
2507 http cache call-bound@https://registry.npmjs.org/call-bound/-/call-bound-1.0.4.tgz 0ms (cache hit)
2508 http cache side-channel-weakmap@https://registry.npmjs.org/side-channel-weakmap/-/side-channel-weakmap-1.0.2.tgz 0ms (cache hit)
2509 http cache call-bind-apply-helpers@https://registry.npmjs.org/call-bind-apply-helpers/-/call-bind-apply-helpers-1.0.2.tgz 0ms (cache hit)
2510 http cache side-channel-map@https://registry.npmjs.org/side-channel-map/-/side-channel-map-1.0.1.tgz 0ms (cache hit)
2511 http cache side-channel-list@https://registry.npmjs.org/side-channel-list/-/side-channel-list-1.0.1.tgz 0ms (cache hit)
2512 http cache object-inspect@https://registry.npmjs.org/object-inspect/-/object-inspect-1.13.4.tgz 0ms (cache hit)
2513 http cache es-errors@https://registry.npmjs.org/es-errors/-/es-errors-1.3.0.tgz 0ms (cache hit)
2514 http cache shebang-regex@https://registry.npmjs.org/shebang-regex/-/shebang-regex-3.0.0.tgz 0ms (cache hit)
2515 http cache @parcel/watcher-win32-x64@https://registry.npmjs.org/@parcel/watcher-win32-x64/-/watcher-win32-x64-2.6.0.tgz 0ms (cache hit)
2516 http cache is-extglob@https://registry.npmjs.org/is-extglob/-/is-extglob-2.1.1.tgz 0ms (cache hit)
2517 http cache @parcel/watcher@https://registry.npmjs.org/@parcel/watcher/-/watcher-2.6.0.tgz 0ms (cache hit)
2518 http cache immutable@https://registry.npmjs.org/immutable/-/immutable-5.1.9.tgz 0ms (cache hit)
2519 http cache is-glob@https://registry.npmjs.org/is-glob/-/is-glob-4.0.3.tgz 0ms (cache hit)
2520 http cache @rolldown/pluginutils@https://registry.npmjs.org/@rolldown/pluginutils/-/pluginutils-1.0.1.tgz 0ms (cache hit)
2521 http cache path-to-regexp@https://registry.npmjs.org/path-to-regexp/-/path-to-regexp-8.4.2.tgz 0ms (cache hit)
2522 http cache @rolldown/binding-win32-x64-msvc@https://registry.npmjs.org/@rolldown/binding-win32-x64-msvc/-/binding-win32-x64-msvc-1.2.0.tgz 0ms (cache hit)
2523 http cache mimic-function@https://registry.npmjs.org/mimic-function/-/mimic-function-5.0.1.tgz 0ms (cache hit)
2524 http cache is-promise@https://registry.npmjs.org/is-promise/-/is-promise-4.0.0.tgz 0ms (cache hit)
2525 http cache unpipe@https://registry.npmjs.org/unpipe/-/unpipe-1.0.0.tgz 0ms (cache hit)
2526 http cache onetime@https://registry.npmjs.org/onetime/-/onetime-7.0.0.tgz 0ms (cache hit)
2527 http cache side-channel@https://registry.npmjs.org/side-channel/-/side-channel-1.1.1.tgz 0ms (cache hit)
2528 http cache ipaddr.js@https://registry.npmjs.org/ipaddr.js/-/ipaddr.js-1.9.1.tgz 0ms (cache hit)
2529 http cache es-define-property@https://registry.npmjs.org/es-define-property/-/es-define-property-1.0.1.tgz 0ms (cache hit)
2530 http cache forwarded@https://registry.npmjs.org/forwarded/-/forwarded-0.2.0.tgz 0ms (cache hit)
2531 http cache source-map-js@https://registry.npmjs.org/source-map-js/-/source-map-js-1.2.1.tgz 0ms (cache hit)
2532 http cache parse5-sax-parser@https://registry.npmjs.org/parse5-sax-parser/-/parse5-sax-parser-8.0.0.tgz 0ms (cache hit)
2533 http cache @napi-rs/nice-win32-x64-msvc@https://registry.npmjs.org/@napi-rs/nice-win32-x64-msvc/-/nice-win32-x64-msvc-1.1.1.tgz 0ms (cache hit)
2534 http cache @napi-rs/nice@https://registry.npmjs.org/@napi-rs/nice/-/nice-1.1.1.tgz 0ms (cache hit)
2535 http cache @oxc-project/types@https://registry.npmjs.org/@oxc-project/types/-/types-0.142.0.tgz 0ms (cache hit)
2536 http cache nanoid@https://registry.npmjs.org/nanoid/-/nanoid-3.3.17.tgz 0ms (cache hit)
2537 http cache parse5@https://registry.npmjs.org/parse5/-/parse5-8.0.1.tgz 0ms (cache hit)
2538 http cache yoctocolors@https://registry.npmjs.org/yoctocolors/-/yoctocolors-2.2.0.tgz 0ms (cache hit)
2539 http cache stdin-discarder@https://registry.npmjs.org/stdin-discarder/-/stdin-discarder-0.3.2.tgz 0ms (cache hit)
2540 http cache @oxc-parser/binding-win32-x64-msvc@https://registry.npmjs.org/@oxc-parser/binding-win32-x64-msvc/-/binding-win32-x64-msvc-0.142.0.tgz 0ms (cache hit)
2541 http cache log-symbols@https://registry.npmjs.org/log-symbols/-/log-symbols-7.0.1.tgz 0ms (cache hit)
2542 http cache is-unicode-supported@https://registry.npmjs.org/is-unicode-supported/-/is-unicode-supported-2.1.0.tgz 0ms (cache hit)
2543 http cache cli-spinners@https://registry.npmjs.org/cli-spinners/-/cli-spinners-3.4.0.tgz 0ms (cache hit)
2544 http cache is-interactive@https://registry.npmjs.org/is-interactive/-/is-interactive-2.0.0.tgz 0ms (cache hit)
2545 http cache chalk@https://registry.npmjs.org/chalk/-/chalk-5.6.2.tgz 0ms (cache hit)
2546 http cache ee-first@https://registry.npmjs.org/ee-first/-/ee-first-1.1.1.tgz 0ms (cache hit)
2547 http cache wrappy@https://registry.npmjs.org/wrappy/-/wrappy-1.0.2.tgz 0ms (cache hit)
2548 http cache proc-log@https://registry.npmjs.org/proc-log/-/proc-log-7.0.0.tgz 0ms (cache hit)
2549 http cache hosted-git-info@https://registry.npmjs.org/hosted-git-info/-/hosted-git-info-10.1.1.tgz 0ms (cache hit)
2550 http cache @msgpackr-extract/msgpackr-extract-win32-x64@https://registry.npmjs.org/@msgpackr-extract/msgpackr-extract-win32-x64/-/msgpackr-extract-win32-x64-3.0.4.tgz 0ms (cache hit)
2551 http cache detect-libc@https://registry.npmjs.org/detect-libc/-/detect-libc-2.1.2.tgz 0ms (cache hit)
2552 http cache validate-npm-package-name@https://registry.npmjs.org/validate-npm-package-name/-/validate-npm-package-name-8.0.0.tgz 0ms (cache hit)
2553 http cache mime-db@https://registry.npmjs.org/mime-db/-/mime-db-1.54.0.tgz 0ms (cache hit)
2554 http cache restore-cursor@https://registry.npmjs.org/restore-cursor/-/restore-cursor-5.1.0.tgz 0ms (cache hit)
2555 http cache environment@https://registry.npmjs.org/environment/-/environment-1.1.0.tgz 0ms (cache hit)
2556 http cache msgpackr-extract@https://registry.npmjs.org/msgpackr-extract/-/msgpackr-extract-3.0.4.tgz 0ms (cache hit)
2557 http cache strip-ansi@https://registry.npmjs.org/strip-ansi/-/strip-ansi-7.2.0.tgz 0ms (cache hit)
2558 http cache cli-cursor@https://registry.npmjs.org/cli-cursor/-/cli-cursor-5.0.0.tgz 0ms (cache hit)
2559 http cache ansi-escapes@https://registry.npmjs.org/ansi-escapes/-/ansi-escapes-7.3.0.tgz 0ms (cache hit)
2560 http cache ordered-binary@https://registry.npmjs.org/ordered-binary/-/ordered-binary-1.6.1.tgz 0ms (cache hit)
2561 http cache weak-lru-cache@https://registry.npmjs.org/weak-lru-cache/-/weak-lru-cache-1.2.2.tgz 0ms (cache hit)
2562 http cache node-addon-api@https://registry.npmjs.org/node-addon-api/-/node-addon-api-6.1.0.tgz 0ms (cache hit)
2563 http cache node-gyp-build-optional-packages@https://registry.npmjs.org/node-gyp-build-optional-packages/-/node-gyp-build-optional-packages-5.2.2.tgz 0ms (cache hit)
2564 http cache @lmdb/lmdb-win32-x64@https://registry.npmjs.org/@lmdb/lmdb-win32-x64/-/lmdb-win32-x64-3.5.6.tgz 0ms (cache hit)
2565 http cache @harperfast/extended-iterable@https://registry.npmjs.org/@harperfast/extended-iterable/-/extended-iterable-1.0.3.tgz 0ms (cache hit)
2566 http cache string-width@https://registry.npmjs.org/string-width/-/string-width-8.2.2.tgz 0ms (cache hit)
2567 http cache msgpackr@https://registry.npmjs.org/msgpackr/-/msgpackr-1.12.1.tgz 0ms (cache hit)
2568 http cache slice-ansi@https://registry.npmjs.org/slice-ansi/-/slice-ansi-8.0.0.tgz 0ms (cache hit)
2569 http cache wrap-ansi@https://registry.npmjs.org/wrap-ansi/-/wrap-ansi-10.0.0.tgz 0ms (cache hit)
2570 http cache rfdc@https://registry.npmjs.org/rfdc/-/rfdc-1.4.1.tgz 0ms (cache hit)
2571 http cache eventemitter3@https://registry.npmjs.org/eventemitter3/-/eventemitter3-5.0.4.tgz 0ms (cache hit)
2572 http cache log-update@https://registry.npmjs.org/log-update/-/log-update-6.1.0.tgz 0ms (cache hit)
2573 http cache cli-truncate@https://registry.npmjs.org/cli-truncate/-/cli-truncate-5.2.0.tgz 0ms (cache hit)
2574 http cache safer-buffer@https://registry.npmjs.org/safer-buffer/-/safer-buffer-2.1.2.tgz 0ms (cache hit)
2575 http cache agent-base@https://registry.npmjs.org/agent-base/-/agent-base-9.0.0.tgz 0ms (cache hit)
2576 http cache proxy-agent-negotiate@https://registry.npmjs.org/proxy-agent-negotiate/-/proxy-agent-negotiate-1.1.0.tgz 0ms (cache hit)
2577 http cache toidentifier@https://registry.npmjs.org/toidentifier/-/toidentifier-1.0.1.tgz 0ms (cache hit)
2578 http cache inherits@https://registry.npmjs.org/inherits/-/inherits-2.0.4.tgz 0ms (cache hit)
2579 http cache fast-string-truncated-width@https://registry.npmjs.org/fast-string-truncated-width/-/fast-string-truncated-width-3.0.3.tgz 0ms (cache hit)
2580 http cache fast-string-width@https://registry.npmjs.org/fast-string-width/-/fast-string-width-3.0.2.tgz 0ms (cache hit)
2581 http cache setprototypeof@https://registry.npmjs.org/setprototypeof/-/setprototypeof-1.2.0.tgz 0ms (cache hit)
2582 http cache ip-address@https://registry.npmjs.org/ip-address/-/ip-address-10.4.0.tgz 0ms (cache hit)
2583 http cache ms@https://registry.npmjs.org/ms/-/ms-2.1.3.tgz 0ms (cache hit)
2584 http cache bytes@https://registry.npmjs.org/bytes/-/bytes-3.1.2.tgz 0ms (cache hit)
2585 http cache negotiator@https://registry.npmjs.org/negotiator/-/negotiator-1.0.0.tgz 0ms (cache hit)
2586 http cache type-is@https://registry.npmjs.org/type-is/-/type-is-2.1.0.tgz 0ms (cache hit)
2587 http cache statuses@https://registry.npmjs.org/statuses/-/statuses-2.0.2.tgz 0ms (cache hit)
2588 http cache send@https://registry.npmjs.org/send/-/send-1.2.1.tgz 0ms (cache hit)
2589 http cache router@https://registry.npmjs.org/router/-/router-2.2.0.tgz 0ms (cache hit)
2590 http cache serve-static@https://registry.npmjs.org/serve-static/-/serve-static-2.2.1.tgz 0ms (cache hit)
2591 http cache range-parser@https://registry.npmjs.org/range-parser/-/range-parser-1.3.0.tgz 0ms (cache hit)
2592 http cache qs@https://registry.npmjs.org/qs/-/qs-6.15.3.tgz 0ms (cache hit)
2593 http cache proxy-addr@https://registry.npmjs.org/proxy-addr/-/proxy-addr-2.0.7.tgz 0ms (cache hit)
2594 http cache parseurl@https://registry.npmjs.org/parseurl/-/parseurl-1.3.3.tgz 0ms (cache hit)
2595 http cache on-finished@https://registry.npmjs.org/on-finished/-/on-finished-2.4.1.tgz 0ms (cache hit)
2596 http cache once@https://registry.npmjs.org/once/-/once-1.4.0.tgz 0ms (cache hit)
2597 http cache mime-types@https://registry.npmjs.org/mime-types/-/mime-types-3.0.2.tgz 0ms (cache hit)
2598 http cache http-errors@https://registry.npmjs.org/http-errors/-/http-errors-2.0.1.tgz 0ms (cache hit)
2599 http cache finalhandler@https://registry.npmjs.org/finalhandler/-/finalhandler-2.1.1.tgz 0ms (cache hit)
2600 http cache etag@https://registry.npmjs.org/etag/-/etag-1.8.1.tgz 0ms (cache hit)
2601 http cache fresh@https://registry.npmjs.org/fresh/-/fresh-2.0.0.tgz 0ms (cache hit)
2602 http cache merge-descriptors@https://registry.npmjs.org/merge-descriptors/-/merge-descriptors-2.0.0.tgz 0ms (cache hit)
2603 http cache escape-html@https://registry.npmjs.org/escape-html/-/escape-html-1.0.3.tgz 0ms (cache hit)
2604 http cache encodeurl@https://registry.npmjs.org/encodeurl/-/encodeurl-2.0.0.tgz 0ms (cache hit)
2605 http cache depd@https://registry.npmjs.org/depd/-/depd-2.0.0.tgz 0ms (cache hit)
2606 http cache debug@https://registry.npmjs.org/debug/-/debug-4.4.3.tgz 0ms (cache hit)
2607 http cache cookie-signature@https://registry.npmjs.org/cookie-signature/-/cookie-signature-1.2.2.tgz 0ms (cache hit)
2608 http cache content-disposition@https://registry.npmjs.org/content-disposition/-/content-disposition-1.1.0.tgz 0ms (cache hit)
2609 http cache accepts@https://registry.npmjs.org/accepts/-/accepts-2.0.0.tgz 0ms (cache hit)
2610 http cache @esbuild/win32-x64@https://registry.npmjs.org/@esbuild/win32-x64/-/win32-x64-0.28.1.tgz 0ms (cache hit)
2611 http cache body-parser@https://registry.npmjs.org/body-parser/-/body-parser-2.3.0.tgz 0ms (cache hit)
2612 http cache cookie@https://registry.npmjs.org/cookie/-/cookie-0.7.2.tgz 0ms (cache hit)
2613 http cache entities@https://registry.npmjs.org/entities/-/entities-4.5.0.tgz 0ms (cache hit)
2614 http cache domelementtype@https://registry.npmjs.org/domelementtype/-/domelementtype-2.3.0.tgz 0ms (cache hit)
2615 http cache nth-check@https://registry.npmjs.org/nth-check/-/nth-check-2.1.1.tgz 0ms (cache hit)
2616 http cache domutils@https://registry.npmjs.org/domutils/-/domutils-3.2.2.tgz 0ms (cache hit)
2617 http cache which@https://registry.npmjs.org/which/-/which-2.0.2.tgz 0ms (cache hit)
2618 http cache shebang-command@https://registry.npmjs.org/shebang-command/-/shebang-command-2.0.0.tgz 0ms (cache hit)
2619 http cache boolbase@https://registry.npmjs.org/boolbase/-/boolbase-1.0.0.tgz 0ms (cache hit)
2620 http cache vary@https://registry.npmjs.org/vary/-/vary-1.1.2.tgz 0ms (cache hit)
2621 http cache object-assign@https://registry.npmjs.org/object-assign/-/object-assign-4.1.1.tgz 0ms (cache hit)
2622 http cache path-key@https://registry.npmjs.org/path-key/-/path-key-3.1.1.tgz 0ms (cache hit)
2623 http cache update-browserslist-db@https://registry.npmjs.org/update-browserslist-db/-/update-browserslist-db-1.2.3.tgz 0ms (cache hit)
2624 http cache node-releases@https://registry.npmjs.org/node-releases/-/node-releases-2.0.51.tgz 0ms (cache hit)
2625 http cache electron-to-chromium@https://registry.npmjs.org/electron-to-chromium/-/electron-to-chromium-1.5.399.tgz 0ms (cache hit)
2626 http cache readdirp@https://registry.npmjs.org/readdirp/-/readdirp-5.0.0.tgz 0ms (cache hit)
2627 http cache caniuse-lite@https://registry.npmjs.org/caniuse-lite/-/caniuse-lite-1.0.30001806.tgz 0ms (cache hit)
2628 http cache baseline-browser-mapping@https://registry.npmjs.org/baseline-browser-mapping/-/baseline-browser-mapping-2.11.11.tgz 0ms (cache hit)
2629 http cache postcss-safe-parser@https://registry.npmjs.org/postcss-safe-parser/-/postcss-safe-parser-7.0.1.tgz 0ms (cache hit)
2630 http cache postcss@https://registry.npmjs.org/postcss/-/postcss-8.5.25.tgz 0ms (cache hit)
2631 http cache postcss-media-query-parser@https://registry.npmjs.org/postcss-media-query-parser/-/postcss-media-query-parser-0.2.3.tgz 0ms (cache hit)
2632 http cache domhandler@https://registry.npmjs.org/domhandler/-/domhandler-5.0.3.tgz 0ms (cache hit)
2633 http cache picocolors@https://registry.npmjs.org/picocolors/-/picocolors-1.1.1.tgz 0ms (cache hit)
2634 http cache htmlparser2@https://registry.npmjs.org/htmlparser2/-/htmlparser2-10.1.0.tgz 0ms (cache hit)
2635 http cache require-from-string@https://registry.npmjs.org/require-from-string/-/require-from-string-2.0.2.tgz 0ms (cache hit)
2636 http cache dom-serializer@https://registry.npmjs.org/dom-serializer/-/dom-serializer-2.0.0.tgz 0ms (cache hit)
2637 http cache css-select@https://registry.npmjs.org/css-select/-/css-select-6.0.0.tgz 0ms (cache hit)
2638 http cache json-schema-traverse@https://registry.npmjs.org/json-schema-traverse/-/json-schema-traverse-1.0.0.tgz 0ms (cache hit)
2639 http cache fast-uri@https://registry.npmjs.org/fast-uri/-/fast-uri-3.1.5.tgz 0ms (cache hit)
2640 http cache css-what@https://registry.npmjs.org/css-what/-/css-what-7.0.0.tgz 0ms (cache hit)
2641 http cache zod-to-json-schema@https://registry.npmjs.org/zod-to-json-schema/-/zod-to-json-schema-3.25.2.tgz 0ms (cache hit)
2642 http cache raw-body@https://registry.npmjs.org/raw-body/-/raw-body-3.0.2.tgz 0ms (cache hit)
2643 http cache json-schema-typed@https://registry.npmjs.org/json-schema-typed/-/json-schema-typed-8.0.2.tgz 0ms (cache hit)
2644 http cache fast-deep-equal@https://registry.npmjs.org/fast-deep-equal/-/fast-deep-equal-3.1.3.tgz 0ms (cache hit)
2645 http cache express-rate-limit@https://registry.npmjs.org/express-rate-limit/-/express-rate-limit-8.6.1.tgz 0ms (cache hit)
2646 http cache jose@https://registry.npmjs.org/jose/-/jose-6.2.8.tgz 0ms (cache hit)
2647 http cache pkce-challenge@https://registry.npmjs.org/pkce-challenge/-/pkce-challenge-5.0.1.tgz 0ms (cache hit)
2648 http cache eventsource@https://registry.npmjs.org/eventsource/-/eventsource-3.0.7.tgz 0ms (cache hit)
2649 http cache cross-spawn@https://registry.npmjs.org/cross-spawn/-/cross-spawn-7.0.6.tgz 0ms (cache hit)
2650 http cache eventsource-parser@https://registry.npmjs.org/eventsource-parser/-/eventsource-parser-3.1.0.tgz 0ms (cache hit)
2651 http cache content-type@https://registry.npmjs.org/content-type/-/content-type-1.0.5.tgz 0ms (cache hit)
2652 http cache express@https://registry.npmjs.org/express/-/express-5.2.1.tgz 0ms (cache hit)
2653 http cache cors@https://registry.npmjs.org/cors/-/cors-2.8.6.tgz 0ms (cache hit)
2654 http cache hono@https://registry.npmjs.org/hono/-/hono-4.12.34.tgz 0ms (cache hit)
2655 http cache @hono/node-server@https://registry.npmjs.org/@hono/node-server/-/node-server-1.19.17.tgz 0ms (cache hit)
2656 http cache @jridgewell/resolve-uri@https://registry.npmjs.org/@jridgewell/resolve-uri/-/resolve-uri-3.1.2.tgz 0ms (cache hit)
2657 http cache iconv-lite@https://registry.npmjs.org/iconv-lite/-/iconv-lite-0.7.3.tgz 0ms (cache hit)
2658 http cache listr2@https://registry.npmjs.org/listr2/-/listr2-10.2.1.tgz 0ms (cache hit)
2659 http cache @inquirer/external-editor@https://registry.npmjs.org/@inquirer/external-editor/-/external-editor-3.0.3.tgz 0ms (cache hit)
2660 http cache @inquirer/select@https://registry.npmjs.org/@inquirer/select/-/select-5.2.1.tgz 0ms (cache hit)
2661 http cache chardet@https://registry.npmjs.org/chardet/-/chardet-2.2.0.tgz 0ms (cache hit)
2662 http cache @inquirer/rawlist@https://registry.npmjs.org/@inquirer/rawlist/-/rawlist-5.3.1.tgz 0ms (cache hit)
2663 http cache @inquirer/number@https://registry.npmjs.org/@inquirer/number/-/number-4.1.1.tgz 0ms (cache hit)
2664 http cache @inquirer/input@https://registry.npmjs.org/@inquirer/input/-/input-5.1.2.tgz 0ms (cache hit)
2665 http cache @inquirer/search@https://registry.npmjs.org/@inquirer/search/-/search-4.2.1.tgz 0ms (cache hit)
2666 http cache @inquirer/password@https://registry.npmjs.org/@inquirer/password/-/password-5.1.1.tgz 0ms (cache hit)
2667 http cache mute-stream@https://registry.npmjs.org/mute-stream/-/mute-stream-3.0.0.tgz 0ms (cache hit)
2668 http cache @inquirer/expand@https://registry.npmjs.org/@inquirer/expand/-/expand-5.1.1.tgz 0ms (cache hit)
2669 http cache @inquirer/editor@https://registry.npmjs.org/@inquirer/editor/-/editor-5.2.2.tgz 0ms (cache hit)
2670 http cache @inquirer/checkbox@https://registry.npmjs.org/@inquirer/checkbox/-/checkbox-5.2.1.tgz 0ms (cache hit)
2671 http cache @inquirer/figures@https://registry.npmjs.org/@inquirer/figures/-/figures-2.0.7.tgz 0ms (cache hit)
2672 http cache fast-wrap-ansi@https://registry.npmjs.org/fast-wrap-ansi/-/fast-wrap-ansi-0.2.2.tgz 0ms (cache hit)
2673 http cache cli-width@https://registry.npmjs.org/cli-width/-/cli-width-4.1.0.tgz 0ms (cache hit)
2674 http cache signal-exit@https://registry.npmjs.org/signal-exit/-/signal-exit-4.1.0.tgz 0ms (cache hit)
2675 http cache @inquirer/ansi@https://registry.npmjs.org/@inquirer/ansi/-/ansi-2.0.7.tgz 0ms (cache hit)
2676 http cache @babel/helper-globals@https://registry.npmjs.org/@babel/helper-globals/-/helper-globals-8.0.0.tgz 0ms (cache hit)
2677 http cache @inquirer/core@https://registry.npmjs.org/@inquirer/core/-/core-11.2.1.tgz 0ms (cache hit)
2678 http cache lru-cache@https://registry.npmjs.org/lru-cache/-/lru-cache-11.5.2.tgz 0ms (cache hit)
2679 http cache @inquirer/type@https://registry.npmjs.org/@inquirer/type/-/type-4.0.7.tgz 0ms (cache hit)
2680 http cache jsesc@https://registry.npmjs.org/jsesc/-/jsesc-3.1.0.tgz 0ms (cache hit)
2681 http cache @babel/helper-validator-option@https://registry.npmjs.org/@babel/helper-validator-option/-/helper-validator-option-8.0.0.tgz 0ms (cache hit)
2682 http cache @types/jsesc@https://registry.npmjs.org/@types/jsesc/-/jsesc-2.5.1.tgz 0ms (cache hit)
2683 http cache @babel/helper-string-parser@https://registry.npmjs.org/@babel/helper-string-parser/-/helper-string-parser-8.0.0.tgz 0ms (cache hit)
2684 http cache js-tokens@https://registry.npmjs.org/js-tokens/-/js-tokens-10.0.0.tgz 0ms (cache hit)
2685 http cache @babel/helper-validator-identifier@https://registry.npmjs.org/@babel/helper-validator-identifier/-/helper-validator-identifier-8.0.4.tgz 0ms (cache hit)
2686 http cache @babel/compat-data@https://registry.npmjs.org/@babel/compat-data/-/compat-data-8.0.0.tgz 0ms (cache hit)
2687 http cache obug@https://registry.npmjs.org/obug/-/obug-2.1.4.tgz 0ms (cache hit)
2688 http cache import-meta-resolve@https://registry.npmjs.org/import-meta-resolve/-/import-meta-resolve-4.2.0.tgz 0ms (cache hit)
2689 http cache gensync@https://registry.npmjs.org/gensync/-/gensync-1.0.0-beta.2.tgz 0ms (cache hit)
2690 http cache empathic@https://registry.npmjs.org/empathic/-/empathic-2.0.1.tgz 0ms (cache hit)
2691 http cache @types/gensync@https://registry.npmjs.org/@types/gensync/-/gensync-1.0.5.tgz 0ms (cache hit)
2692 http cache json5@https://registry.npmjs.org/json5/-/json5-2.2.3.tgz 0ms (cache hit)
2693 http cache @babel/types@https://registry.npmjs.org/@babel/types/-/types-8.0.4.tgz 0ms (cache hit)
2694 http cache @babel/parser@https://registry.npmjs.org/@babel/parser/-/parser-8.0.4.tgz 0ms (cache hit)
2695 http cache @babel/traverse@https://registry.npmjs.org/@babel/traverse/-/traverse-8.0.4.tgz 0ms (cache hit)
2696 http cache @babel/helper-compilation-targets@https://registry.npmjs.org/@babel/helper-compilation-targets/-/helper-compilation-targets-8.0.0.tgz 0ms (cache hit)
2697 http cache @babel/helpers@https://registry.npmjs.org/@babel/helpers/-/helpers-8.0.0.tgz 0ms (cache hit)
2698 http cache @babel/template@https://registry.npmjs.org/@babel/template/-/template-8.0.0.tgz 0ms (cache hit)
2699 http cache @babel/code-frame@https://registry.npmjs.org/@babel/code-frame/-/code-frame-8.0.0.tgz 0ms (cache hit)
2700 http cache @standard-schema/spec@https://registry.npmjs.org/@standard-schema/spec/-/spec-1.1.0.tgz 0ms (cache hit)
2701 http cache @jridgewell/sourcemap-codec@https://registry.npmjs.org/@jridgewell/sourcemap-codec/-/sourcemap-codec-1.5.5.tgz 0ms (cache hit)
2702 http cache @babel/generator@https://registry.npmjs.org/@babel/generator/-/generator-8.0.0.tgz 0ms (cache hit)
2703 http cache reflect-metadata@https://registry.npmjs.org/reflect-metadata/-/reflect-metadata-0.2.2.tgz 0ms (cache hit)
2704 http cache ora@https://registry.npmjs.org/ora/-/ora-9.4.1.tgz 0ms (cache hit)
2705 http cache zod@https://registry.npmjs.org/zod/-/zod-4.4.3.tgz 0ms (cache hit)
2706 http cache chokidar@https://registry.npmjs.org/chokidar/-/chokidar-5.0.0.tgz 0ms (cache hit)
2707 http cache @schematics/angular@https://registry.npmjs.org/@schematics/angular/-/angular-22.1.2.tgz 0ms (cache hit)
2708 http cache npm-package-arg@https://registry.npmjs.org/npm-package-arg/-/npm-package-arg-14.0.0.tgz 0ms (cache hit)
2709 http cache convert-source-map@https://registry.npmjs.org/convert-source-map/-/convert-source-map-1.9.0.tgz 0ms (cache hit)
2710 http cache @modelcontextprotocol/sdk@https://registry.npmjs.org/@modelcontextprotocol/sdk/-/sdk-1.29.0.tgz 0ms (cache hit)
2711 http cache yargs@https://registry.npmjs.org/yargs/-/yargs-18.0.0.tgz 0ms (cache hit)
2712 http cache source-map@https://registry.npmjs.org/source-map/-/source-map-0.7.6.tgz 0ms (cache hit)
2713 http cache @angular-devkit/schematics@https://registry.npmjs.org/@angular-devkit/schematics/-/schematics-22.1.2.tgz 0ms (cache hit)
2714 http cache @listr2/prompt-adapter-inquirer@https://registry.npmjs.org/@listr2/prompt-adapter-inquirer/-/prompt-adapter-inquirer-4.2.4.tgz 0ms (cache hit)
2715 http cache @angular-devkit/core@https://registry.npmjs.org/@angular-devkit/core/-/core-22.1.2.tgz 0ms (cache hit)
2716 http cache @jridgewell/trace-mapping@https://registry.npmjs.org/@jridgewell/trace-mapping/-/trace-mapping-0.3.31.tgz 0ms (cache hit)
2717 http cache ajv@https://registry.npmjs.org/ajv/-/ajv-8.20.0.tgz 0ms (cache hit)
2718 http cache @jridgewell/gen-mapping@https://registry.npmjs.org/@jridgewell/gen-mapping/-/gen-mapping-0.3.13.tgz 0ms (cache hit)
2719 http cache @inquirer/prompts@https://registry.npmjs.org/@inquirer/prompts/-/prompts-8.5.2.tgz 0ms (cache hit)
2720 http cache ajv-formats@https://registry.npmjs.org/ajv-formats/-/ajv-formats-3.0.1.tgz 0ms (cache hit)
2721 http cache watchpack@https://registry.npmjs.org/watchpack/-/watchpack-2.5.2.tgz 0ms (cache hit)
2722 http cache tinyglobby@https://registry.npmjs.org/tinyglobby/-/tinyglobby-0.2.17.tgz 0ms (cache hit)
2723 http cache source-map-support@https://registry.npmjs.org/source-map-support/-/source-map-support-0.5.21.tgz 0ms (cache hit)
2724 http cache piscina@https://registry.npmjs.org/piscina/-/piscina-5.2.0.tgz 0ms (cache hit)
2725 http cache sass@https://registry.npmjs.org/sass/-/sass-1.101.0.tgz 0ms (cache hit)
2726 http cache picomatch@https://registry.npmjs.org/picomatch/-/picomatch-4.0.5.tgz 0ms (cache hit)
2727 http cache semver@https://registry.npmjs.org/semver/-/semver-7.8.5.tgz 0ms (cache hit)
2728 http cache oxc-parser@https://registry.npmjs.org/oxc-parser/-/oxc-parser-0.142.0.tgz 0ms (cache hit)
2729 http cache parse5-html-rewriting-stream@https://registry.npmjs.org/parse5-html-rewriting-stream/-/parse5-html-rewriting-stream-8.0.1.tgz 0ms (cache hit)
2730 http cache rolldown@https://registry.npmjs.org/rolldown/-/rolldown-1.2.0.tgz 0ms (cache hit)
2731 http cache jsonc-parser@https://registry.npmjs.org/jsonc-parser/-/jsonc-parser-3.3.1.tgz 0ms (cache hit)
2732 http cache lmdb@https://registry.npmjs.org/lmdb/-/lmdb-3.5.6.tgz 0ms (cache hit)
2733 http cache mrmime@https://registry.npmjs.org/mrmime/-/mrmime-2.0.1.tgz 0ms (cache hit)
2734 http cache magic-string@https://registry.npmjs.org/magic-string/-/magic-string-1.0.0.tgz 0ms (cache hit)
2735 http cache https-proxy-agent@https://registry.npmjs.org/https-proxy-agent/-/https-proxy-agent-9.1.0.tgz 0ms (cache hit)
2736 http cache browserslist@https://registry.npmjs.org/browserslist/-/browserslist-4.28.7.tgz 0ms (cache hit)
2737 http cache esbuild@https://registry.npmjs.org/esbuild/-/esbuild-0.28.1.tgz 0ms (cache hit)
2738 http cache @inquirer/confirm@https://registry.npmjs.org/@inquirer/confirm/-/confirm-6.1.1.tgz 0ms (cache hit)
2739 http cache beasties@https://registry.npmjs.org/beasties/-/beasties-0.4.3.tgz 0ms (cache hit)
2740 http cache vite@https://registry.npmjs.org/vite/-/vite-8.1.5.tgz 0ms (cache hit)
2741 http cache @vitejs/plugin-basic-ssl@https://registry.npmjs.org/@vitejs/plugin-basic-ssl/-/plugin-basic-ssl-2.3.0.tgz 0ms (cache hit)
2742 http cache @babel/helper-split-export-declaration@https://registry.npmjs.org/@babel/helper-split-export-declaration/-/helper-split-export-declaration-7.24.7.tgz 0ms (cache hit)
2743 http cache @babel/helper-annotate-as-pure@https://registry.npmjs.org/@babel/helper-annotate-as-pure/-/helper-annotate-as-pure-8.0.0.tgz 0ms (cache hit)
2744 http cache @ampproject/remapping@https://registry.npmjs.org/@ampproject/remapping/-/remapping-2.3.0.tgz 0ms (cache hit)
2745 http cache prettier@https://registry.npmjs.org/prettier/-/prettier-3.9.6.tgz 0ms (cache hit)
2746 http cache @angular-devkit/architect@https://registry.npmjs.org/@angular-devkit/architect/-/architect-0.2201.2.tgz 0ms (cache hit)
2747 http cache @babel/core@https://registry.npmjs.org/@babel/core/-/core-8.0.1.tgz 0ms (cache hit)
2748 http cache @angular/core@https://registry.npmjs.org/@angular/core/-/core-22.1.0.tgz 0ms (cache hit)
2749 http cache @angular/forms@https://registry.npmjs.org/@angular/forms/-/forms-22.1.0.tgz 0ms (cache hit)
2750 http cache rxjs@https://registry.npmjs.org/rxjs/-/rxjs-7.8.2.tgz 0ms (cache hit)
2751 http cache @angular/platform-browser@https://registry.npmjs.org/@angular/platform-browser/-/platform-browser-22.1.0.tgz 0ms (cache hit)
2752 http cache typescript@https://registry.npmjs.org/typescript/-/typescript-6.0.3.tgz 0ms (cache hit)
2753 http cache tslib@https://registry.npmjs.org/tslib/-/tslib-2.8.1.tgz 0ms (cache hit)
2754 http cache wrap-ansi@https://registry.npmjs.org/wrap-ansi/-/wrap-ansi-9.0.2.tgz 0ms (cache hit)
2755 http cache @angular/router@https://registry.npmjs.org/@angular/router/-/router-22.1.0.tgz 0ms (cache hit)
2756 http cache @angular/cli@https://registry.npmjs.org/@angular/cli/-/cli-22.1.2.tgz 0ms (cache hit)
2757 http cache @angular/common@https://registry.npmjs.org/@angular/common/-/common-22.1.0.tgz 0ms (cache hit)
2758 http cache string-width@https://registry.npmjs.org/string-width/-/string-width-7.2.0.tgz 0ms (cache hit)
2759 http cache @angular/compiler@https://registry.npmjs.org/@angular/compiler/-/compiler-22.1.0.tgz 0ms (cache hit)
2760 http cache @angular/build@https://registry.npmjs.org/@angular/build/-/build-22.1.2.tgz 0ms (cache hit)
2761 http cache entities@https://registry.npmjs.org/entities/-/entities-8.0.0.tgz 0ms (cache hit)
2762 http cache @angular/compiler-cli@https://registry.npmjs.org/@angular/compiler-cli/-/compiler-cli-22.1.0.tgz 0ms (cache hit)
2763 http cache content-type@https://registry.npmjs.org/content-type/-/content-type-2.0.0.tgz 0ms (cache hit)
2764 http cache slice-ansi@https://registry.npmjs.org/slice-ansi/-/slice-ansi-7.1.2.tgz 0ms (cache hit)
2765 http cache content-type@https://registry.npmjs.org/content-type/-/content-type-2.0.0.tgz 0ms (cache hit)
2766 http cache node-addon-api@https://registry.npmjs.org/node-addon-api/-/node-addon-api-7.1.1.tgz 0ms (cache hit)
2767 http cache entities@https://registry.npmjs.org/entities/-/entities-7.0.1.tgz 0ms (cache hit)
2768 http cache string-width@https://registry.npmjs.org/string-width/-/string-width-7.2.0.tgz 0ms (cache hit)
2769 http cache string-width@https://registry.npmjs.org/string-width/-/string-width-7.2.0.tgz 0ms (cache hit)
2770 http cache entities@https://registry.npmjs.org/entities/-/entities-8.0.0.tgz 0ms (cache hit)
2771 http cache source-map@https://registry.npmjs.org/source-map/-/source-map-0.6.1.tgz 0ms (cache hit)
2772 http cache wrap-ansi@https://registry.npmjs.org/wrap-ansi/-/wrap-ansi-9.0.2.tgz 0ms (cache hit)
2773 http cache @oxc-project/types@https://registry.npmjs.org/@oxc-project/types/-/types-0.139.0.tgz 0ms (cache hit)
2774 http cache @oxc-project/types@https://registry.npmjs.org/@oxc-project/types/-/types-0.140.0.tgz 0ms (cache hit)
2775 http cache listr2@https://registry.npmjs.org/listr2/-/listr2-10.2.2.tgz 0ms (cache hit)
2776 http cache @rolldown/binding-win32-x64-msvc@https://registry.npmjs.org/@rolldown/binding-win32-x64-msvc/-/binding-win32-x64-msvc-1.1.5.tgz 0ms (cache hit)
2777 http cache rolldown@https://registry.npmjs.org/rolldown/-/rolldown-1.1.5.tgz 0ms (cache hit)
2778 http cache @babel/helper-validator-identifier@https://registry.npmjs.org/@babel/helper-validator-identifier/-/helper-validator-identifier-7.29.7.tgz 0ms (cache hit)
2779 http cache @babel/types@https://registry.npmjs.org/@babel/types/-/types-7.29.8.tgz 0ms (cache hit)
2780 http cache @babel/helper-string-parser@https://registry.npmjs.org/@babel/helper-string-parser/-/helper-string-parser-7.29.7.tgz 0ms (cache hit)
2781 silly tarball no local data for emoji-regex@https://registry.npmjs.org/emoji-regex/-/emoji-regex-10.6.0.tgz. Extracting by manifest.
2782 http cache convert-source-map@https://registry.npmjs.org/convert-source-map/-/convert-source-map-2.0.0.tgz 0ms (cache hit)
2783 silly tarball no local data for yargs-parser@https://registry.npmjs.org/yargs-parser/-/yargs-parser-22.0.0.tgz. Extracting by manifest.
2784 silly tarball no local data for cliui@https://registry.npmjs.org/cliui/-/cliui-9.0.1.tgz. Extracting by manifest.
2785 silly tarball no local data for y18n@https://registry.npmjs.org/y18n/-/y18n-5.0.8.tgz. Extracting by manifest.
2786 http cache listr2@https://registry.npmjs.org/listr2/-/listr2-10.2.2.tgz 0ms (cache hit)
2787 silly tarball no local data for get-caller-file@https://registry.npmjs.org/get-caller-file/-/get-caller-file-2.0.5.tgz. Extracting by manifest.
2788 silly tarball no local data for lightningcss@https://registry.npmjs.org/lightningcss/-/lightningcss-1.33.0.tgz. Extracting by manifest.
2789 silly tarball no local data for isexe@https://registry.npmjs.org/isexe/-/isexe-2.0.0.tgz. Extracting by manifest.
2790 silly tarball no local data for media-typer@https://registry.npmjs.org/media-typer/-/media-typer-1.1.1.tgz. Extracting by manifest.
2791 silly tarball no local data for ansi-regex@https://registry.npmjs.org/ansi-regex/-/ansi-regex-6.2.2.tgz. Extracting by manifest.
2792 silly tarball no local data for buffer-from@https://registry.npmjs.org/buffer-from/-/buffer-from-1.1.2.tgz. Extracting by manifest.
2793 silly tarball no local data for fdir@https://registry.npmjs.org/fdir/-/fdir-6.5.0.tgz. Extracting by manifest.
2794 silly tarball no local data for get-east-asian-width@https://registry.npmjs.org/get-east-asian-width/-/get-east-asian-width-1.6.0.tgz. Extracting by manifest.
2795 silly tarball no local data for escalade@https://registry.npmjs.org/escalade/-/escalade-3.2.0.tgz. Extracting by manifest.
2796 silly tarball no local data for graceful-fs@https://registry.npmjs.org/graceful-fs/-/graceful-fs-4.2.11.tgz. Extracting by manifest.
2797 silly tarball no local data for is-fullwidth-code-point@https://registry.npmjs.org/is-fullwidth-code-point/-/is-fullwidth-code-point-5.1.0.tgz. Extracting by manifest.
2798 silly tarball no local data for ansi-styles@https://registry.npmjs.org/ansi-styles/-/ansi-styles-6.2.3.tgz. Extracting by manifest.
2799 silly tarball no local data for lightningcss-win32-x64-msvc@https://registry.npmjs.org/lightningcss-win32-x64-msvc/-/lightningcss-win32-x64-msvc-1.33.0.tgz. Extracting by manifest.
2800 silly tarball no local data for hasown@https://registry.npmjs.org/hasown/-/hasown-2.0.4.tgz. Extracting by manifest.
2801 silly tarball no local data for math-intrinsics@https://registry.npmjs.org/math-intrinsics/-/math-intrinsics-1.1.0.tgz. Extracting by manifest.
2802 silly tarball no local data for gopd@https://registry.npmjs.org/gopd/-/gopd-1.2.0.tgz. Extracting by manifest.
2803 silly tarball no local data for dunder-proto@https://registry.npmjs.org/dunder-proto/-/dunder-proto-1.0.1.tgz. Extracting by manifest.
2804 silly tarball no local data for get-proto@https://registry.npmjs.org/get-proto/-/get-proto-1.0.1.tgz. Extracting by manifest.
2805 silly tarball no local data for function-bind@https://registry.npmjs.org/function-bind/-/function-bind-1.1.2.tgz. Extracting by manifest.
2806 silly tarball no local data for has-symbols@https://registry.npmjs.org/has-symbols/-/has-symbols-1.1.0.tgz. Extracting by manifest.
2807 silly tarball no local data for es-object-atoms@https://registry.npmjs.org/es-object-atoms/-/es-object-atoms-1.1.2.tgz. Extracting by manifest.
2808 silly tarball no local data for get-intrinsic@https://registry.npmjs.org/get-intrinsic/-/get-intrinsic-1.3.0.tgz. Extracting by manifest.
2809 silly tarball no local data for call-bound@https://registry.npmjs.org/call-bound/-/call-bound-1.0.4.tgz. Extracting by manifest.
2810 silly tarball no local data for side-channel-weakmap@https://registry.npmjs.org/side-channel-weakmap/-/side-channel-weakmap-1.0.2.tgz. Extracting by manifest.
2811 silly tarball no local data for call-bind-apply-helpers@https://registry.npmjs.org/call-bind-apply-helpers/-/call-bind-apply-helpers-1.0.2.tgz. Extracting by manifest.
2812 silly tarball no local data for side-channel-map@https://registry.npmjs.org/side-channel-map/-/side-channel-map-1.0.1.tgz. Extracting by manifest.
2813 silly tarball no local data for side-channel-list@https://registry.npmjs.org/side-channel-list/-/side-channel-list-1.0.1.tgz. Extracting by manifest.
2814 silly tarball no local data for object-inspect@https://registry.npmjs.org/object-inspect/-/object-inspect-1.13.4.tgz. Extracting by manifest.
2815 silly tarball no local data for es-errors@https://registry.npmjs.org/es-errors/-/es-errors-1.3.0.tgz. Extracting by manifest.
2816 silly tarball no local data for shebang-regex@https://registry.npmjs.org/shebang-regex/-/shebang-regex-3.0.0.tgz. Extracting by manifest.
2817 silly tarball no local data for @parcel/watcher-win32-x64@https://registry.npmjs.org/@parcel/watcher-win32-x64/-/watcher-win32-x64-2.6.0.tgz. Extracting by manifest.
2818 silly tarball no local data for is-extglob@https://registry.npmjs.org/is-extglob/-/is-extglob-2.1.1.tgz. Extracting by manifest.
2819 silly tarball no local data for @parcel/watcher@https://registry.npmjs.org/@parcel/watcher/-/watcher-2.6.0.tgz. Extracting by manifest.
2820 silly tarball no local data for immutable@https://registry.npmjs.org/immutable/-/immutable-5.1.9.tgz. Extracting by manifest.
2821 silly tarball no local data for is-glob@https://registry.npmjs.org/is-glob/-/is-glob-4.0.3.tgz. Extracting by manifest.
2822 silly tarball no local data for @rolldown/pluginutils@https://registry.npmjs.org/@rolldown/pluginutils/-/pluginutils-1.0.1.tgz. Extracting by manifest.
2823 silly tarball no local data for path-to-regexp@https://registry.npmjs.org/path-to-regexp/-/path-to-regexp-8.4.2.tgz. Extracting by manifest.
2824 silly tarball no local data for @rolldown/binding-win32-x64-msvc@https://registry.npmjs.org/@rolldown/binding-win32-x64-msvc/-/binding-win32-x64-msvc-1.2.0.tgz. Extracting by manifest.
2825 silly tarball no local data for mimic-function@https://registry.npmjs.org/mimic-function/-/mimic-function-5.0.1.tgz. Extracting by manifest.
2826 silly tarball no local data for is-promise@https://registry.npmjs.org/is-promise/-/is-promise-4.0.0.tgz. Extracting by manifest.
2827 silly tarball no local data for unpipe@https://registry.npmjs.org/unpipe/-/unpipe-1.0.0.tgz. Extracting by manifest.
2828 silly tarball no local data for onetime@https://registry.npmjs.org/onetime/-/onetime-7.0.0.tgz. Extracting by manifest.
2829 silly tarball no local data for side-channel@https://registry.npmjs.org/side-channel/-/side-channel-1.1.1.tgz. Extracting by manifest.
2830 silly tarball no local data for ipaddr.js@https://registry.npmjs.org/ipaddr.js/-/ipaddr.js-1.9.1.tgz. Extracting by manifest.
2831 silly tarball no local data for es-define-property@https://registry.npmjs.org/es-define-property/-/es-define-property-1.0.1.tgz. Extracting by manifest.
2832 silly tarball no local data for forwarded@https://registry.npmjs.org/forwarded/-/forwarded-0.2.0.tgz. Extracting by manifest.
2833 silly tarball no local data for source-map-js@https://registry.npmjs.org/source-map-js/-/source-map-js-1.2.1.tgz. Extracting by manifest.
2834 silly tarball no local data for parse5-sax-parser@https://registry.npmjs.org/parse5-sax-parser/-/parse5-sax-parser-8.0.0.tgz. Extracting by manifest.
2835 silly tarball no local data for @napi-rs/nice-win32-x64-msvc@https://registry.npmjs.org/@napi-rs/nice-win32-x64-msvc/-/nice-win32-x64-msvc-1.1.1.tgz. Extracting by manifest.
2836 silly tarball no local data for @napi-rs/nice@https://registry.npmjs.org/@napi-rs/nice/-/nice-1.1.1.tgz. Extracting by manifest.
2837 silly tarball no local data for @oxc-project/types@https://registry.npmjs.org/@oxc-project/types/-/types-0.142.0.tgz. Extracting by manifest.
2838 silly tarball no local data for nanoid@https://registry.npmjs.org/nanoid/-/nanoid-3.3.17.tgz. Extracting by manifest.
2839 silly tarball no local data for parse5@https://registry.npmjs.org/parse5/-/parse5-8.0.1.tgz. Extracting by manifest.
2840 silly tarball no local data for yoctocolors@https://registry.npmjs.org/yoctocolors/-/yoctocolors-2.2.0.tgz. Extracting by manifest.
2841 silly tarball no local data for stdin-discarder@https://registry.npmjs.org/stdin-discarder/-/stdin-discarder-0.3.2.tgz. Extracting by manifest.
2842 silly tarball no local data for @oxc-parser/binding-win32-x64-msvc@https://registry.npmjs.org/@oxc-parser/binding-win32-x64-msvc/-/binding-win32-x64-msvc-0.142.0.tgz. Extracting by manifest.
2843 silly tarball no local data for log-symbols@https://registry.npmjs.org/log-symbols/-/log-symbols-7.0.1.tgz. Extracting by manifest.
2844 silly tarball no local data for is-unicode-supported@https://registry.npmjs.org/is-unicode-supported/-/is-unicode-supported-2.1.0.tgz. Extracting by manifest.
2845 silly tarball no local data for cli-spinners@https://registry.npmjs.org/cli-spinners/-/cli-spinners-3.4.0.tgz. Extracting by manifest.
2846 silly tarball no local data for is-interactive@https://registry.npmjs.org/is-interactive/-/is-interactive-2.0.0.tgz. Extracting by manifest.
2847 silly tarball no local data for chalk@https://registry.npmjs.org/chalk/-/chalk-5.6.2.tgz. Extracting by manifest.
2848 silly tarball no local data for ee-first@https://registry.npmjs.org/ee-first/-/ee-first-1.1.1.tgz. Extracting by manifest.
2849 silly tarball no local data for wrappy@https://registry.npmjs.org/wrappy/-/wrappy-1.0.2.tgz. Extracting by manifest.
2850 silly tarball no local data for proc-log@https://registry.npmjs.org/proc-log/-/proc-log-7.0.0.tgz. Extracting by manifest.
2851 silly tarball no local data for hosted-git-info@https://registry.npmjs.org/hosted-git-info/-/hosted-git-info-10.1.1.tgz. Extracting by manifest.
2852 silly tarball no local data for @msgpackr-extract/msgpackr-extract-win32-x64@https://registry.npmjs.org/@msgpackr-extract/msgpackr-extract-win32-x64/-/msgpackr-extract-win32-x64-3.0.4.tgz. Extracting by manifest.
2853 silly tarball no local data for detect-libc@https://registry.npmjs.org/detect-libc/-/detect-libc-2.1.2.tgz. Extracting by manifest.
2854 silly tarball no local data for validate-npm-package-name@https://registry.npmjs.org/validate-npm-package-name/-/validate-npm-package-name-8.0.0.tgz. Extracting by manifest.
2855 silly tarball no local data for mime-db@https://registry.npmjs.org/mime-db/-/mime-db-1.54.0.tgz. Extracting by manifest.
2856 silly tarball no local data for restore-cursor@https://registry.npmjs.org/restore-cursor/-/restore-cursor-5.1.0.tgz. Extracting by manifest.
2857 silly tarball no local data for environment@https://registry.npmjs.org/environment/-/environment-1.1.0.tgz. Extracting by manifest.
2858 silly tarball no local data for msgpackr-extract@https://registry.npmjs.org/msgpackr-extract/-/msgpackr-extract-3.0.4.tgz. Extracting by manifest.
2859 silly tarball no local data for strip-ansi@https://registry.npmjs.org/strip-ansi/-/strip-ansi-7.2.0.tgz. Extracting by manifest.
2860 silly tarball no local data for cli-cursor@https://registry.npmjs.org/cli-cursor/-/cli-cursor-5.0.0.tgz. Extracting by manifest.
2861 silly tarball no local data for ansi-escapes@https://registry.npmjs.org/ansi-escapes/-/ansi-escapes-7.3.0.tgz. Extracting by manifest.
2862 silly tarball no local data for ordered-binary@https://registry.npmjs.org/ordered-binary/-/ordered-binary-1.6.1.tgz. Extracting by manifest.
2863 silly tarball no local data for weak-lru-cache@https://registry.npmjs.org/weak-lru-cache/-/weak-lru-cache-1.2.2.tgz. Extracting by manifest.
2864 silly tarball no local data for node-addon-api@https://registry.npmjs.org/node-addon-api/-/node-addon-api-6.1.0.tgz. Extracting by manifest.
2865 silly tarball no local data for node-gyp-build-optional-packages@https://registry.npmjs.org/node-gyp-build-optional-packages/-/node-gyp-build-optional-packages-5.2.2.tgz. Extracting by manifest.
2866 silly tarball no local data for @lmdb/lmdb-win32-x64@https://registry.npmjs.org/@lmdb/lmdb-win32-x64/-/lmdb-win32-x64-3.5.6.tgz. Extracting by manifest.
2867 silly tarball no local data for @harperfast/extended-iterable@https://registry.npmjs.org/@harperfast/extended-iterable/-/extended-iterable-1.0.3.tgz. Extracting by manifest.
2868 silly tarball no local data for string-width@https://registry.npmjs.org/string-width/-/string-width-8.2.2.tgz. Extracting by manifest.
2869 silly tarball no local data for msgpackr@https://registry.npmjs.org/msgpackr/-/msgpackr-1.12.1.tgz. Extracting by manifest.
2870 silly tarball no local data for slice-ansi@https://registry.npmjs.org/slice-ansi/-/slice-ansi-8.0.0.tgz. Extracting by manifest.
2871 silly tarball no local data for wrap-ansi@https://registry.npmjs.org/wrap-ansi/-/wrap-ansi-10.0.0.tgz. Extracting by manifest.
2872 silly tarball no local data for rfdc@https://registry.npmjs.org/rfdc/-/rfdc-1.4.1.tgz. Extracting by manifest.
2873 silly tarball no local data for eventemitter3@https://registry.npmjs.org/eventemitter3/-/eventemitter3-5.0.4.tgz. Extracting by manifest.
2874 silly tarball no local data for log-update@https://registry.npmjs.org/log-update/-/log-update-6.1.0.tgz. Extracting by manifest.
2875 silly tarball no local data for cli-truncate@https://registry.npmjs.org/cli-truncate/-/cli-truncate-5.2.0.tgz. Extracting by manifest.
2876 silly tarball no local data for safer-buffer@https://registry.npmjs.org/safer-buffer/-/safer-buffer-2.1.2.tgz. Extracting by manifest.
2877 silly tarball no local data for agent-base@https://registry.npmjs.org/agent-base/-/agent-base-9.0.0.tgz. Extracting by manifest.
2878 silly tarball no local data for proxy-agent-negotiate@https://registry.npmjs.org/proxy-agent-negotiate/-/proxy-agent-negotiate-1.1.0.tgz. Extracting by manifest.
2879 silly tarball no local data for toidentifier@https://registry.npmjs.org/toidentifier/-/toidentifier-1.0.1.tgz. Extracting by manifest.
2880 silly tarball no local data for inherits@https://registry.npmjs.org/inherits/-/inherits-2.0.4.tgz. Extracting by manifest.
2881 silly tarball no local data for fast-string-truncated-width@https://registry.npmjs.org/fast-string-truncated-width/-/fast-string-truncated-width-3.0.3.tgz. Extracting by manifest.
2882 silly tarball no local data for fast-string-width@https://registry.npmjs.org/fast-string-width/-/fast-string-width-3.0.2.tgz. Extracting by manifest.
2883 silly tarball no local data for setprototypeof@https://registry.npmjs.org/setprototypeof/-/setprototypeof-1.2.0.tgz. Extracting by manifest.
2884 silly tarball no local data for ip-address@https://registry.npmjs.org/ip-address/-/ip-address-10.4.0.tgz. Extracting by manifest.
2885 silly tarball no local data for ms@https://registry.npmjs.org/ms/-/ms-2.1.3.tgz. Extracting by manifest.
2886 silly tarball no local data for bytes@https://registry.npmjs.org/bytes/-/bytes-3.1.2.tgz. Extracting by manifest.
2887 silly tarball no local data for negotiator@https://registry.npmjs.org/negotiator/-/negotiator-1.0.0.tgz. Extracting by manifest.
2888 silly tarball no local data for type-is@https://registry.npmjs.org/type-is/-/type-is-2.1.0.tgz. Extracting by manifest.
2889 silly tarball no local data for statuses@https://registry.npmjs.org/statuses/-/statuses-2.0.2.tgz. Extracting by manifest.
2890 silly tarball no local data for send@https://registry.npmjs.org/send/-/send-1.2.1.tgz. Extracting by manifest.
2891 silly tarball no local data for router@https://registry.npmjs.org/router/-/router-2.2.0.tgz. Extracting by manifest.
2892 silly tarball no local data for serve-static@https://registry.npmjs.org/serve-static/-/serve-static-2.2.1.tgz. Extracting by manifest.
2893 silly tarball no local data for range-parser@https://registry.npmjs.org/range-parser/-/range-parser-1.3.0.tgz. Extracting by manifest.
2894 silly tarball no local data for qs@https://registry.npmjs.org/qs/-/qs-6.15.3.tgz. Extracting by manifest.
2895 silly tarball no local data for proxy-addr@https://registry.npmjs.org/proxy-addr/-/proxy-addr-2.0.7.tgz. Extracting by manifest.
2896 silly tarball no local data for parseurl@https://registry.npmjs.org/parseurl/-/parseurl-1.3.3.tgz. Extracting by manifest.
2897 silly tarball no local data for on-finished@https://registry.npmjs.org/on-finished/-/on-finished-2.4.1.tgz. Extracting by manifest.
2898 silly tarball no local data for once@https://registry.npmjs.org/once/-/once-1.4.0.tgz. Extracting by manifest.
2899 silly tarball no local data for mime-types@https://registry.npmjs.org/mime-types/-/mime-types-3.0.2.tgz. Extracting by manifest.
2900 silly tarball no local data for http-errors@https://registry.npmjs.org/http-errors/-/http-errors-2.0.1.tgz. Extracting by manifest.
2901 silly tarball no local data for finalhandler@https://registry.npmjs.org/finalhandler/-/finalhandler-2.1.1.tgz. Extracting by manifest.
2902 silly tarball no local data for etag@https://registry.npmjs.org/etag/-/etag-1.8.1.tgz. Extracting by manifest.
2903 silly tarball no local data for fresh@https://registry.npmjs.org/fresh/-/fresh-2.0.0.tgz. Extracting by manifest.
2904 silly tarball no local data for merge-descriptors@https://registry.npmjs.org/merge-descriptors/-/merge-descriptors-2.0.0.tgz. Extracting by manifest.
2905 silly tarball no local data for escape-html@https://registry.npmjs.org/escape-html/-/escape-html-1.0.3.tgz. Extracting by manifest.
2906 silly tarball no local data for encodeurl@https://registry.npmjs.org/encodeurl/-/encodeurl-2.0.0.tgz. Extracting by manifest.
2907 silly tarball no local data for depd@https://registry.npmjs.org/depd/-/depd-2.0.0.tgz. Extracting by manifest.
2908 silly tarball no local data for debug@https://registry.npmjs.org/debug/-/debug-4.4.3.tgz. Extracting by manifest.
2909 silly tarball no local data for cookie-signature@https://registry.npmjs.org/cookie-signature/-/cookie-signature-1.2.2.tgz. Extracting by manifest.
2910 silly tarball no local data for content-disposition@https://registry.npmjs.org/content-disposition/-/content-disposition-1.1.0.tgz. Extracting by manifest.
2911 silly tarball no local data for accepts@https://registry.npmjs.org/accepts/-/accepts-2.0.0.tgz. Extracting by manifest.
2912 silly tarball no local data for @esbuild/win32-x64@https://registry.npmjs.org/@esbuild/win32-x64/-/win32-x64-0.28.1.tgz. Extracting by manifest.
2913 silly tarball no local data for body-parser@https://registry.npmjs.org/body-parser/-/body-parser-2.3.0.tgz. Extracting by manifest.
2914 silly tarball no local data for cookie@https://registry.npmjs.org/cookie/-/cookie-0.7.2.tgz. Extracting by manifest.
2915 silly tarball no local data for entities@https://registry.npmjs.org/entities/-/entities-4.5.0.tgz. Extracting by manifest.
2916 silly tarball no local data for domelementtype@https://registry.npmjs.org/domelementtype/-/domelementtype-2.3.0.tgz. Extracting by manifest.
2917 silly tarball no local data for nth-check@https://registry.npmjs.org/nth-check/-/nth-check-2.1.1.tgz. Extracting by manifest.
2918 silly tarball no local data for domutils@https://registry.npmjs.org/domutils/-/domutils-3.2.2.tgz. Extracting by manifest.
2919 silly tarball no local data for which@https://registry.npmjs.org/which/-/which-2.0.2.tgz. Extracting by manifest.
2920 silly tarball no local data for shebang-command@https://registry.npmjs.org/shebang-command/-/shebang-command-2.0.0.tgz. Extracting by manifest.
2921 silly tarball no local data for boolbase@https://registry.npmjs.org/boolbase/-/boolbase-1.0.0.tgz. Extracting by manifest.
2922 silly tarball no local data for vary@https://registry.npmjs.org/vary/-/vary-1.1.2.tgz. Extracting by manifest.
2923 silly tarball no local data for object-assign@https://registry.npmjs.org/object-assign/-/object-assign-4.1.1.tgz. Extracting by manifest.
2924 silly tarball no local data for path-key@https://registry.npmjs.org/path-key/-/path-key-3.1.1.tgz. Extracting by manifest.
2925 silly tarball no local data for update-browserslist-db@https://registry.npmjs.org/update-browserslist-db/-/update-browserslist-db-1.2.3.tgz. Extracting by manifest.
2926 silly tarball no local data for node-releases@https://registry.npmjs.org/node-releases/-/node-releases-2.0.51.tgz. Extracting by manifest.
2927 silly tarball no local data for electron-to-chromium@https://registry.npmjs.org/electron-to-chromium/-/electron-to-chromium-1.5.399.tgz. Extracting by manifest.
2928 silly tarball no local data for readdirp@https://registry.npmjs.org/readdirp/-/readdirp-5.0.0.tgz. Extracting by manifest.
2929 silly tarball no local data for caniuse-lite@https://registry.npmjs.org/caniuse-lite/-/caniuse-lite-1.0.30001806.tgz. Extracting by manifest.
2930 silly tarball no local data for baseline-browser-mapping@https://registry.npmjs.org/baseline-browser-mapping/-/baseline-browser-mapping-2.11.11.tgz. Extracting by manifest.
2931 silly tarball no local data for postcss-safe-parser@https://registry.npmjs.org/postcss-safe-parser/-/postcss-safe-parser-7.0.1.tgz. Extracting by manifest.
2932 silly tarball no local data for postcss@https://registry.npmjs.org/postcss/-/postcss-8.5.25.tgz. Extracting by manifest.
2933 silly tarball no local data for postcss-media-query-parser@https://registry.npmjs.org/postcss-media-query-parser/-/postcss-media-query-parser-0.2.3.tgz. Extracting by manifest.
2934 silly tarball no local data for domhandler@https://registry.npmjs.org/domhandler/-/domhandler-5.0.3.tgz. Extracting by manifest.
2935 silly tarball no local data for picocolors@https://registry.npmjs.org/picocolors/-/picocolors-1.1.1.tgz. Extracting by manifest.
2936 silly tarball no local data for htmlparser2@https://registry.npmjs.org/htmlparser2/-/htmlparser2-10.1.0.tgz. Extracting by manifest.
2937 silly tarball no local data for require-from-string@https://registry.npmjs.org/require-from-string/-/require-from-string-2.0.2.tgz. Extracting by manifest.
2938 silly tarball no local data for dom-serializer@https://registry.npmjs.org/dom-serializer/-/dom-serializer-2.0.0.tgz. Extracting by manifest.
2939 silly tarball no local data for css-select@https://registry.npmjs.org/css-select/-/css-select-6.0.0.tgz. Extracting by manifest.
2940 silly tarball no local data for json-schema-traverse@https://registry.npmjs.org/json-schema-traverse/-/json-schema-traverse-1.0.0.tgz. Extracting by manifest.
2941 silly tarball no local data for fast-uri@https://registry.npmjs.org/fast-uri/-/fast-uri-3.1.5.tgz. Extracting by manifest.
2942 silly tarball no local data for css-what@https://registry.npmjs.org/css-what/-/css-what-7.0.0.tgz. Extracting by manifest.
2943 silly tarball no local data for zod-to-json-schema@https://registry.npmjs.org/zod-to-json-schema/-/zod-to-json-schema-3.25.2.tgz. Extracting by manifest.
2944 silly tarball no local data for raw-body@https://registry.npmjs.org/raw-body/-/raw-body-3.0.2.tgz. Extracting by manifest.
2945 silly tarball no local data for json-schema-typed@https://registry.npmjs.org/json-schema-typed/-/json-schema-typed-8.0.2.tgz. Extracting by manifest.
2946 silly tarball no local data for fast-deep-equal@https://registry.npmjs.org/fast-deep-equal/-/fast-deep-equal-3.1.3.tgz. Extracting by manifest.
2947 silly tarball no local data for express-rate-limit@https://registry.npmjs.org/express-rate-limit/-/express-rate-limit-8.6.1.tgz. Extracting by manifest.
2948 silly tarball no local data for jose@https://registry.npmjs.org/jose/-/jose-6.2.8.tgz. Extracting by manifest.
2949 silly tarball no local data for pkce-challenge@https://registry.npmjs.org/pkce-challenge/-/pkce-challenge-5.0.1.tgz. Extracting by manifest.
2950 silly tarball no local data for eventsource@https://registry.npmjs.org/eventsource/-/eventsource-3.0.7.tgz. Extracting by manifest.
2951 silly tarball no local data for cross-spawn@https://registry.npmjs.org/cross-spawn/-/cross-spawn-7.0.6.tgz. Extracting by manifest.
2952 silly tarball no local data for eventsource-parser@https://registry.npmjs.org/eventsource-parser/-/eventsource-parser-3.1.0.tgz. Extracting by manifest.
2953 silly tarball no local data for content-type@https://registry.npmjs.org/content-type/-/content-type-1.0.5.tgz. Extracting by manifest.
2954 silly tarball no local data for express@https://registry.npmjs.org/express/-/express-5.2.1.tgz. Extracting by manifest.
2955 silly tarball no local data for cors@https://registry.npmjs.org/cors/-/cors-2.8.6.tgz. Extracting by manifest.
2956 silly tarball no local data for hono@https://registry.npmjs.org/hono/-/hono-4.12.34.tgz. Extracting by manifest.
2957 silly tarball no local data for @hono/node-server@https://registry.npmjs.org/@hono/node-server/-/node-server-1.19.17.tgz. Extracting by manifest.
2958 silly tarball no local data for @jridgewell/resolve-uri@https://registry.npmjs.org/@jridgewell/resolve-uri/-/resolve-uri-3.1.2.tgz. Extracting by manifest.
2959 silly tarball no local data for iconv-lite@https://registry.npmjs.org/iconv-lite/-/iconv-lite-0.7.3.tgz. Extracting by manifest.
2960 silly tarball no local data for listr2@https://registry.npmjs.org/listr2/-/listr2-10.2.1.tgz. Extracting by manifest.
2961 silly tarball no local data for @inquirer/external-editor@https://registry.npmjs.org/@inquirer/external-editor/-/external-editor-3.0.3.tgz. Extracting by manifest.
2962 silly tarball no local data for @inquirer/select@https://registry.npmjs.org/@inquirer/select/-/select-5.2.1.tgz. Extracting by manifest.
2963 silly tarball no local data for chardet@https://registry.npmjs.org/chardet/-/chardet-2.2.0.tgz. Extracting by manifest.
2964 silly tarball no local data for @inquirer/rawlist@https://registry.npmjs.org/@inquirer/rawlist/-/rawlist-5.3.1.tgz. Extracting by manifest.
2965 silly tarball no local data for @inquirer/number@https://registry.npmjs.org/@inquirer/number/-/number-4.1.1.tgz. Extracting by manifest.
2966 silly tarball no local data for @inquirer/input@https://registry.npmjs.org/@inquirer/input/-/input-5.1.2.tgz. Extracting by manifest.
2967 silly tarball no local data for @inquirer/search@https://registry.npmjs.org/@inquirer/search/-/search-4.2.1.tgz. Extracting by manifest.
2968 silly tarball no local data for @inquirer/password@https://registry.npmjs.org/@inquirer/password/-/password-5.1.1.tgz. Extracting by manifest.
2969 silly tarball no local data for mute-stream@https://registry.npmjs.org/mute-stream/-/mute-stream-3.0.0.tgz. Extracting by manifest.
2970 silly tarball no local data for @inquirer/expand@https://registry.npmjs.org/@inquirer/expand/-/expand-5.1.1.tgz. Extracting by manifest.
2971 silly tarball no local data for @inquirer/editor@https://registry.npmjs.org/@inquirer/editor/-/editor-5.2.2.tgz. Extracting by manifest.
2972 silly tarball no local data for @inquirer/checkbox@https://registry.npmjs.org/@inquirer/checkbox/-/checkbox-5.2.1.tgz. Extracting by manifest.
2973 silly tarball no local data for @inquirer/figures@https://registry.npmjs.org/@inquirer/figures/-/figures-2.0.7.tgz. Extracting by manifest.
2974 silly tarball no local data for fast-wrap-ansi@https://registry.npmjs.org/fast-wrap-ansi/-/fast-wrap-ansi-0.2.2.tgz. Extracting by manifest.
2975 silly tarball no local data for cli-width@https://registry.npmjs.org/cli-width/-/cli-width-4.1.0.tgz. Extracting by manifest.
2976 silly tarball no local data for signal-exit@https://registry.npmjs.org/signal-exit/-/signal-exit-4.1.0.tgz. Extracting by manifest.
2977 silly tarball no local data for @inquirer/ansi@https://registry.npmjs.org/@inquirer/ansi/-/ansi-2.0.7.tgz. Extracting by manifest.
2978 silly tarball no local data for @babel/helper-globals@https://registry.npmjs.org/@babel/helper-globals/-/helper-globals-8.0.0.tgz. Extracting by manifest.
2979 silly tarball no local data for @inquirer/core@https://registry.npmjs.org/@inquirer/core/-/core-11.2.1.tgz. Extracting by manifest.
2980 silly tarball no local data for lru-cache@https://registry.npmjs.org/lru-cache/-/lru-cache-11.5.2.tgz. Extracting by manifest.
2981 silly tarball no local data for @inquirer/type@https://registry.npmjs.org/@inquirer/type/-/type-4.0.7.tgz. Extracting by manifest.
2982 silly tarball no local data for jsesc@https://registry.npmjs.org/jsesc/-/jsesc-3.1.0.tgz. Extracting by manifest.
2983 silly tarball no local data for @babel/helper-validator-option@https://registry.npmjs.org/@babel/helper-validator-option/-/helper-validator-option-8.0.0.tgz. Extracting by manifest.
2984 silly tarball no local data for @types/jsesc@https://registry.npmjs.org/@types/jsesc/-/jsesc-2.5.1.tgz. Extracting by manifest.
2985 silly tarball no local data for @babel/helper-string-parser@https://registry.npmjs.org/@babel/helper-string-parser/-/helper-string-parser-8.0.0.tgz. Extracting by manifest.
2986 silly tarball no local data for js-tokens@https://registry.npmjs.org/js-tokens/-/js-tokens-10.0.0.tgz. Extracting by manifest.
2987 silly tarball no local data for @babel/helper-validator-identifier@https://registry.npmjs.org/@babel/helper-validator-identifier/-/helper-validator-identifier-8.0.4.tgz. Extracting by manifest.
2988 silly tarball no local data for @babel/compat-data@https://registry.npmjs.org/@babel/compat-data/-/compat-data-8.0.0.tgz. Extracting by manifest.
2989 silly tarball no local data for obug@https://registry.npmjs.org/obug/-/obug-2.1.4.tgz. Extracting by manifest.
2990 silly tarball no local data for import-meta-resolve@https://registry.npmjs.org/import-meta-resolve/-/import-meta-resolve-4.2.0.tgz. Extracting by manifest.
2991 silly tarball no local data for gensync@https://registry.npmjs.org/gensync/-/gensync-1.0.0-beta.2.tgz. Extracting by manifest.
2992 silly tarball no local data for empathic@https://registry.npmjs.org/empathic/-/empathic-2.0.1.tgz. Extracting by manifest.
2993 silly tarball no local data for @types/gensync@https://registry.npmjs.org/@types/gensync/-/gensync-1.0.5.tgz. Extracting by manifest.
2994 silly tarball no local data for json5@https://registry.npmjs.org/json5/-/json5-2.2.3.tgz. Extracting by manifest.
2995 silly tarball no local data for @babel/types@https://registry.npmjs.org/@babel/types/-/types-8.0.4.tgz. Extracting by manifest.
2996 silly tarball no local data for @babel/parser@https://registry.npmjs.org/@babel/parser/-/parser-8.0.4.tgz. Extracting by manifest.
2997 silly tarball no local data for @babel/traverse@https://registry.npmjs.org/@babel/traverse/-/traverse-8.0.4.tgz. Extracting by manifest.
2998 silly tarball no local data for @babel/helper-compilation-targets@https://registry.npmjs.org/@babel/helper-compilation-targets/-/helper-compilation-targets-8.0.0.tgz. Extracting by manifest.
2999 silly tarball no local data for @babel/helpers@https://registry.npmjs.org/@babel/helpers/-/helpers-8.0.0.tgz. Extracting by manifest.
3000 silly tarball no local data for @babel/template@https://registry.npmjs.org/@babel/template/-/template-8.0.0.tgz. Extracting by manifest.
3001 silly tarball no local data for @babel/code-frame@https://registry.npmjs.org/@babel/code-frame/-/code-frame-8.0.0.tgz. Extracting by manifest.
3002 silly tarball no local data for @standard-schema/spec@https://registry.npmjs.org/@standard-schema/spec/-/spec-1.1.0.tgz. Extracting by manifest.
3003 silly tarball no local data for @jridgewell/sourcemap-codec@https://registry.npmjs.org/@jridgewell/sourcemap-codec/-/sourcemap-codec-1.5.5.tgz. Extracting by manifest.
3004 silly tarball no local data for @babel/generator@https://registry.npmjs.org/@babel/generator/-/generator-8.0.0.tgz. Extracting by manifest.
3005 silly tarball no local data for reflect-metadata@https://registry.npmjs.org/reflect-metadata/-/reflect-metadata-0.2.2.tgz. Extracting by manifest.
3006 silly tarball no local data for ora@https://registry.npmjs.org/ora/-/ora-9.4.1.tgz. Extracting by manifest.
3007 silly tarball no local data for zod@https://registry.npmjs.org/zod/-/zod-4.4.3.tgz. Extracting by manifest.
3008 silly tarball no local data for chokidar@https://registry.npmjs.org/chokidar/-/chokidar-5.0.0.tgz. Extracting by manifest.
3009 silly tarball no local data for @schematics/angular@https://registry.npmjs.org/@schematics/angular/-/angular-22.1.2.tgz. Extracting by manifest.
3010 silly tarball no local data for npm-package-arg@https://registry.npmjs.org/npm-package-arg/-/npm-package-arg-14.0.0.tgz. Extracting by manifest.
3011 silly tarball no local data for convert-source-map@https://registry.npmjs.org/convert-source-map/-/convert-source-map-1.9.0.tgz. Extracting by manifest.
3012 silly tarball no local data for @modelcontextprotocol/sdk@https://registry.npmjs.org/@modelcontextprotocol/sdk/-/sdk-1.29.0.tgz. Extracting by manifest.
3013 silly tarball no local data for yargs@https://registry.npmjs.org/yargs/-/yargs-18.0.0.tgz. Extracting by manifest.
3014 silly tarball no local data for source-map@https://registry.npmjs.org/source-map/-/source-map-0.7.6.tgz. Extracting by manifest.
3015 silly tarball no local data for @angular-devkit/schematics@https://registry.npmjs.org/@angular-devkit/schematics/-/schematics-22.1.2.tgz. Extracting by manifest.
3016 silly tarball no local data for @listr2/prompt-adapter-inquirer@https://registry.npmjs.org/@listr2/prompt-adapter-inquirer/-/prompt-adapter-inquirer-4.2.4.tgz. Extracting by manifest.
3017 silly tarball no local data for @angular-devkit/core@https://registry.npmjs.org/@angular-devkit/core/-/core-22.1.2.tgz. Extracting by manifest.
3018 silly tarball no local data for @jridgewell/trace-mapping@https://registry.npmjs.org/@jridgewell/trace-mapping/-/trace-mapping-0.3.31.tgz. Extracting by manifest.
3019 silly tarball no local data for ajv@https://registry.npmjs.org/ajv/-/ajv-8.20.0.tgz. Extracting by manifest.
3020 silly tarball no local data for @jridgewell/gen-mapping@https://registry.npmjs.org/@jridgewell/gen-mapping/-/gen-mapping-0.3.13.tgz. Extracting by manifest.
3021 silly tarball no local data for @inquirer/prompts@https://registry.npmjs.org/@inquirer/prompts/-/prompts-8.5.2.tgz. Extracting by manifest.
3022 silly tarball no local data for ajv-formats@https://registry.npmjs.org/ajv-formats/-/ajv-formats-3.0.1.tgz. Extracting by manifest.
3023 silly tarball no local data for watchpack@https://registry.npmjs.org/watchpack/-/watchpack-2.5.2.tgz. Extracting by manifest.
3024 silly tarball no local data for tinyglobby@https://registry.npmjs.org/tinyglobby/-/tinyglobby-0.2.17.tgz. Extracting by manifest.
3025 silly tarball no local data for source-map-support@https://registry.npmjs.org/source-map-support/-/source-map-support-0.5.21.tgz. Extracting by manifest.
3026 silly tarball no local data for piscina@https://registry.npmjs.org/piscina/-/piscina-5.2.0.tgz. Extracting by manifest.
3027 silly tarball no local data for sass@https://registry.npmjs.org/sass/-/sass-1.101.0.tgz. Extracting by manifest.
3028 silly tarball no local data for picomatch@https://registry.npmjs.org/picomatch/-/picomatch-4.0.5.tgz. Extracting by manifest.
3029 silly tarball no local data for semver@https://registry.npmjs.org/semver/-/semver-7.8.5.tgz. Extracting by manifest.
3030 silly tarball no local data for oxc-parser@https://registry.npmjs.org/oxc-parser/-/oxc-parser-0.142.0.tgz. Extracting by manifest.
3031 silly tarball no local data for parse5-html-rewriting-stream@https://registry.npmjs.org/parse5-html-rewriting-stream/-/parse5-html-rewriting-stream-8.0.1.tgz. Extracting by manifest.
3032 silly tarball no local data for rolldown@https://registry.npmjs.org/rolldown/-/rolldown-1.2.0.tgz. Extracting by manifest.
3033 silly tarball no local data for jsonc-parser@https://registry.npmjs.org/jsonc-parser/-/jsonc-parser-3.3.1.tgz. Extracting by manifest.
3034 silly tarball no local data for lmdb@https://registry.npmjs.org/lmdb/-/lmdb-3.5.6.tgz. Extracting by manifest.
3035 silly tarball no local data for mrmime@https://registry.npmjs.org/mrmime/-/mrmime-2.0.1.tgz. Extracting by manifest.
3036 silly tarball no local data for magic-string@https://registry.npmjs.org/magic-string/-/magic-string-1.0.0.tgz. Extracting by manifest.
3037 silly tarball no local data for https-proxy-agent@https://registry.npmjs.org/https-proxy-agent/-/https-proxy-agent-9.1.0.tgz. Extracting by manifest.
3038 silly tarball no local data for browserslist@https://registry.npmjs.org/browserslist/-/browserslist-4.28.7.tgz. Extracting by manifest.
3039 silly tarball no local data for esbuild@https://registry.npmjs.org/esbuild/-/esbuild-0.28.1.tgz. Extracting by manifest.
3040 silly tarball no local data for @inquirer/confirm@https://registry.npmjs.org/@inquirer/confirm/-/confirm-6.1.1.tgz. Extracting by manifest.
3041 silly tarball no local data for beasties@https://registry.npmjs.org/beasties/-/beasties-0.4.3.tgz. Extracting by manifest.
3042 silly tarball no local data for vite@https://registry.npmjs.org/vite/-/vite-8.1.5.tgz. Extracting by manifest.
3043 silly tarball no local data for @vitejs/plugin-basic-ssl@https://registry.npmjs.org/@vitejs/plugin-basic-ssl/-/plugin-basic-ssl-2.3.0.tgz. Extracting by manifest.
3044 silly tarball no local data for @babel/helper-split-export-declaration@https://registry.npmjs.org/@babel/helper-split-export-declaration/-/helper-split-export-declaration-7.24.7.tgz. Extracting by manifest.
3045 silly tarball no local data for @babel/helper-annotate-as-pure@https://registry.npmjs.org/@babel/helper-annotate-as-pure/-/helper-annotate-as-pure-8.0.0.tgz. Extracting by manifest.
3046 silly tarball no local data for @ampproject/remapping@https://registry.npmjs.org/@ampproject/remapping/-/remapping-2.3.0.tgz. Extracting by manifest.
3047 silly tarball no local data for prettier@https://registry.npmjs.org/prettier/-/prettier-3.9.6.tgz. Extracting by manifest.
3048 silly tarball no local data for @angular-devkit/architect@https://registry.npmjs.org/@angular-devkit/architect/-/architect-0.2201.2.tgz. Extracting by manifest.
3049 silly tarball no local data for @babel/core@https://registry.npmjs.org/@babel/core/-/core-8.0.1.tgz. Extracting by manifest.
3050 silly tarball no local data for @angular/core@https://registry.npmjs.org/@angular/core/-/core-22.1.0.tgz. Extracting by manifest.
3051 silly tarball no local data for @angular/forms@https://registry.npmjs.org/@angular/forms/-/forms-22.1.0.tgz. Extracting by manifest.
3052 silly tarball no local data for rxjs@https://registry.npmjs.org/rxjs/-/rxjs-7.8.2.tgz. Extracting by manifest.
3053 silly tarball no local data for @angular/platform-browser@https://registry.npmjs.org/@angular/platform-browser/-/platform-browser-22.1.0.tgz. Extracting by manifest.
3054 silly tarball no local data for typescript@https://registry.npmjs.org/typescript/-/typescript-6.0.3.tgz. Extracting by manifest.
3055 silly tarball no local data for tslib@https://registry.npmjs.org/tslib/-/tslib-2.8.1.tgz. Extracting by manifest.
3056 silly tarball no local data for wrap-ansi@https://registry.npmjs.org/wrap-ansi/-/wrap-ansi-9.0.2.tgz. Extracting by manifest.
3057 silly tarball no local data for @angular/router@https://registry.npmjs.org/@angular/router/-/router-22.1.0.tgz. Extracting by manifest.
3058 silly tarball no local data for @angular/cli@https://registry.npmjs.org/@angular/cli/-/cli-22.1.2.tgz. Extracting by manifest.
3059 silly tarball no local data for @angular/common@https://registry.npmjs.org/@angular/common/-/common-22.1.0.tgz. Extracting by manifest.
3060 silly tarball no local data for string-width@https://registry.npmjs.org/string-width/-/string-width-7.2.0.tgz. Extracting by manifest.
3061 silly tarball no local data for @angular/compiler@https://registry.npmjs.org/@angular/compiler/-/compiler-22.1.0.tgz. Extracting by manifest.
3062 silly tarball no local data for @angular/build@https://registry.npmjs.org/@angular/build/-/build-22.1.2.tgz. Extracting by manifest.
3063 silly tarball no local data for entities@https://registry.npmjs.org/entities/-/entities-8.0.0.tgz. Extracting by manifest.
3064 silly tarball no local data for @angular/compiler-cli@https://registry.npmjs.org/@angular/compiler-cli/-/compiler-cli-22.1.0.tgz. Extracting by manifest.
3065 silly tarball no local data for content-type@https://registry.npmjs.org/content-type/-/content-type-2.0.0.tgz. Extracting by manifest.
3066 silly tarball no local data for slice-ansi@https://registry.npmjs.org/slice-ansi/-/slice-ansi-7.1.2.tgz. Extracting by manifest.
3067 silly tarball no local data for content-type@https://registry.npmjs.org/content-type/-/content-type-2.0.0.tgz. Extracting by manifest.
3068 silly tarball no local data for node-addon-api@https://registry.npmjs.org/node-addon-api/-/node-addon-api-7.1.1.tgz. Extracting by manifest.
3069 silly tarball no local data for entities@https://registry.npmjs.org/entities/-/entities-7.0.1.tgz. Extracting by manifest.
3070 silly tarball no local data for string-width@https://registry.npmjs.org/string-width/-/string-width-7.2.0.tgz. Extracting by manifest.
3071 silly tarball no local data for string-width@https://registry.npmjs.org/string-width/-/string-width-7.2.0.tgz. Extracting by manifest.
3072 silly tarball no local data for entities@https://registry.npmjs.org/entities/-/entities-8.0.0.tgz. Extracting by manifest.
3073 silly tarball no local data for source-map@https://registry.npmjs.org/source-map/-/source-map-0.6.1.tgz. Extracting by manifest.
3074 silly tarball no local data for wrap-ansi@https://registry.npmjs.org/wrap-ansi/-/wrap-ansi-9.0.2.tgz. Extracting by manifest.
3075 silly tarball no local data for @oxc-project/types@https://registry.npmjs.org/@oxc-project/types/-/types-0.139.0.tgz. Extracting by manifest.
3076 silly tarball no local data for @oxc-project/types@https://registry.npmjs.org/@oxc-project/types/-/types-0.140.0.tgz. Extracting by manifest.
3077 silly tarball no local data for listr2@https://registry.npmjs.org/listr2/-/listr2-10.2.2.tgz. Extracting by manifest.
3078 silly tarball no local data for @rolldown/binding-win32-x64-msvc@https://registry.npmjs.org/@rolldown/binding-win32-x64-msvc/-/binding-win32-x64-msvc-1.1.5.tgz. Extracting by manifest.
3079 silly tarball no local data for rolldown@https://registry.npmjs.org/rolldown/-/rolldown-1.1.5.tgz. Extracting by manifest.
3080 silly tarball no local data for @babel/helper-validator-identifier@https://registry.npmjs.org/@babel/helper-validator-identifier/-/helper-validator-identifier-7.29.7.tgz. Extracting by manifest.
3081 silly tarball no local data for @babel/types@https://registry.npmjs.org/@babel/types/-/types-7.29.8.tgz. Extracting by manifest.
3082 silly tarball no local data for @babel/helper-string-parser@https://registry.npmjs.org/@babel/helper-string-parser/-/helper-string-parser-7.29.7.tgz. Extracting by manifest.
3083 silly tarball no local data for convert-source-map@https://registry.npmjs.org/convert-source-map/-/convert-source-map-2.0.0.tgz. Extracting by manifest.
3084 silly tarball no local data for listr2@https://registry.npmjs.org/listr2/-/listr2-10.2.2.tgz. Extracting by manifest.
3085 http fetch POST 200 https://registry.npmjs.org/-/npm/v1/security/advisories/bulk 317ms
3086 silly audit report {
3086 silly audit report   '@hono/node-server': [
3086 silly audit report     {
3086 silly audit report       id: 1124006,
3086 silly audit report       url: 'https://github.com/advisories/GHSA-frvp-7c67-39w9',
3086 silly audit report       title: 'Node.js Adapter for Hono: Path traversal in `serve-static` on Windows via encoded backslash (`%5C`)',
3086 silly audit report       severity: 'moderate',
3086 silly audit report       vulnerable_versions: '<2.0.5',
3086 silly audit report       cwe: [Array],
3086 silly audit report       cvss: [Object]
3086 silly audit report     }
3086 silly audit report   ]
3086 silly audit report }
3087 silly packumentCache corgi:https://registry.npmjs.org/@hono%2fnode-server cache-miss
3088 http fetch GET 200 https://registry.npmjs.org/buffer-from/-/buffer-from-1.1.2.tgz 230ms (cache miss)
3089 http fetch GET 200 https://registry.npmjs.org/y18n/-/y18n-5.0.8.tgz 237ms (cache miss)
3090 http fetch GET 200 https://registry.npmjs.org/ansi-regex/-/ansi-regex-6.2.2.tgz 238ms (cache miss)
3091 http fetch GET 200 https://registry.npmjs.org/media-typer/-/media-typer-1.1.1.tgz 247ms (cache miss)
3092 http fetch GET 200 https://registry.npmjs.org/get-caller-file/-/get-caller-file-2.0.5.tgz 264ms (cache miss)
3093 http fetch GET 200 https://registry.npmjs.org/ansi-styles/-/ansi-styles-6.2.3.tgz 332ms (cache miss)
3094 http fetch GET 200 https://registry.npmjs.org/is-fullwidth-code-point/-/is-fullwidth-code-point-5.1.0.tgz 341ms (cache miss)
3095 http fetch GET 200 https://registry.npmjs.org/hasown/-/hasown-2.0.4.tgz 343ms (cache miss)
3096 http fetch GET 200 https://registry.npmjs.org/dunder-proto/-/dunder-proto-1.0.1.tgz 345ms (cache miss)
3097 http fetch GET 200 https://registry.npmjs.org/gopd/-/gopd-1.2.0.tgz 345ms (cache miss)
3098 http fetch GET 200 https://registry.npmjs.org/isexe/-/isexe-2.0.0.tgz 352ms (cache miss)
3099 http fetch GET 200 https://registry.npmjs.org/cliui/-/cliui-9.0.1.tgz 355ms (cache miss)
3100 http fetch GET 200 https://registry.npmjs.org/has-symbols/-/has-symbols-1.1.0.tgz 348ms (cache miss)
3101 http fetch GET 200 https://registry.npmjs.org/get-proto/-/get-proto-1.0.1.tgz 350ms (cache miss)
3102 http fetch GET 200 https://registry.npmjs.org/es-object-atoms/-/es-object-atoms-1.1.2.tgz 351ms (cache miss)
3103 http fetch GET 200 https://registry.npmjs.org/function-bind/-/function-bind-1.1.2.tgz 354ms (cache miss)
3104 http fetch GET 200 https://registry.npmjs.org/call-bound/-/call-bound-1.0.4.tgz 354ms (cache miss)
3105 http fetch GET 200 https://registry.npmjs.org/call-bind-apply-helpers/-/call-bind-apply-helpers-1.0.2.tgz 356ms (cache miss)
3106 http fetch GET 200 https://registry.npmjs.org/side-channel-weakmap/-/side-channel-weakmap-1.0.2.tgz 357ms (cache miss)
3107 http fetch GET 200 https://registry.npmjs.org/get-intrinsic/-/get-intrinsic-1.3.0.tgz 359ms (cache miss)
3108 http fetch GET 200 https://registry.npmjs.org/math-intrinsics/-/math-intrinsics-1.1.0.tgz 361ms (cache miss)
3109 http fetch GET 200 https://registry.npmjs.org/get-east-asian-width/-/get-east-asian-width-1.6.0.tgz 371ms (cache miss)
3110 http fetch GET 200 https://registry.npmjs.org/shebang-regex/-/shebang-regex-3.0.0.tgz 371ms (cache miss)
3111 http fetch GET 200 https://registry.npmjs.org/is-extglob/-/is-extglob-2.1.1.tgz 375ms (cache miss)
3112 http fetch GET 200 https://registry.npmjs.org/fdir/-/fdir-6.5.0.tgz 383ms (cache miss)
3113 http fetch GET 200 https://registry.npmjs.org/yargs-parser/-/yargs-parser-22.0.0.tgz 388ms (cache miss)
3114 http fetch GET 200 https://registry.npmjs.org/escalade/-/escalade-3.2.0.tgz 391ms (cache miss)
3115 http fetch GET 200 https://registry.npmjs.org/side-channel-list/-/side-channel-list-1.0.1.tgz 389ms (cache miss)
3116 http fetch GET 200 https://registry.npmjs.org/emoji-regex/-/emoji-regex-10.6.0.tgz 404ms (cache miss)
3117 http fetch GET 200 https://registry.npmjs.org/side-channel-map/-/side-channel-map-1.0.1.tgz 402ms (cache miss)
3118 http fetch GET 200 https://registry.npmjs.org/is-glob/-/is-glob-4.0.3.tgz 404ms (cache miss)
3119 http fetch GET 200 https://registry.npmjs.org/mimic-function/-/mimic-function-5.0.1.tgz 406ms (cache miss)
3120 http fetch GET 200 https://registry.npmjs.org/@rolldown/pluginutils/-/pluginutils-1.0.1.tgz 408ms (cache miss)
3121 http fetch GET 200 https://registry.npmjs.org/lightningcss/-/lightningcss-1.33.0.tgz 420ms (cache miss)
3122 http fetch GET 200 https://registry.npmjs.org/is-promise/-/is-promise-4.0.0.tgz 417ms (cache miss)
3123 http fetch GET 200 https://registry.npmjs.org/es-errors/-/es-errors-1.3.0.tgz 427ms (cache miss)
3124 http fetch GET 200 https://registry.npmjs.org/unpipe/-/unpipe-1.0.0.tgz 427ms (cache miss)
3125 http fetch GET 200 https://registry.npmjs.org/onetime/-/onetime-7.0.0.tgz 431ms (cache miss)
3126 http fetch GET 200 https://registry.npmjs.org/es-define-property/-/es-define-property-1.0.1.tgz 438ms (cache miss)
3127 http fetch GET 200 https://registry.npmjs.org/side-channel/-/side-channel-1.1.1.tgz 451ms (cache miss)
3128 http fetch GET 200 https://registry.npmjs.org/forwarded/-/forwarded-0.2.0.tgz 451ms (cache miss)
3129 http fetch GET 200 https://registry.npmjs.org/ipaddr.js/-/ipaddr.js-1.9.1.tgz 459ms (cache miss)
3130 http fetch GET 200 https://registry.npmjs.org/parse5-sax-parser/-/parse5-sax-parser-8.0.0.tgz 468ms (cache miss)
3131 http fetch GET 200 https://registry.npmjs.org/graceful-fs/-/graceful-fs-4.2.11.tgz 482ms (cache miss)
3132 http fetch GET 200 https://registry.npmjs.org/path-to-regexp/-/path-to-regexp-8.4.2.tgz 492ms (cache miss)
3133 http fetch GET 200 https://registry.npmjs.org/immutable/-/immutable-5.1.9.tgz 520ms (cache miss)
3134 http fetch GET 200 https://registry.npmjs.org/stdin-discarder/-/stdin-discarder-0.3.2.tgz 514ms (cache miss)
3135 http fetch GET 200 https://registry.npmjs.org/yoctocolors/-/yoctocolors-2.2.0.tgz 517ms (cache miss)
3136 http fetch GET 200 https://registry.npmjs.org/nanoid/-/nanoid-3.3.17.tgz 529ms (cache miss)
3137 http fetch GET 200 https://registry.npmjs.org/is-unicode-supported/-/is-unicode-supported-2.1.0.tgz 541ms (cache miss)
3138 http fetch GET 200 https://registry.npmjs.org/log-symbols/-/log-symbols-7.0.1.tgz 541ms (cache miss)
3139 http fetch GET 200 https://registry.npmjs.org/is-interactive/-/is-interactive-2.0.0.tgz 549ms (cache miss)
3140 http fetch GET 200 https://registry.npmjs.org/cli-spinners/-/cli-spinners-3.4.0.tgz 552ms (cache miss)
3141 http fetch GET 200 https://registry.npmjs.org/object-inspect/-/object-inspect-1.13.4.tgz 580ms (cache miss)
3142 http fetch GET 200 https://registry.npmjs.org/ee-first/-/ee-first-1.1.1.tgz 573ms (cache miss)
3143 http fetch GET 200 https://registry.npmjs.org/wrappy/-/wrappy-1.0.2.tgz 590ms (cache miss)
3144 http fetch GET 200 https://registry.npmjs.org/proc-log/-/proc-log-7.0.0.tgz 616ms (cache miss)
3145 http fetch GET 200 https://registry.npmjs.org/detect-libc/-/detect-libc-2.1.2.tgz 634ms (cache miss)
3146 http fetch GET 200 https://registry.npmjs.org/chalk/-/chalk-5.6.2.tgz 647ms (cache miss)
3147 http fetch GET 200 https://registry.npmjs.org/restore-cursor/-/restore-cursor-5.1.0.tgz 666ms (cache miss)
3148 http fetch GET 200 https://registry.npmjs.org/validate-npm-package-name/-/validate-npm-package-name-8.0.0.tgz 666ms (cache miss)
3149 http fetch GET 200 https://registry.npmjs.org/environment/-/environment-1.1.0.tgz 672ms (cache miss)
3150 http fetch GET 200 https://registry.npmjs.org/mime-db/-/mime-db-1.54.0.tgz 679ms (cache miss)
3151 http fetch GET 200 https://registry.npmjs.org/parse5/-/parse5-8.0.1.tgz 687ms (cache miss)
3152 http fetch GET 200 https://registry.npmjs.org/cli-cursor/-/cli-cursor-5.0.0.tgz 705ms (cache miss)
3153 http fetch GET 200 https://registry.npmjs.org/source-map-js/-/source-map-js-1.2.1.tgz 715ms (cache miss)
3154 http fetch GET 200 https://registry.npmjs.org/@parcel/watcher/-/watcher-2.6.0.tgz 725ms (cache miss)
3155 http fetch GET 200 https://registry.npmjs.org/msgpackr-extract/-/msgpackr-extract-3.0.4.tgz 752ms (cache miss)
3156 http fetch GET 200 https://registry.npmjs.org/@oxc-project/types/-/types-0.142.0.tgz 762ms (cache miss)
3157 http fetch GET 200 https://registry.npmjs.org/weak-lru-cache/-/weak-lru-cache-1.2.2.tgz 782ms (cache miss)
3158 http fetch GET 200 https://registry.npmjs.org/node-gyp-build-optional-packages/-/node-gyp-build-optional-packages-5.2.2.tgz 797ms (cache miss)
3159 http fetch GET 200 https://registry.npmjs.org/string-width/-/string-width-8.2.2.tgz 815ms (cache miss)
3160 http fetch GET 200 https://registry.npmjs.org/hosted-git-info/-/hosted-git-info-10.1.1.tgz 829ms (cache miss)
3161 http fetch GET 200 https://registry.npmjs.org/ordered-binary/-/ordered-binary-1.6.1.tgz 829ms (cache miss)
3162 http fetch GET 200 https://registry.npmjs.org/slice-ansi/-/slice-ansi-8.0.0.tgz 898ms (cache miss)
3163 http fetch GET 200 https://registry.npmjs.org/wrap-ansi/-/wrap-ansi-10.0.0.tgz 929ms (cache miss)
3164 http fetch GET 200 https://registry.npmjs.org/@napi-rs/nice-win32-x64-msvc/-/nice-win32-x64-msvc-1.1.1.tgz 944ms (cache miss)
3165 http fetch GET 200 https://registry.npmjs.org/rfdc/-/rfdc-1.4.1.tgz 946ms (cache miss)
3166 http fetch GET 200 https://registry.npmjs.org/strip-ansi/-/strip-ansi-7.2.0.tgz 951ms (cache miss)
3167 http fetch GET 200 https://registry.npmjs.org/node-addon-api/-/node-addon-api-6.1.0.tgz 955ms (cache miss)
3168 http fetch GET 200 https://registry.npmjs.org/ansi-escapes/-/ansi-escapes-7.3.0.tgz 969ms (cache miss)
3169 http fetch GET 200 https://registry.npmjs.org/cli-truncate/-/cli-truncate-5.2.0.tgz 964ms (cache miss)
3170 http fetch GET 200 https://registry.npmjs.org/safer-buffer/-/safer-buffer-2.1.2.tgz 992ms (cache miss)
3171 http fetch GET 200 https://registry.npmjs.org/log-update/-/log-update-6.1.0.tgz 1014ms (cache miss)
3172 http fetch GET 200 https://registry.npmjs.org/eventemitter3/-/eventemitter3-5.0.4.tgz 1017ms (cache miss)
3173 http fetch GET 200 https://registry.npmjs.org/proxy-agent-negotiate/-/proxy-agent-negotiate-1.1.0.tgz 1030ms (cache miss)
3174 http fetch GET 200 https://registry.npmjs.org/fast-string-width/-/fast-string-width-3.0.2.tgz 1055ms (cache miss)
3175 http fetch GET 200 https://registry.npmjs.org/inherits/-/inherits-2.0.4.tgz 1057ms (cache miss)
3176 http fetch GET 200 https://registry.npmjs.org/agent-base/-/agent-base-9.0.0.tgz 1058ms (cache miss)
3177 http fetch GET 200 https://registry.npmjs.org/fast-string-truncated-width/-/fast-string-truncated-width-3.0.3.tgz 1075ms (cache miss)
3178 http fetch GET 200 https://registry.npmjs.org/@harperfast/extended-iterable/-/extended-iterable-1.0.3.tgz 1091ms (cache miss)
3179 http fetch GET 200 https://registry.npmjs.org/setprototypeof/-/setprototypeof-1.2.0.tgz 1102ms (cache miss)
3180 http fetch GET 200 https://registry.npmjs.org/type-is/-/type-is-2.1.0.tgz 1147ms (cache miss)
3181 http fetch GET 200 https://registry.npmjs.org/negotiator/-/negotiator-1.0.0.tgz 1177ms (cache miss)
3182 http fetch GET 200 https://registry.npmjs.org/statuses/-/statuses-2.0.2.tgz 1179ms (cache miss)
3183 http fetch GET 200 https://registry.npmjs.org/bytes/-/bytes-3.1.2.tgz 1181ms (cache miss)
3184 http fetch GET 200 https://registry.npmjs.org/send/-/send-1.2.1.tgz 1212ms (cache miss)
3185 http fetch GET 200 https://registry.npmjs.org/serve-static/-/serve-static-2.2.1.tgz 1217ms (cache miss)
3186 http fetch GET 200 https://registry.npmjs.org/toidentifier/-/toidentifier-1.0.1.tgz 1234ms (cache miss)
3187 http fetch GET 200 https://registry.npmjs.org/range-parser/-/range-parser-1.3.0.tgz 1246ms (cache miss)
3188 http fetch GET 200 https://registry.npmjs.org/router/-/router-2.2.0.tgz 1247ms (cache miss)
3189 http fetch GET 200 https://registry.npmjs.org/@napi-rs/nice/-/nice-1.1.1.tgz 1277ms (cache miss)
3190 http fetch GET 200 https://registry.npmjs.org/proxy-addr/-/proxy-addr-2.0.7.tgz 1255ms (cache miss)
3191 http fetch GET 200 https://registry.npmjs.org/ip-address/-/ip-address-10.4.0.tgz 1261ms (cache miss)
3192 http fetch GET 200 https://registry.npmjs.org/parseurl/-/parseurl-1.3.3.tgz 1264ms (cache miss)
3193 http fetch GET 200 https://registry.npmjs.org/once/-/once-1.4.0.tgz 1274ms (cache miss)
3194 http fetch GET 200 https://registry.npmjs.org/on-finished/-/on-finished-2.4.1.tgz 1285ms (cache miss)
3195 http fetch GET 200 https://registry.npmjs.org/finalhandler/-/finalhandler-2.1.1.tgz 1304ms (cache miss)
3196 http fetch GET 200 https://registry.npmjs.org/mime-types/-/mime-types-3.0.2.tgz 1306ms (cache miss)
3197 http fetch GET 200 https://registry.npmjs.org/etag/-/etag-1.8.1.tgz 1306ms (cache miss)
3198 http fetch GET 200 https://registry.npmjs.org/http-errors/-/http-errors-2.0.1.tgz 1308ms (cache miss)
3199 http fetch GET 200 https://registry.npmjs.org/fresh/-/fresh-2.0.0.tgz 1322ms (cache miss)
3200 http fetch GET 200 https://registry.npmjs.org/msgpackr/-/msgpackr-1.12.1.tgz 1339ms (cache miss)
3201 http fetch GET 200 https://registry.npmjs.org/ms/-/ms-2.1.3.tgz 1355ms (cache miss)
3202 http fetch GET 200 https://registry.npmjs.org/merge-descriptors/-/merge-descriptors-2.0.0.tgz 1350ms (cache miss)
3203 http fetch GET 200 https://registry.npmjs.org/encodeurl/-/encodeurl-2.0.0.tgz 1353ms (cache miss)
3204 http fetch GET 200 https://registry.npmjs.org/depd/-/depd-2.0.0.tgz 1357ms (cache miss)
3205 http fetch GET 200 https://registry.npmjs.org/escape-html/-/escape-html-1.0.3.tgz 1360ms (cache miss)
3206 http fetch GET 200 https://registry.npmjs.org/@msgpackr-extract/msgpackr-extract-win32-x64/-/msgpackr-extract-win32-x64-3.0.4.tgz 1384ms (cache miss)
3207 http fetch GET 200 https://registry.npmjs.org/cookie-signature/-/cookie-signature-1.2.2.tgz 1372ms (cache miss)
3208 http fetch GET 200 https://registry.npmjs.org/qs/-/qs-6.15.3.tgz 1380ms (cache miss)
3209 http fetch GET 200 https://registry.npmjs.org/accepts/-/accepts-2.0.0.tgz 1378ms (cache miss)
3210 http fetch GET 200 https://registry.npmjs.org/content-disposition/-/content-disposition-1.1.0.tgz 1379ms (cache miss)
3211 http fetch GET 200 https://registry.npmjs.org/debug/-/debug-4.4.3.tgz 1382ms (cache miss)
3212 http fetch GET 200 https://registry.npmjs.org/body-parser/-/body-parser-2.3.0.tgz 1381ms (cache miss)
3213 http fetch GET 200 https://registry.npmjs.org/cookie/-/cookie-0.7.2.tgz 1392ms (cache miss)
3214 http fetch GET 200 https://registry.npmjs.org/domelementtype/-/domelementtype-2.3.0.tgz 1418ms (cache miss)
3215 http fetch GET 200 https://registry.npmjs.org/vary/-/vary-1.1.2.tgz 1419ms (cache miss)
3216 http fetch GET 200 https://registry.npmjs.org/shebang-command/-/shebang-command-2.0.0.tgz 1421ms (cache miss)
3217 http fetch GET 200 https://registry.npmjs.org/boolbase/-/boolbase-1.0.0.tgz 1422ms (cache miss)
3218 http fetch GET 200 https://registry.npmjs.org/object-assign/-/object-assign-4.1.1.tgz 1440ms (cache miss)
3219 http fetch GET 200 https://registry.npmjs.org/update-browserslist-db/-/update-browserslist-db-1.2.3.tgz 1453ms (cache miss)
3220 http fetch GET 200 https://registry.npmjs.org/node-releases/-/node-releases-2.0.51.tgz 1469ms (cache miss)
3221 http fetch GET 200 https://registry.npmjs.org/path-key/-/path-key-3.1.1.tgz 1470ms (cache miss)
3222 http fetch GET 200 https://registry.npmjs.org/nth-check/-/nth-check-2.1.1.tgz 1489ms (cache miss)
3223 http fetch GET 200 https://registry.npmjs.org/which/-/which-2.0.2.tgz 1515ms (cache miss)
3224 http fetch GET 200 https://registry.npmjs.org/baseline-browser-mapping/-/baseline-browser-mapping-2.11.11.tgz 1528ms (cache miss)
3225 http fetch GET 200 https://registry.npmjs.org/postcss-safe-parser/-/postcss-safe-parser-7.0.1.tgz 1530ms (cache miss)
3226 http fetch GET 200 https://registry.npmjs.org/readdirp/-/readdirp-5.0.0.tgz 1546ms (cache miss)
3227 http fetch GET 200 https://registry.npmjs.org/postcss-media-query-parser/-/postcss-media-query-parser-0.2.3.tgz 1557ms (cache miss)
3228 http fetch GET 200 https://registry.npmjs.org/require-from-string/-/require-from-string-2.0.2.tgz 1565ms (cache miss)
3229 http fetch GET 200 https://registry.npmjs.org/domhandler/-/domhandler-5.0.3.tgz 1585ms (cache miss)
3230 http fetch GET 200 https://registry.npmjs.org/domutils/-/domutils-3.2.2.tgz 1601ms (cache miss)
3231 http fetch GET 200 https://registry.npmjs.org/json-schema-traverse/-/json-schema-traverse-1.0.0.tgz 1640ms (cache miss)
3232 http fetch GET 200 https://registry.npmjs.org/@parcel/watcher-win32-x64/-/watcher-win32-x64-2.6.0.tgz 1686ms (cache miss)
3233 http fetch GET 200 https://registry.npmjs.org/picocolors/-/picocolors-1.1.1.tgz 1646ms (cache miss)
3234 http fetch GET 200 https://registry.npmjs.org/raw-body/-/raw-body-3.0.2.tgz 1693ms (cache miss)
3235 http fetch GET 200 https://registry.npmjs.org/fast-deep-equal/-/fast-deep-equal-3.1.3.tgz 1701ms (cache miss)
3236 http fetch GET 200 https://registry.npmjs.org/express-rate-limit/-/express-rate-limit-8.6.1.tgz 1796ms (cache miss)
3237 http fetch GET 200 https://registry.npmjs.org/@lmdb/lmdb-win32-x64/-/lmdb-win32-x64-3.5.6.tgz 1833ms (cache miss)
3238 http fetch GET 200 https://registry.npmjs.org/cross-spawn/-/cross-spawn-7.0.6.tgz 1803ms (cache miss)
3239 http fetch GET 200 https://registry.npmjs.org/electron-to-chromium/-/electron-to-chromium-1.5.399.tgz 1812ms (cache miss)
3240 http fetch GET 200 https://registry.npmjs.org/postcss/-/postcss-8.5.25.tgz 1815ms (cache miss)
3241 http fetch GET 200 https://registry.npmjs.org/pkce-challenge/-/pkce-challenge-5.0.1.tgz 1826ms (cache miss)
3242 http fetch GET 200 https://registry.npmjs.org/json-schema-typed/-/json-schema-typed-8.0.2.tgz 1832ms (cache miss)
3243 http fetch GET 200 https://registry.npmjs.org/eventsource/-/eventsource-3.0.7.tgz 1852ms (cache miss)
3244 http fetch GET 200 https://registry.npmjs.org/cors/-/cors-2.8.6.tgz 1858ms (cache miss)
3245 http fetch GET 200 https://registry.npmjs.org/content-type/-/content-type-1.0.5.tgz 1889ms (cache miss)
3246 http fetch GET 200 https://registry.npmjs.org/entities/-/entities-4.5.0.tgz 1920ms (cache miss)
3247 http fetch GET 200 https://registry.npmjs.org/@jridgewell/resolve-uri/-/resolve-uri-3.1.2.tgz 1990ms (cache miss)
3248 http fetch GET 200 https://registry.npmjs.org/listr2/-/listr2-10.2.1.tgz 1996ms (cache miss)
3249 http fetch GET 200 https://registry.npmjs.org/express/-/express-5.2.1.tgz 2026ms (cache miss)
3250 http fetch GET 200 https://registry.npmjs.org/mute-stream/-/mute-stream-3.0.0.tgz 2029ms (cache miss)
3251 http fetch GET 200 https://registry.npmjs.org/htmlparser2/-/htmlparser2-10.1.0.tgz 2059ms (cache miss)
3252 http fetch GET 200 https://registry.npmjs.org/eventsource-parser/-/eventsource-parser-3.1.0.tgz 2066ms (cache miss)
3253 http fetch GET 200 https://registry.npmjs.org/dom-serializer/-/dom-serializer-2.0.0.tgz 2106ms (cache miss)
3254 http fetch GET 200 https://registry.npmjs.org/css-what/-/css-what-7.0.0.tgz 2107ms (cache miss)
3255 http fetch GET 200 https://registry.npmjs.org/@oxc-parser/binding-win32-x64-msvc/-/binding-win32-x64-msvc-0.142.0.tgz 2155ms (cache miss)
3256 http fetch GET 200 https://registry.npmjs.org/fast-uri/-/fast-uri-3.1.5.tgz 2121ms (cache miss)
3257 http fetch GET 200 https://registry.npmjs.org/@inquirer/external-editor/-/external-editor-3.0.3.tgz 2134ms (cache miss)
3258 http fetch GET 200 https://registry.npmjs.org/chardet/-/chardet-2.2.0.tgz 2175ms (cache miss)
3259 http fetch GET 200 https://registry.npmjs.org/@inquirer/rawlist/-/rawlist-5.3.1.tgz 2183ms (cache miss)
3260 http fetch GET 200 https://registry.npmjs.org/fast-wrap-ansi/-/fast-wrap-ansi-0.2.2.tgz 2186ms (cache miss)
3261 http fetch GET 200 https://registry.npmjs.org/@inquirer/input/-/input-5.1.2.tgz 2196ms (cache miss)
3262 http fetch GET 200 https://registry.npmjs.org/@inquirer/search/-/search-4.2.1.tgz 2196ms (cache miss)
3263 http fetch GET 200 https://registry.npmjs.org/cli-width/-/cli-width-4.1.0.tgz 2223ms (cache miss)
3264 http fetch GET 200 https://registry.npmjs.org/@hono/node-server/-/node-server-1.19.17.tgz 2247ms (cache miss)
3265 http fetch GET 200 https://registry.npmjs.org/@inquirer/expand/-/expand-5.1.1.tgz 2270ms (cache miss)
3266 http fetch GET 200 https://registry.npmjs.org/signal-exit/-/signal-exit-4.1.0.tgz 2317ms (cache miss)
3267 http fetch GET 200 https://registry.npmjs.org/jsesc/-/jsesc-3.1.0.tgz 2354ms (cache miss)
3268 http fetch GET 200 https://registry.npmjs.org/jose/-/jose-6.2.8.tgz 2373ms (cache miss)
3269 http fetch GET 200 https://registry.npmjs.org/css-select/-/css-select-6.0.0.tgz 2377ms (cache miss)
3270 http fetch GET 200 https://registry.npmjs.org/@inquirer/select/-/select-5.2.1.tgz 2395ms (cache miss)
3271 http fetch GET 200 https://registry.npmjs.org/@inquirer/core/-/core-11.2.1.tgz 2402ms (cache miss)
3272 http fetch GET 200 https://registry.npmjs.org/@inquirer/number/-/number-4.1.1.tgz 2408ms (cache miss)
3273 http fetch GET 200 https://registry.npmjs.org/zod-to-json-schema/-/zod-to-json-schema-3.25.2.tgz 2430ms (cache miss)
3274 http fetch GET 200 https://registry.npmjs.org/iconv-lite/-/iconv-lite-0.7.3.tgz 2434ms (cache miss)
3275 http fetch GET 200 https://registry.npmjs.org/@babel/helper-globals/-/helper-globals-8.0.0.tgz 2462ms (cache miss)
3276 http fetch GET 200 https://registry.npmjs.org/@inquirer/ansi/-/ansi-2.0.7.tgz 2464ms (cache miss)
3277 http fetch GET 200 https://registry.npmjs.org/@inquirer/password/-/password-5.1.1.tgz 2477ms (cache miss)
3278 http fetch GET 200 https://registry.npmjs.org/js-tokens/-/js-tokens-10.0.0.tgz 2480ms (cache miss)
3279 http fetch GET 200 https://registry.npmjs.org/obug/-/obug-2.1.4.tgz 2520ms (cache miss)
3280 http fetch GET 200 https://registry.npmjs.org/@inquirer/editor/-/editor-5.2.2.tgz 2543ms (cache miss)
3281 http fetch GET 200 https://registry.npmjs.org/@rolldown/binding-win32-x64-msvc/-/binding-win32-x64-msvc-1.2.0.tgz 2609ms (cache miss)
3282 http fetch GET 200 https://registry.npmjs.org/@inquirer/type/-/type-4.0.7.tgz 2560ms (cache miss)
3283 http fetch GET 200 https://registry.npmjs.org/gensync/-/gensync-1.0.0-beta.2.tgz 2572ms (cache miss)
3284 http fetch GET 200 https://registry.npmjs.org/empathic/-/empathic-2.0.1.tgz 2581ms (cache miss)
3285 http fetch GET 200 https://registry.npmjs.org/import-meta-resolve/-/import-meta-resolve-4.2.0.tgz 2602ms (cache miss)
3286 http fetch GET 200 https://registry.npmjs.org/@babel/helper-validator-option/-/helper-validator-option-8.0.0.tgz 2628ms (cache miss)
3287 http fetch GET 200 https://registry.npmjs.org/json5/-/json5-2.2.3.tgz 2637ms (cache miss)
3288 http fetch GET 200 https://registry.npmjs.org/@inquirer/checkbox/-/checkbox-5.2.1.tgz 2672ms (cache miss)
3289 http fetch GET 200 https://registry.npmjs.org/@inquirer/figures/-/figures-2.0.7.tgz 2674ms (cache miss)
3290 http fetch GET 200 https://registry.npmjs.org/@types/jsesc/-/jsesc-2.5.1.tgz 2683ms (cache miss)
3291 http fetch GET 200 https://registry.npmjs.org/lru-cache/-/lru-cache-11.5.2.tgz 2693ms (cache miss)
3292 http fetch GET 200 https://registry.npmjs.org/@babel/helper-string-parser/-/helper-string-parser-8.0.0.tgz 2697ms (cache miss)
3293 http fetch GET 200 https://registry.npmjs.org/@babel/compat-data/-/compat-data-8.0.0.tgz 2727ms (cache miss)
3294 http fetch GET 200 https://registry.npmjs.org/@babel/helper-validator-identifier/-/helper-validator-identifier-8.0.4.tgz 2736ms (cache miss)
3295 http fetch GET 200 https://registry.npmjs.org/@standard-schema/spec/-/spec-1.1.0.tgz 2737ms (cache miss)
3296 http fetch GET 200 https://registry.npmjs.org/reflect-metadata/-/reflect-metadata-0.2.2.tgz 2772ms (cache miss)
3297 http fetch GET 200 https://registry.npmjs.org/ora/-/ora-9.4.1.tgz 2778ms (cache miss)
3298 http fetch GET 200 https://registry.npmjs.org/chokidar/-/chokidar-5.0.0.tgz 2809ms (cache miss)
3299 http fetch GET 200 https://registry.npmjs.org/npm-package-arg/-/npm-package-arg-14.0.0.tgz 2834ms (cache miss)
3300 http fetch GET 200 https://registry.npmjs.org/@types/gensync/-/gensync-1.0.5.tgz 2847ms (cache miss)
3301 http fetch GET 200 https://registry.npmjs.org/@jridgewell/sourcemap-codec/-/sourcemap-codec-1.5.5.tgz 2848ms (cache miss)
3302 http fetch GET 200 https://registry.npmjs.org/convert-source-map/-/convert-source-map-1.9.0.tgz 2859ms (cache miss)
3303 http fetch GET 200 https://registry.npmjs.org/@babel/helper-compilation-targets/-/helper-compilation-targets-8.0.0.tgz 2919ms (cache miss)
3304 http fetch GET 200 https://registry.npmjs.org/@babel/code-frame/-/code-frame-8.0.0.tgz 2989ms (cache miss)
3305 http fetch GET 200 https://registry.npmjs.org/source-map/-/source-map-0.7.6.tgz 2992ms (cache miss)
3306 http fetch GET 200 https://registry.npmjs.org/@babel/template/-/template-8.0.0.tgz 3040ms (cache miss)
3307 http fetch GET 200 https://registry.npmjs.org/@babel/generator/-/generator-8.0.0.tgz 3123ms (cache miss)
3308 http fetch GET 200 https://registry.npmjs.org/@babel/types/-/types-8.0.4.tgz 3212ms (cache miss)
3309 http fetch GET 200 https://registry.npmjs.org/@babel/traverse/-/traverse-8.0.4.tgz 3242ms (cache miss)
3310 http fetch GET 200 https://registry.npmjs.org/@babel/helpers/-/helpers-8.0.0.tgz 3291ms (cache miss)
3311 http fetch GET 200 https://registry.npmjs.org/ajv-formats/-/ajv-formats-3.0.1.tgz 3298ms (cache miss)
3312 http fetch GET 200 https://registry.npmjs.org/watchpack/-/watchpack-2.5.2.tgz 3323ms (cache miss)
3313 http fetch GET 200 https://registry.npmjs.org/yargs/-/yargs-18.0.0.tgz 3334ms (cache miss)
3314 http fetch GET 200 https://registry.npmjs.org/tinyglobby/-/tinyglobby-0.2.17.tgz 3338ms (cache miss)
3315 http fetch GET 200 https://registry.npmjs.org/@jridgewell/trace-mapping/-/trace-mapping-0.3.31.tgz 3346ms (cache miss)
3316 http fetch GET 200 https://registry.npmjs.org/@jridgewell/gen-mapping/-/gen-mapping-0.3.13.tgz 3352ms (cache miss)
3317 http fetch GET 200 https://registry.npmjs.org/source-map-support/-/source-map-support-0.5.21.tgz 3374ms (cache miss)
3318 http fetch GET 200 https://registry.npmjs.org/@listr2/prompt-adapter-inquirer/-/prompt-adapter-inquirer-4.2.4.tgz 3460ms (cache miss)
3319 http fetch GET 200 https://registry.npmjs.org/picomatch/-/picomatch-4.0.5.tgz 3459ms (cache miss)
3320 http fetch GET 200 https://registry.npmjs.org/@esbuild/win32-x64/-/win32-x64-0.28.1.tgz 3523ms (cache miss)
3321 http fetch GET 200 https://registry.npmjs.org/parse5-html-rewriting-stream/-/parse5-html-rewriting-stream-8.0.1.tgz 3489ms (cache miss)
3322 http fetch GET 200 https://registry.npmjs.org/https-proxy-agent/-/https-proxy-agent-9.1.0.tgz 3593ms (cache miss)
3323 http fetch GET 200 https://registry.npmjs.org/magic-string/-/magic-string-1.0.0.tgz 3598ms (cache miss)
3324 http fetch GET 200 https://registry.npmjs.org/browserslist/-/browserslist-4.28.7.tgz 3600ms (cache miss)
3325 http fetch GET 200 https://registry.npmjs.org/semver/-/semver-7.8.5.tgz 3609ms (cache miss)
3326 http fetch GET 200 https://registry.npmjs.org/mrmime/-/mrmime-2.0.1.tgz 3619ms (cache miss)
3327 http fetch GET 200 https://registry.npmjs.org/jsonc-parser/-/jsonc-parser-3.3.1.tgz 3629ms (cache miss)
3328 http fetch GET 200 https://registry.npmjs.org/esbuild/-/esbuild-0.28.1.tgz 3660ms (cache miss)
3329 http fetch GET 200 https://registry.npmjs.org/@inquirer/prompts/-/prompts-8.5.2.tgz 3685ms (cache miss)
3330 http fetch GET 200 https://registry.npmjs.org/oxc-parser/-/oxc-parser-0.142.0.tgz 3682ms (cache miss)
3331 http fetch GET 200 https://registry.npmjs.org/beasties/-/beasties-0.4.3.tgz 3694ms (cache miss)
3332 http fetch GET 200 https://registry.npmjs.org/rolldown/-/rolldown-1.2.0.tgz 3772ms (cache miss)
3333 http fetch GET 200 https://registry.npmjs.org/@ampproject/remapping/-/remapping-2.3.0.tgz 3788ms (cache miss)
3334 http fetch GET 200 https://registry.npmjs.org/piscina/-/piscina-5.2.0.tgz 3883ms (cache miss)
3335 http fetch GET 200 https://registry.npmjs.org/@babel/helper-annotate-as-pure/-/helper-annotate-as-pure-8.0.0.tgz 3908ms (cache miss)
3336 http fetch GET 200 https://registry.npmjs.org/@babel/parser/-/parser-8.0.4.tgz 3936ms (cache miss)
3337 http fetch GET 200 https://registry.npmjs.org/@babel/helper-split-export-declaration/-/helper-split-export-declaration-7.24.7.tgz 3933ms (cache miss)
3338 http fetch GET 200 https://registry.npmjs.org/wrap-ansi/-/wrap-ansi-9.0.2.tgz 3975ms (cache miss)
3339 http fetch GET 200 https://registry.npmjs.org/tslib/-/tslib-2.8.1.tgz 3999ms (cache miss)
3340 http fetch GET 200 https://registry.npmjs.org/@angular-devkit/core/-/core-22.1.2.tgz 4013ms (cache miss)
3341 http fetch GET 200 https://registry.npmjs.org/sass/-/sass-1.101.0.tgz 4023ms (cache miss)
3342 http fetch GET 200 https://registry.npmjs.org/string-width/-/string-width-7.2.0.tgz 4018ms (cache miss)
3343 http fetch GET 200 https://registry.npmjs.org/@inquirer/confirm/-/confirm-6.1.1.tgz 4044ms (cache miss)
3344 http fetch GET 200 https://registry.npmjs.org/lightningcss-win32-x64-msvc/-/lightningcss-win32-x64-msvc-1.33.0.tgz 4125ms (cache miss)
3345 http fetch GET 200 https://registry.npmjs.org/vite/-/vite-8.1.5.tgz 4056ms (cache miss)
3346 http fetch GET 200 https://registry.npmjs.org/@vitejs/plugin-basic-ssl/-/plugin-basic-ssl-2.3.0.tgz 4085ms (cache miss)
3347 http fetch GET 200 https://registry.npmjs.org/@babel/core/-/core-8.0.1.tgz 4097ms (cache miss)
3348 http fetch GET 200 https://registry.npmjs.org/content-type/-/content-type-2.0.0.tgz 4145ms (cache miss)
3349 http fetch GET 200 https://registry.npmjs.org/content-type/-/content-type-2.0.0.tgz 4185ms (cache miss)
3350 http fetch GET 200 https://registry.npmjs.org/string-width/-/string-width-7.2.0.tgz 4330ms (cache miss)
3351 http fetch GET 200 https://registry.npmjs.org/@angular/forms/-/forms-22.1.0.tgz 4452ms (cache miss)
3352 http fetch GET 200 https://registry.npmjs.org/@angular-devkit/schematics/-/schematics-22.1.2.tgz 4532ms (cache miss)
3353 http fetch GET 200 https://registry.npmjs.org/@angular/platform-browser/-/platform-browser-22.1.0.tgz 4526ms (cache miss)
3354 http fetch GET 200 https://registry.npmjs.org/lmdb/-/lmdb-3.5.6.tgz 4541ms (cache miss)
3355 http fetch GET 200 https://registry.npmjs.org/@angular/router/-/router-22.1.0.tgz 4540ms (cache miss)
3356 http fetch GET 200 https://registry.npmjs.org/wrap-ansi/-/wrap-ansi-9.0.2.tgz 4543ms (cache miss)
3357 http fetch GET 200 https://registry.npmjs.org/@oxc-project/types/-/types-0.139.0.tgz 4588ms (cache miss)
3358 http fetch GET 200 https://registry.npmjs.org/entities/-/entities-8.0.0.tgz 4635ms (cache miss)
3359 http fetch GET 200 https://registry.npmjs.org/hono/-/hono-4.12.34.tgz 4675ms (cache miss)
3360 http fetch GET 200 https://registry.npmjs.org/string-width/-/string-width-7.2.0.tgz 4666ms (cache miss)
3361 http fetch GET 200 https://registry.npmjs.org/listr2/-/listr2-10.2.2.tgz 4665ms (cache miss)
3362 http fetch GET 200 https://registry.npmjs.org/source-map/-/source-map-0.6.1.tgz 4715ms (cache miss)
3363 http fetch GET 200 https://registry.npmjs.org/entities/-/entities-8.0.0.tgz 4720ms (cache miss)
3364 http fetch GET 200 https://registry.npmjs.org/@babel/helper-validator-identifier/-/helper-validator-identifier-7.29.7.tgz 4773ms (cache miss)
3365 http fetch GET 200 https://registry.npmjs.org/caniuse-lite/-/caniuse-lite-1.0.30001806.tgz 4855ms (cache miss)
3366 http fetch GET 200 https://registry.npmjs.org/@oxc-project/types/-/types-0.140.0.tgz 4827ms (cache miss)
3367 http fetch GET 200 https://registry.npmjs.org/@babel/helper-string-parser/-/helper-string-parser-7.29.7.tgz 4844ms (cache miss)
3368 http fetch GET 200 https://registry.npmjs.org/@angular-devkit/architect/-/architect-0.2201.2.tgz 4855ms (cache miss)
3369 http fetch GET 200 https://registry.npmjs.org/listr2/-/listr2-10.2.2.tgz 4920ms (cache miss)
3370 http fetch GET 200 https://registry.npmjs.org/entities/-/entities-7.0.1.tgz 4960ms (cache miss)
3371 http fetch GET 200 https://registry.npmjs.org/@angular/compiler/-/compiler-22.1.0.tgz 4966ms (cache miss)
3372 http fetch GET 200 https://registry.npmjs.org/@hono%2fnode-server 4902ms (cache miss)
3373 silly packumentCache corgi:https://registry.npmjs.org/@hono%2fnode-server set size:undefined disposed:false
3374 silly packumentCache corgi:https://registry.npmjs.org/@modelcontextprotocol%2fsdk cache-miss
3375 http fetch GET 200 https://registry.npmjs.org/slice-ansi/-/slice-ansi-7.1.2.tgz 5064ms (cache miss)
3376 http fetch GET 200 https://registry.npmjs.org/@modelcontextprotocol%2fsdk 96ms (cache miss)
3377 silly packumentCache corgi:https://registry.npmjs.org/@modelcontextprotocol%2fsdk set size:undefined disposed:false
3378 silly packumentCache corgi:https://registry.npmjs.org/@angular%2fcli cache-miss
3379 http fetch GET 200 https://registry.npmjs.org/convert-source-map/-/convert-source-map-2.0.0.tgz 5148ms (cache miss)
3380 http fetch GET 200 https://registry.npmjs.org/rolldown/-/rolldown-1.1.5.tgz 5151ms (cache miss)
3381 http fetch GET 200 https://registry.npmjs.org/@schematics/angular/-/angular-22.1.2.tgz 5662ms (cache miss)
3382 http fetch GET 200 https://registry.npmjs.org/@angular/core/-/core-22.1.0.tgz 5732ms (cache miss)
3383 http fetch GET 200 https://registry.npmjs.org/node-addon-api/-/node-addon-api-7.1.1.tgz 5808ms (cache miss)
3384 http fetch GET 200 https://registry.npmjs.org/prettier/-/prettier-3.9.6.tgz 5815ms (cache miss)
3385 http fetch GET 200 https://registry.npmjs.org/ajv/-/ajv-8.20.0.tgz 5945ms (cache miss)
3386 http fetch GET 200 https://registry.npmjs.org/typescript/-/typescript-6.0.3.tgz 6042ms (cache miss)
3387 http fetch GET 200 https://registry.npmjs.org/@babel/types/-/types-7.29.8.tgz 6038ms (cache miss)
3388 http fetch GET 200 https://registry.npmjs.org/@angular%2fcli 969ms (cache miss)
3389 silly packumentCache corgi:https://registry.npmjs.org/@angular%2fcli set size:undefined disposed:false
3390 http fetch GET 200 https://registry.npmjs.org/@angular/cli/-/cli-22.1.2.tgz 6430ms (cache miss)
3391 http fetch GET 200 https://registry.npmjs.org/@rolldown/binding-win32-x64-msvc/-/binding-win32-x64-msvc-1.1.5.tgz 6558ms (cache miss)
3392 http fetch GET 200 https://registry.npmjs.org/zod/-/zod-4.4.3.tgz 6629ms (cache miss)
3393 http fetch GET 200 https://registry.npmjs.org/@modelcontextprotocol/sdk/-/sdk-1.29.0.tgz 7100ms (cache miss)
3394 http fetch GET 200 https://registry.npmjs.org/@angular/compiler-cli/-/compiler-cli-22.1.0.tgz 7097ms (cache miss)
3395 http fetch GET 200 https://registry.npmjs.org/@angular/build/-/build-22.1.2.tgz 7153ms (cache miss)
3396 http fetch GET 200 https://registry.npmjs.org/rxjs/-/rxjs-7.8.2.tgz 9947ms (cache miss)
3397 http fetch GET 200 https://registry.npmjs.org/@angular/common/-/common-22.1.0.tgz 13080ms (cache miss)
3398 info run @parcel/watcher@2.6.0 install node_modules/@parcel/watcher node scripts/build-from-source.js
3399 info run lmdb@3.5.6 install node_modules/lmdb node-gyp-build-optional-packages
3400 info run msgpackr-extract@3.0.4 install node_modules/msgpackr-extract node-gyp-build-optional-packages
3401 info run @parcel/watcher@2.6.0 install { code: 0, signal: null }
3402 info run lmdb@3.5.6 install { code: 0, signal: null }
3403 info run msgpackr-extract@3.0.4 install { code: 0, signal: null }
3404 info run esbuild@0.28.1 postinstall node_modules/esbuild node install.js
3405 info run esbuild@0.28.1 postinstall { code: 0, signal: null }
3406 silly ADD node_modules/emoji-regex
3407 silly ADD node_modules/yargs-parser
3408 silly ADD node_modules/y18n
3409 silly ADD node_modules/get-caller-file
3410 silly ADD node_modules/cliui
3411 silly ADD node_modules/cliui/node_modules/wrap-ansi
3412 silly ADD node_modules/cliui/node_modules/string-width
3413 silly ADD node_modules/isexe
3414 silly ADD node_modules/graceful-fs
3415 silly ADD node_modules/lightningcss-win32-x64-msvc
3416 silly ADD node_modules/lightningcss
3417 silly ADD node_modules/escalade
3418 silly ADD node_modules/media-typer
3419 silly ADD node_modules/fdir
3420 silly ADD node_modules/ansi-regex
3421 silly ADD node_modules/buffer-from
3422 silly ADD node_modules/get-east-asian-width
3423 silly ADD node_modules/is-fullwidth-code-point
3424 silly ADD node_modules/ansi-styles
3425 silly ADD node_modules/dunder-proto
3426 silly ADD node_modules/math-intrinsics
3427 silly ADD node_modules/hasown
3428 silly ADD node_modules/has-symbols
3429 silly ADD node_modules/gopd
3430 silly ADD node_modules/get-proto
3431 silly ADD node_modules/es-object-atoms
3432 silly ADD node_modules/function-bind
3433 silly ADD node_modules/call-bind-apply-helpers
3434 silly ADD node_modules/get-intrinsic
3435 silly ADD node_modules/call-bound
3436 silly ADD node_modules/side-channel-weakmap
3437 silly ADD node_modules/side-channel-map
3438 silly ADD node_modules/side-channel-list
3439 silly ADD node_modules/object-inspect
3440 silly ADD node_modules/es-errors
3441 silly ADD node_modules/shebang-regex
3442 silly ADD node_modules/is-extglob
3443 silly ADD node_modules/is-glob
3444 silly ADD node_modules/@parcel/watcher-win32-x64
3445 silly ADD node_modules/immutable
3446 silly ADD node_modules/@parcel/watcher
3447 silly ADD node_modules/@parcel/watcher/node_modules/node-addon-api
3448 silly ADD node_modules/path-to-regexp
3449 silly ADD node_modules/is-promise
3450 silly ADD node_modules/@rolldown/pluginutils
3451 silly ADD node_modules/@rolldown/binding-win32-x64-msvc
3452 silly ADD node_modules/mimic-function
3453 silly ADD node_modules/onetime
3454 silly ADD node_modules/unpipe
3455 silly ADD node_modules/side-channel
3456 silly ADD node_modules/es-define-property
3457 silly ADD node_modules/ipaddr.js
3458 silly ADD node_modules/forwarded
3459 silly ADD node_modules/source-map-js
3460 silly ADD node_modules/nanoid
3461 silly ADD node_modules/@napi-rs/nice-win32-x64-msvc
3462 silly ADD node_modules/@napi-rs/nice
3463 silly ADD node_modules/parse5-sax-parser
3464 silly ADD node_modules/parse5
3465 silly ADD node_modules/parse5/node_modules/entities
3466 silly ADD node_modules/@oxc-project/types
3467 silly ADD node_modules/@oxc-parser/binding-win32-x64-msvc
3468 silly ADD node_modules/yoctocolors
3469 silly ADD node_modules/stdin-discarder
3470 silly ADD node_modules/log-symbols
3471 silly ADD node_modules/is-unicode-supported
3472 silly ADD node_modules/is-interactive
3473 silly ADD node_modules/cli-spinners
3474 silly ADD node_modules/chalk
3475 silly ADD node_modules/wrappy
3476 silly ADD node_modules/ee-first
3477 silly ADD node_modules/validate-npm-package-name
3478 silly ADD node_modules/proc-log
3479 silly ADD node_modules/hosted-git-info
3480 silly ADD node_modules/detect-libc
3481 silly ADD node_modules/@msgpackr-extract/msgpackr-extract-win32-x64
3482 silly ADD node_modules/msgpackr-extract
3483 silly ADD node_modules/mime-db
3484 silly ADD node_modules/restore-cursor
3485 silly ADD node_modules/environment
3486 silly ADD node_modules/strip-ansi
3487 silly ADD node_modules/cli-cursor
3488 silly ADD node_modules/ansi-escapes
3489 silly ADD node_modules/weak-lru-cache
3490 silly ADD node_modules/ordered-binary
3491 silly ADD node_modules/node-gyp-build-optional-packages
3492 silly ADD node_modules/node-addon-api
3493 silly ADD node_modules/msgpackr
3494 silly ADD node_modules/@lmdb/lmdb-win32-x64
3495 silly ADD node_modules/@harperfast/extended-iterable
3496 silly ADD node_modules/string-width
3497 silly ADD node_modules/slice-ansi
3498 silly ADD node_modules/wrap-ansi
3499 silly ADD node_modules/rfdc
3500 silly ADD node_modules/log-update
3501 silly ADD node_modules/log-update/node_modules/string-width
3502 silly ADD node_modules/log-update/node_modules/wrap-ansi
3503 silly ADD node_modules/log-update/node_modules/slice-ansi
3504 silly ADD node_modules/eventemitter3
3505 silly ADD node_modules/cli-truncate
3506 silly ADD node_modules/safer-buffer
3507 silly ADD node_modules/proxy-agent-negotiate
3508 silly ADD node_modules/agent-base
3509 silly ADD node_modules/toidentifier
3510 silly ADD node_modules/setprototypeof
3511 silly ADD node_modules/inherits
3512 silly ADD node_modules/fast-string-truncated-width
3513 silly ADD node_modules/fast-string-width
3514 silly ADD node_modules/ip-address
3515 silly ADD node_modules/ms
3516 silly ADD node_modules/bytes
3517 silly ADD node_modules/negotiator
3518 silly ADD node_modules/type-is
3519 silly ADD node_modules/type-is/node_modules/content-type
3520 silly ADD node_modules/statuses
3521 silly ADD node_modules/serve-static
3522 silly ADD node_modules/send
3523 silly ADD node_modules/router
3524 silly ADD node_modules/range-parser
3525 silly ADD node_modules/qs
3526 silly ADD node_modules/proxy-addr
3527 silly ADD node_modules/parseurl
3528 silly ADD node_modules/once
3529 silly ADD node_modules/on-finished
3530 silly ADD node_modules/mime-types
3531 silly ADD node_modules/merge-descriptors
3532 silly ADD node_modules/http-errors
3533 silly ADD node_modules/fresh
3534 silly ADD node_modules/finalhandler
3535 silly ADD node_modules/etag
3536 silly ADD node_modules/escape-html
3537 silly ADD node_modules/encodeurl
3538 silly ADD node_modules/depd
3539 silly ADD node_modules/debug
3540 silly ADD node_modules/cookie-signature
3541 silly ADD node_modules/cookie
3542 silly ADD node_modules/content-disposition
3543 silly ADD node_modules/body-parser
3544 silly ADD node_modules/body-parser/node_modules/content-type
3545 silly ADD node_modules/accepts
3546 silly ADD node_modules/@esbuild/win32-x64
3547 silly ADD node_modules/entities
3548 silly ADD node_modules/domelementtype
3549 silly ADD node_modules/nth-check
3550 silly ADD node_modules/domutils
3551 silly ADD node_modules/boolbase
3552 silly ADD node_modules/which
3553 silly ADD node_modules/shebang-command
3554 silly ADD node_modules/path-key
3555 silly ADD node_modules/vary
3556 silly ADD node_modules/object-assign
3557 silly ADD node_modules/readdirp
3558 silly ADD node_modules/update-browserslist-db
3559 silly ADD node_modules/node-releases
3560 silly ADD node_modules/electron-to-chromium
3561 silly ADD node_modules/caniuse-lite
3562 silly ADD node_modules/baseline-browser-mapping
3563 silly ADD node_modules/postcss-safe-parser
3564 silly ADD node_modules/postcss-media-query-parser
3565 silly ADD node_modules/postcss
3566 silly ADD node_modules/picocolors
3567 silly ADD node_modules/htmlparser2
3568 silly ADD node_modules/htmlparser2/node_modules/entities
3569 silly ADD node_modules/domhandler
3570 silly ADD node_modules/dom-serializer
3571 silly ADD node_modules/css-what
3572 silly ADD node_modules/css-select
3573 silly ADD node_modules/require-from-string
3574 silly ADD node_modules/json-schema-traverse
3575 silly ADD node_modules/fast-uri
3576 silly ADD node_modules/fast-deep-equal
3577 silly ADD node_modules/zod-to-json-schema
3578 silly ADD node_modules/raw-body
3579 silly ADD node_modules/pkce-challenge
3580 silly ADD node_modules/json-schema-typed
3581 silly ADD node_modules/jose
3582 silly ADD node_modules/express-rate-limit
3583 silly ADD node_modules/express
3584 silly ADD node_modules/eventsource-parser
3585 silly ADD node_modules/eventsource
3586 silly ADD node_modules/cross-spawn
3587 silly ADD node_modules/cors
3588 silly ADD node_modules/content-type
3589 silly ADD node_modules/hono
3590 silly ADD node_modules/@hono/node-server
3591 silly ADD node_modules/listr2
3592 silly ADD node_modules/@jridgewell/resolve-uri
3593 silly ADD node_modules/iconv-lite
3594 silly ADD node_modules/chardet
3595 silly ADD node_modules/@inquirer/external-editor
3596 silly ADD node_modules/@inquirer/select
3597 silly ADD node_modules/@inquirer/search
3598 silly ADD node_modules/@inquirer/rawlist
3599 silly ADD node_modules/@inquirer/password
3600 silly ADD node_modules/@inquirer/number
3601 silly ADD node_modules/@inquirer/input
3602 silly ADD node_modules/@inquirer/expand
3603 silly ADD node_modules/@inquirer/editor
3604 silly ADD node_modules/@inquirer/checkbox
3605 silly ADD node_modules/signal-exit
3606 silly ADD node_modules/mute-stream
3607 silly ADD node_modules/fast-wrap-ansi
3608 silly ADD node_modules/cli-width
3609 silly ADD node_modules/@inquirer/figures
3610 silly ADD node_modules/@inquirer/ansi
3611 silly ADD node_modules/@inquirer/type
3612 silly ADD node_modules/@inquirer/core
3613 silly ADD node_modules/@babel/helper-string-parser
3614 silly ADD node_modules/@babel/helper-globals
3615 silly ADD node_modules/lru-cache
3616 silly ADD node_modules/@babel/helper-validator-option
3617 silly ADD node_modules/@babel/compat-data
3618 silly ADD node_modules/jsesc
3619 silly ADD node_modules/@types/jsesc
3620 silly ADD node_modules/js-tokens
3621 silly ADD node_modules/@babel/helper-validator-identifier
3622 silly ADD node_modules/obug
3623 silly ADD node_modules/json5
3624 silly ADD node_modules/import-meta-resolve
3625 silly ADD node_modules/gensync
3626 silly ADD node_modules/empathic
3627 silly ADD node_modules/@types/gensync
3628 silly ADD node_modules/@babel/types
3629 silly ADD node_modules/@babel/traverse
3630 silly ADD node_modules/@babel/template
3631 silly ADD node_modules/@babel/parser
3632 silly ADD node_modules/@babel/helpers
3633 silly ADD node_modules/@babel/helper-compilation-targets
3634 silly ADD node_modules/@babel/generator
3635 silly ADD node_modules/@babel/code-frame
3636 silly ADD node_modules/@standard-schema/spec
3637 silly ADD node_modules/reflect-metadata
3638 silly ADD node_modules/convert-source-map
3639 silly ADD node_modules/chokidar
3640 silly ADD node_modules/@jridgewell/sourcemap-codec
3641 silly ADD node_modules/ora
3642 silly ADD node_modules/zod
3643 silly ADD node_modules/yargs
3644 silly ADD node_modules/yargs/node_modules/string-width
3645 silly ADD node_modules/npm-package-arg
3646 silly ADD node_modules/@schematics/angular
3647 silly ADD node_modules/@modelcontextprotocol/sdk
3648 silly ADD node_modules/@listr2/prompt-adapter-inquirer
3649 silly ADD node_modules/@inquirer/prompts
3650 silly ADD node_modules/@angular-devkit/schematics
3651 silly ADD node_modules/source-map
3652 silly ADD node_modules/ajv-formats
3653 silly ADD node_modules/ajv
3654 silly ADD node_modules/@angular-devkit/core
3655 silly ADD node_modules/@jridgewell/trace-mapping
3656 silly ADD node_modules/@jridgewell/gen-mapping
3657 silly ADD node_modules/watchpack
3658 silly ADD node_modules/tinyglobby
3659 silly ADD node_modules/source-map-support
3660 silly ADD node_modules/source-map-support/node_modules/source-map
3661 silly ADD node_modules/semver
3662 silly ADD node_modules/sass
3663 silly ADD node_modules/rolldown
3664 silly ADD node_modules/rolldown/node_modules/@oxc-project/types
3665 silly ADD node_modules/piscina
3666 silly ADD node_modules/picomatch
3667 silly ADD node_modules/parse5-html-rewriting-stream
3668 silly ADD node_modules/parse5-html-rewriting-stream/node_modules/entities
3669 silly ADD node_modules/oxc-parser
3670 silly ADD node_modules/mrmime
3671 silly ADD node_modules/magic-string
3672 silly ADD node_modules/lmdb
3673 silly ADD node_modules/jsonc-parser
3674 silly ADD node_modules/https-proxy-agent
3675 silly ADD node_modules/esbuild
3676 silly ADD node_modules/browserslist
3677 silly ADD node_modules/beasties
3678 silly ADD node_modules/vite
3679 silly ADD node_modules/vite/node_modules/@rolldown/binding-win32-x64-msvc
3680 silly ADD node_modules/vite/node_modules/@oxc-project/types
3681 silly ADD node_modules/vite/node_modules/rolldown
3682 silly ADD node_modules/@vitejs/plugin-basic-ssl
3683 silly ADD node_modules/@inquirer/confirm
3684 silly ADD node_modules/@babel/helper-split-export-declaration
3685 silly ADD node_modules/@babel/helper-split-export-declaration/node_modules/@babel/helper-validator-identifier
3686 silly ADD node_modules/@babel/helper-split-export-declaration/node_modules/@babel/helper-string-parser
3687 silly ADD node_modules/@babel/helper-split-export-declaration/node_modules/@babel/types
3688 silly ADD node_modules/@babel/helper-annotate-as-pure
3689 silly ADD node_modules/@babel/core
3690 silly ADD node_modules/@babel/core/node_modules/convert-source-map
3691 silly ADD node_modules/@angular-devkit/architect
3692 silly ADD node_modules/@ampproject/remapping
3693 silly ADD node_modules/prettier
3694 silly ADD node_modules/@angular/router
3695 silly ADD node_modules/@angular/platform-browser
3696 silly ADD node_modules/@angular/forms
3697 silly ADD node_modules/@angular/core
3698 silly ADD node_modules/rxjs
3699 silly ADD node_modules/@angular/common
3700 silly ADD node_modules/@angular/cli
3701 silly ADD node_modules/@angular/cli/node_modules/listr2
3702 silly ADD node_modules/@angular/compiler-cli
3703 silly ADD node_modules/@angular/compiler
3704 silly ADD node_modules/typescript
3705 silly ADD node_modules/tslib
3706 silly ADD node_modules/@angular/build
3707 silly ADD node_modules/@angular/build/node_modules/listr2
3708 warn allow-scripts 4 packages have install scripts not yet covered by allowScripts:
3708 warn allow-scripts   esbuild@0.28.1 (postinstall: node install.js)
3708 warn allow-scripts   lmdb@3.5.6 (install: node-gyp-build-optional-packages)
3708 warn allow-scripts   msgpackr-extract@3.0.4 (install: node-gyp-build-optional-packages)
3708 warn allow-scripts   @parcel/watcher@2.6.0 (install: node scripts/build-from-source.js)
3708 warn allow-scripts
3708 warn allow-scripts Run `npm approve-scripts --allow-scripts-pending` to review, or `npm approve-scripts <pkg>` to allow.
3709 verbose cwd C:\Users\acer\Documents\Codex\2026-08-03\new-chat\outputs\gps-journey
3710 verbose os Windows_NT 10.0.26200
3711 verbose node v24.18.0
3712 verbose npm  v11.16.0
3713 notice
3713 notice New major version of npm available! 11.16.0 -> 12.0.2
3713 notice Changelog: https://github.com/npm/cli/releases/tag/v12.0.2
3713 notice To update run: npm install -g npm@12.0.2
3713 notice  { force: true, Symbol(proc-log.meta): true }
3714 verbose exit 0
3715 info ok
